scan_date,data_date,symbol,ib_action,conviction_level,position_size_pct,current_price,stop_loss_price,profit_target_price,daily_change_pct,volume,avg_volume_20d,conviction_reason,fundamental_score,fundamental_grade,market_cap,pe_ratio,forward_pe,peg_ratio,roe,roa,profit_margin,gross_margin,operating_margin,revenue_growth,earnings_growth,earnings_quarterly_growth,revenue_quarterly_growth,current_ratio,quick_ratio,debt_to_equity,total_debt_to_equity,free_cashflow,operating_cashflow,book_value,price_to_book,enterprise_to_revenue,enterprise_to_ebitda,target_mean_price,target_high_price,target_low_price,recommendation_mean,number_of_analyst_opinions,trend_strength,breakout_power,volume_surge,momentum_points,total_conviction_score
2025-08-21,253,HMY.AX,BUY,5,40,0.7900000214576721,0.7347000199556352,1.1850000321865082,21.53846929764636,951145,75544.65,"MAX conviction: 100, trend: 100, vol: 31.8x, daily: 21.5%",18,F,82205032,0.0,11.285714,0,-26.813,-1.30900005,-28.547,69.32800399999999,9.594999999999999,8.7,0.0,0.0,0,122.297,122.297,23.442719999999998,0,0,30790000,0.328,2.4085367,21.664,0.0,1.6140391,2.22876,0.99931806,1.0,2,100,25,31.78737454924621,25,100
2025-08-21,253,SUL.AX,BUY,5,40,18.56999969482422,17.270099716186525,27.854999542236328,12.34119130936766,1822067,387810.7,"MAX conviction: 100, trend: 100, vol: 5.7x, daily: 12.3%",40,C,4193588736,18.757576,16.433628,0,17.089,6.938,5.7150003,45.928000000000004,10.149,4.0,-9.5,-9.5,0,1.076,0.184,0.85592,0,333512512,545900032,5.784,3.2105808,1.182,10.232,14.50786,17.4,11.0,2.85714,14,100,25,5.6821724185891895,25,100
2025-08-21,253,SGP.AX,BUY,5,40,6.340000152587891,5.896200141906738,9.510000228881836,3.5947756722663815,13927536,5159460.25,"MAX conviction: 100, trend: 100, vol: 3.0x, daily: 3.6%",45,C,15214859264,33.368423,17.61111,0,4.4770002,2.309,14.713000000000001,21.346001,19.627,7.5,142.9,140.2,0,1.914,0.527,0.5610499999999999,0,-437875008,289000000,4.173,1.5192908,6.141,28.616,6.104,6.9,4.7,2.5,10,100,25,2.99580813799417,25,100
2025-08-21,253,DOW.AX,BUY,5,40,7.340000152587891,6.826200141906739,11.010000228881836,5.916310741779052,4274887,1122181.0,"MAX conviction: 100, trend: 100, vol: 4.5x, daily: 5.9%",5,F,4929353216,73.4,16.311111,0,3.757,2.9669999999999996,0.685,11.777999999999999,2.8269999,-6.2,5.4,5.800000000000001,0,1.043,0.872,0.7162099999999999,0,440249984,596000000,3.09,2.3754046,0.542,13.537,6.20778,7.0,5.4,2.66667,9,100,25,4.532914067462148,25,100
2025-08-21,253,BXB.AX,BUY,5,40,26.299999237060547,24.45899929046631,39.44999885559082,13.21566833973633,10533423,3542596.65,"MAX conviction: 100, trend: 100, vol: 3.3x, daily: 13.2%",40,C,35951833088,28.586956,25.047619,0,26.007998,9.1129996,12.016,34.028998,20.656,2.0,9.3,9.4,0,0.529,0.431,0.8512099999999999,0,400649984,1772499968,2.297,11.449717,5.099,18.05,22.373295,25.036095,17.820457,2.53333,15,100,25,3.340924833177334,25,100
2025-08-21,249,TJX,BUY,5,40,138.27000427246094,128.59110397338867,207.4050064086914,2.7113425105208755,13219000,5387455.0,"MAX conviction: 90, trend: 90, vol: 2.7x, daily: 2.7%",35,D,154256785408,32.61085,30.058697,0,60.356,12.751999999999999,8.4750004,30.482998,10.037,5.1,-1.0999999999999999,-3.2,0,1.163,0.452,1.5361600000000002,0,2886874880,5773000192,7.498,18.440918,2.79,21.445,145.94118,164.0,88.0,1.47619,17,90,25,2.6732701299121517,20,90
2025-08-21,249,TJX,BUY,5,40,138.27000427246094,128.59110397338867,207.4050064086914,2.7113425105208755,13219000,5387455.0,"MAX conviction: 90, trend: 90, vol: 2.7x, daily: 2.7%",35,D,154256785408,32.61085,30.058697,0,60.356,12.751999999999999,8.4750004,30.482998,10.037,5.1,-1.0999999999999999,-3.2,0,1.163,0.452,1.5361600000000002,0,2886874880,5773000192,7.498,18.440918,2.79,21.445,145.94118,164.0,88.0,1.47619,17,90,25,2.6732701299121517,20,90
2025-08-21,249,TJX,BUY,5,40,138.27000427246094,128.59110397338867,207.4050064086914,2.7113425105208755,13219000,5387455.0,"MAX conviction: 90, trend: 90, vol: 2.7x, daily: 2.7%",35,D,154256785408,32.61085,30.058697,0,60.356,12.751999999999999,8.4750004,30.482998,10.037,5.1,-1.0999999999999999,-3.2,0,1.163,0.452,1.5361600000000002,0,2886874880,5773000192,7.498,18.440918,2.79,21.445,145.94118,164.0,88.0,1.47619,17,90,25,2.6732701299121517,20,90
2025-08-21,253,PTM.AX,BUY,5,40,0.824999988079071,0.7672499889135361,1.2374999821186066,5.095536371550291,3077457,1938287.7,"MAX conviction: 90, trend: 100, vol: 1.7x, daily: 5.1%",45,C,480287744,16.5,11.785714,0,9.6549995,11.75,15.574999,49.603,39.472,-23.3,-55.300000000000004,-55.300000000000004,0,7.436,7.436,0.05789,0,71821000,50848000,0.358,2.304469,1.826,5.154,0.582,0.7,0.53,2.6,5,100,25,1.6912853101616039,25,90
2025-08-21,253,PFG.AX,BUY,5,40,0.2549999952316284,0.23714999556541444,0.3824999928474426,1.9999980926513672,159596,81869.15,"MAX conviction: 90, trend: 100, vol: 2.1x, daily: 2.0%",55,C,65955240,12.75,0,0,8.809000000000001,6.537,8.77,46.685,11.2679996,25.4,0.0,0.0,0,2.494,2.291,0.25661,0,3540349,5475093,0.23,1.1086956,1.624,8.123,0.0,0.0,0.0,0.0,0,100,15,2.0662524995355347,25,90
2025-08-21,253,PTM.AX,BUY,5,40,0.824999988079071,0.7672499889135361,1.2374999821186066,5.095536371550291,3077457,1938287.7,"MAX conviction: 90, trend: 100, vol: 1.7x, daily: 5.1%",45,C,480287744,16.5,11.785714,0,9.6549995,11.75,15.574999,49.603,39.472,-23.3,-55.300000000000004,-55.300000000000004,0,7.436,7.436,0.05789,0,71821000,50848000,0.358,2.304469,1.826,5.154,0.582,0.7,0.53,2.6,5,100,25,1.6912853101616039,25,90
2025-08-21,253,TCL.AX,BUY,4,35,14.770000457763672,13.736100425720215,22.155000686645508,3.2867151102090597,7330111,3739186.85,"HIGH conviction: 80, trend: 90, vol: 2.1x, daily: 3.3%",28,D,45910773760,738.50006,77.73685,0,0.0,0.0,4.721,53.873000000000005,24.006,-2.9000000000000004,0.0,84.39999999999999,0,0.0,0.0,0.0,0,0,0,3.303,4.4716926,0.0,0.0,14.18308,16.1,12.88,2.92308,13,90,15,2.064558382651145,20,80
2025-08-21,253,WOW.AX,BUY,4,35,33.61000061035156,31.257300567626956,50.415000915527344,2.657296540265497,3164610,1972334.25,"HIGH conviction: 80, trend: 90, vol: 1.6x, daily: 2.7%",30,D,41057976320,25.270676,23.17931,0,31.194,8.538,2.352,27.229,4.0359996,3.6999999999999997,0.0,0.0,0,0.61,0.201,3.3719900000000003,0,2209125120,3676000000,4.2,8.002381,0.815,9.575,32.75333,36.3,30.0,2.53333,15,90,25,1.6330848760232615,20,80
2025-08-21,253,WES.AX,BUY,4,35,94.76000213623047,88.12680198669435,142.1400032043457,2.476479815396204,2436559,1694628.85,"HIGH conviction: 80, trend: 100, vol: 1.5x, daily: 2.5%",35,D,107553554432,41.379913,36.03042,0,29.887000000000004,8.943,5.775,34.004003,9.421,3.5999999999999996,2.9000000000000004,2.9000000000000004,0,1.107,0.294,1.20606,0,2516875008,4271000064,7.906,11.985833,2.562,25.49,72.7313,90.3,58.0,3.91667,12,100,25,1.4974496803177528,25,80
2025-08-21,249,ADI,BUY,4,35,244.8699951171875,227.72909545898438,367.30499267578125,6.261930447362474,8527100,3595195.0,"HIGH conviction: 75, trend: 80, vol: 2.4x, daily: 6.3%",70,B,121516244992,66.72207,32.476128,0,5.213,2.994,18.652001000000002,58.757996999999996,25.745,22.3,87.1,88.5,0,2.077,1.397,0.20620000000000002,0,2982311936,3852131072,70.878,3.4548097,12.14,27.27,263.625,310.0,155.0,1.74286,32,80,15,2.394512931397602,20,75
2025-08-21,249,ADI,BUY,4,35,244.8699951171875,227.72909545898438,367.30499267578125,6.261930447362474,8527100,3595195.0,"HIGH conviction: 75, trend: 80, vol: 2.4x, daily: 6.3%",70,B,121516244992,66.72207,32.476128,0,5.213,2.994,18.652001000000002,58.757996999999996,25.745,22.3,87.1,88.5,0,2.077,1.397,0.20620000000000002,0,2982311936,3852131072,70.878,3.4548097,12.14,27.27,263.625,310.0,155.0,1.74286,32,80,15,2.394512931397602,20,75
2025-08-21,253,MAH.AX,BUY,4,35,0.41999998688697815,0.3905999878048897,0.6299999803304672,2.4390220854836775,4961345,2200405.0,"HIGH conviction: 75, trend: 100, vol: 2.4x, daily: 2.4%",60,B,905095808,14.0,8.4,0,11.1540005,5.552,3.04,74.366,5.863,16.8,166.79999999999998,163.2,0,1.16,1.016,0.6158,0,227052752,334003008,0.325,1.2923077,0.426,2.844,0.44,0.49,0.34,1.33333,3,100,0,2.385507795346415,25,75
2025-08-21,253,CMD.AX,BUY,4,35,0.02800000086426735,0.026040000803768636,0.042000001296401024,7.692308794464564,678379,305022.15,"HIGH conviction: 75, trend: 100, vol: 2.5x, daily: 7.7%",30,D,19438132,0.0,0,0,-186.03901000000002,-27.558002,0.0,100.0,-730.833,1764.0,0.0,0.0,0,0.375,0.375,0.28019,0,-1109160,-383502,0.001,28.0,130.865,0.0,0.0,0.0,0.0,0.0,0,100,0,2.45253489475176,25,75
2025-08-21,253,EHL.AX,BUY,4,35,0.9599999785423279,0.892799980044365,1.4399999678134918,1.587300085546861,1373036,584010.85,"HIGH conviction: 75, trend: 100, vol: 2.6x, daily: 1.6%",50,C,497640000,7.3846154,6.3999996,0,10.476,6.609,8.618,57.048,15.608,-10.9,72.8,73.1,0,1.725,1.416,0.52429,0,19137720,240372000,1.306,0.7350689,0.949,2.812,1.15333,1.23,1.05,1.33333,3,100,0,2.57798118198183,25,75
2025-08-21,249,ADM,BUY,4,35,60.72999954223633,56.47889957427979,91.09499931335449,2.1530677256017983,4484000,3457400.0,"HIGH conviction: 70, trend: 100, vol: 1.3x, daily: 2.2%",23,D,29178578944,26.404348,11.978303,0,4.82,1.8159999999999998,1.328,6.370000000000001,2.169,-4.9,-54.1,-54.900000000000006,0,1.423,0.363,0.46798,0,1703874944,5577999872,46.729,1.2996212,0.471,15.082,58.3,70.0,54.0,2.90909,10,100,15,1.3334602162560814,25,70
2025-08-21,253,FEX.AX,BUY,4,35,0.32499998807907104,0.3022499889135361,0.48749998211860657,0.0,5278532,1574284.0,"HIGH conviction: 70, trend: 100, vol: 3.7x, daily: 0.0%",33,D,241847120,16.25,3.095238,0,8.241999999999999,4.3649998000000005,5.113,12.275,2.638,3.2,-91.9,-91.5,0,1.609,1.234,0.30638000000000004,0,13136587,51418032,0.234,1.3888888,0.9,4.985,0.58,0.76,0.4,0.0,2,100,0,3.6829757510118353,20,70
2025-08-21,253,PMV.AX,BUY,4,35,22.700000762939453,21.11100070953369,34.05000114440918,1.2940692436498757,955697,274403.0,"HIGH conviction: 70, trend: 90, vol: 3.8x, daily: 1.3%",53,C,3629276160,19.912281,12.75281,0,18.105,7.513,12.262,62.876,27.181998,-1.4000000000000001,-33.800000000000004,-34.0,0,1.055,0.235,0.32701,0,538598272,359185984,4.909,4.62416,2.161,10.563,23.60154,29.5,16.0,0.0,13,90,0,3.8322144811808085,25,70
2025-08-21,253,RIC.AX,BUY,4,35,3.1600000858306885,2.9388000798225407,4.740000128746033,8.591065038702062,541785,392082.0,"HIGH conviction: 70, trend: 90, vol: 1.5x, daily: 8.6%",33,D,1184535424,26.333334,18.588236,0,12.485,6.1339997,3.1620000000000004,9.2180006,5.4279998,3.3000000000000003,-1.5,3.5000000000000004,0,1.176,0.728,0.3705,0,58279876,117778000,0.994,3.1790745,0.814,11.995,3.00075,3.15225,2.7,0.0,3,90,25,1.4615871554819195,20,70
2025-08-21,253,URW.AX,BUY,4,35,8.260000228881836,7.681800212860108,12.390000343322754,1.474200006115689,1266843,1087207.55,"HIGH conviction: 70, trend: 100, vol: 1.2x, daily: 1.5%",55,C,23729328128,17.208334,12.707693,0,4.8860002,2.6789999,21.365000000000002,67.27,65.330005,21.2,843.0999999999999,873.1,0,0.93,0.868,1.22413,0,1442837504,2209999872,107.073,0.07714363,7.542,11.505,6.6889844,6.6889844,6.6889844,3.0,1,100,15,1.2144581376310732,25,70
2025-08-21,253,CNI.AX,BUY,4,35,2.390000104904175,2.2227000975608826,3.585000157356262,-0.4166662527455345,4583630,1808829.55,"HIGH conviction: 70, trend: 100, vol: 2.8x, daily: -0.4%",25,D,1983920000,23.900002,18.384617,0,5.42,4.611,-0.575,88.92099999999999,61.551,21.3,0.0,0.0,0,0.706,0.693,0.9548000000000001,0,100305128,116729000,0.93,2.5698926,7.277,12.582,2.15983,2.51,1.85,2.55556,9,100,0,2.8085222983973526,20,70
2025-08-21,253,CNI.AX,BUY,4,35,2.390000104904175,2.2227000975608826,3.585000157356262,-0.4166662527455345,4583630,1808829.55,"HIGH conviction: 70, trend: 100, vol: 2.8x, daily: -0.4%",25,D,1983920000,23.900002,18.384617,0,5.42,4.611,-0.575,88.92099999999999,61.551,21.3,0.0,0.0,0,0.706,0.693,0.9548000000000001,0,100305128,116729000,0.93,2.5698926,7.277,12.582,2.15983,2.51,1.85,2.55556,9,100,0,2.8085222983973526,20,70
2025-08-21,253,SRG.AX,BUY,4,35,1.840000033378601,1.7112000310420992,2.7600000500679016,-0.5405400180747089,4350588,1473821.15,"HIGH conviction: 70, trend: 100, vol: 3.4x, daily: -0.5%",68,B,959249088,23.0,20.444445,0,13.614999999999998,6.2319998000000005,3.585,56.538999999999994,6.1680003999999995,25.900000000000002,26.5,48.9,0,1.07,0.988,0.32608,0,122621872,94850000,0.65,2.8307693,0.856,10.515,1.95,2.0,1.8,1.0,5,100,0,3.3830926782622632,20,70
2025-08-21,253,MGH.AX,BUY,3,30,4.349999904632568,4.045499911308289,6.5249998569488525,1.635506808242737,1884608,401978.25,"STANDARD conviction: 65, trend: 90, vol: 5.7x, daily: 1.6%",25,D,1578053888,20.714287,20.714287,0,9.8129995,3.871,7.742,50.93299999999999,8.906999,0.3,-8.799999999999999,-7.5,0,1.879,1.063,0.68499,0,4745000,28671000,2.323,1.8725785,2.227,13.591,4.79901,5.25,3.8,1.33333,6,90,0,5.656495562854336,20,65
2025-08-21,253,SEK.AX,BUY,3,30,28.700000762939453,26.691000709533693,43.05000114440918,1.0919386402102216,2171947,1229352.5,"STANDARD conviction: 65, trend: 100, vol: 1.9x, daily: 1.1%",23,D,10252214272,43.484848,50.35088,0,9.039,3.486,22.352,59.572,25.018,6.6000000000000005,0.0,0.0,0,0.699,0.632,0.46590000000000004,0,163375008,330000000,7.571,3.7907805,10.208,39.654,29.83,32.5,22.6,1.73333,15,100,0,1.878712889379127,25,65
2025-08-21,253,CNU.AX,BUY,3,30,8.640000343322754,8.035200319290162,12.96000051498413,1.052633340118736,1059365,458917.45,"STANDARD conviction: 65, trend: 90, vol: 2.4x, daily: 1.1%",0,F,3748783872,0.0,33.23077,0,-2.404,2.474,-1.8870000000000002,70.705,22.2,-0.6,0.0,0.0,0,0.365,0.357,5.86707,0,98717000,527000000,2.648,3.26284,5.897,9.456,6.862341,6.862341,6.862341,0.0,1,90,0,2.435058181056718,20,65
2025-08-21,249,WBA,BUY,3,30,12.199999809265137,11.345999822616578,18.299999713897705,0.9933765423590035,15353500,7671740.0,"STANDARD conviction: 60, trend: 90, vol: 2.1x, daily: 1.0%",0,F,10559844352,0.0,8.299319,0,-69.577,0.83,-4.074,17.126,0.74400003,7.199999999999999,0.0,0.0,0,0.605,0.15,4.09878,0,4522250240,1576999936,8.302,1.4695253,0.258,13.161,11.92727,15.0,11.0,2.84615,11,90,0,2.145686127632932,15,60
2025-08-21,249,MO,BUY,3,30,67.58000183105469,62.84940170288086,101.37000274658203,1.5324583982489148,8888700,8667140.0,"STANDARD conviction: 60, trend: 100, vol: 1.0x, daily: 1.5%",28,D,113526972416,13.071567,12.631776,0,0.0,23.014000000000003,43.373,71.731,62.571,0.2,-36.199999999999996,-37.5,0,0.388,0.225,0.0,0,7045499904,8876000256,-1.937,-34.889004,6.763,10.897,61.625,73.0,50.0,2.66667,12,100,15,1.0358202676396333,25,60
2025-08-21,253,MMI.AX,BUY,3,30,0.07699999958276749,0.07160999961197377,0.11549999937415123,6.944448468677966,11248109,10742559.35,"STANDARD conviction: 60, trend: 100, vol: 1.1x, daily: 6.9%",35,D,469555264,0.0,3.8500001,0,-87.034,7.811999999999999,-7.159,12.309000000000001,20.621000000000002,30.3,312.0,364.1,0,0.558,0.381,2.71153,0,28927624,46638000,0.007,11.0,1.679,14.856,0.135,0.17,0.1,1.0,2,100,15,1.0648422634373784,25,60
2025-08-21,253,BRG.AX,BUY,3,30,37.0,34.410000000000004,55.5,4.934775273100844,628535,423940.55,"STANDARD conviction: 60, trend: 90, vol: 1.5x, daily: 4.9%",63,B,5325854208,40.65934,35.2381,0,14.684,7.642,8.1429996,36.453998,14.506,10.100000000000001,14.899999999999999,16.1,0,2.032,1.167,0.25562999999999997,0,56849376,197016000,6.759,5.4741826,3.279,24.478,34.56821,39.8,21.0,2.28571,14,90,0,1.5468630330904432,25,60
2025-08-21,253,SCG.AX,BUY,3,30,4.010000228881836,3.7293002128601076,6.015000343322754,1.2626310670001972,8946967,8294987.0,"STANDARD conviction: 60, trend: 100, vol: 1.1x, daily: 1.3%",48,C,20886726656,20.050001,17.434784,0,5.8530003,3.031,39.808998,69.811994,65.22099999999999,8.0,2428.1,2432.9,0,0.374,0.215,0.92463,0,-231112496,1071200000,3.466,1.1569533,14.061,0.0,3.86485,4.34,3.18,0.0,11,100,15,1.0727725053351955,25,60
2025-08-21,249,HCA,BUY,3,30,410.17999267578125,381.4673931884766,615.2699890136719,1.8599891204065466,1639500,1491655.0,"STANDARD conviction: 55, trend: 90, vol: 1.1x, daily: 1.9%",63,B,95979659264,17.241697,16.707943,0,13631.683,11.844000000000001,8.213,40.890998,15.946999,6.4,23.5,13.100000000000001,0,0.976,0.721,0.0,0,5593999872,11934999552,-18.607,-22.044392,1.987,9.963,396.2857,444.0,333.0,2.0,21,90,15,1.1141465005810278,25,55
2025-08-21,253,WBC.AX,BUY,3,30,38.72999954223633,36.018899574279786,58.09499931335449,1.3078734135154813,6624039,4715209.8,"STANDARD conviction: 55, trend: 100, vol: 1.5x, daily: 1.3%",28,D,132394246144,19.760204,18.800972,0,9.624,0.6479999999999999,32.599000000000004,0.0,55.623999999999995,4.5,3.1,-3.2,0,0.0,0.0,0.0,0,0,-50517000192,21.067,1.8384203,11.061,0.0,30.16769,36.0,27.5,3.69231,13,100,0,1.4533406353909049,25,55
2025-08-21,253,CXO.AX,BUY,3,30,0.12999999523162842,0.12089999556541443,0.19499999284744263,8.333331781129004,13702037,11379069.5,"STANDARD conviction: 55, trend: 100, vol: 1.3x, daily: 8.3%",25,D,278592608,0.0,-21.311476,0,-21.084,-10.502,-108.105,-32.757999999999996,711.276,0.0,0.0,0.0,0,1.866,1.572,0.01344,0,-37773500,-53194000,0.112,1.1607141,4.019,-3.972,0.1075,0.15,0.07,2.5,4,100,0,1.2524093241576697,25,55
2025-08-21,253,A2M.AX,BUY,3,30,8.819999694824219,8.202599716186525,13.229999542236328,3.8869250012075307,3858512,2571466.75,"STANDARD conviction: 55, trend: 90, vol: 1.5x, daily: 3.9%",85,A,6385847296,35.28,32.666664,0,14.295,8.434,10.682,46.078,14.321,16.7,35.0,35.0,0,3.224,2.649,0.07041,0,151041504,201476992,2.004,4.4011974,2.7,19.111,8.218405,9.356009,7.2654214,2.27273,11,90,0,1.5464705231651226,20,55
2025-08-21,253,GWA.AX,BUY,3,30,2.549999952316284,2.3714999556541443,3.8249999284744263,-3.0418311271305787,1581493,350265.75,"STANDARD conviction: 55, trend: 90, vol: 5.4x, daily: -3.0%",60,B,676272704,15.9375,13.421053,0,14.279,7.284,10.366,40.512002,19.629999,0.5,43.3,41.699999999999996,0,1.573,0.784,0.56038,0,63634500,69151000,1.142,2.2329247,2.005,10.431,3.0,3.1,2.9,1.8,5,90,0,5.38846985007449,10,55
2025-08-21,253,WIN.AX,BUY,3,30,0.024000000208616257,0.02232000019401312,0.036000000312924385,-4.000000596046438,5273578,1585386.1,"STANDARD conviction: 55, trend: 80, vol: 3.9x, daily: -4.0%",25,D,13201392,0.0,0,0,-118.628,-70.123,0.0,0.0,-154384.25,0.0,0.0,0.0,0,2.651,2.536,0.00529,0,9842051,-4004634,0.027,0.8888889,509.535,-3.676,0.0,0.0,0.0,0.0,0,80,0,3.882074144568703,15,55
2025-08-21,253,CXO.AX,BUY,3,30,0.12999999523162842,0.12089999556541443,0.19499999284744263,8.333331781129004,13702037,11379069.5,"STANDARD conviction: 55, trend: 100, vol: 1.3x, daily: 8.3%",25,D,278592608,0.0,-21.311476,0,-21.084,-10.502,-108.105,-32.757999999999996,711.276,0.0,0.0,0.0,0,1.866,1.572,0.01344,0,-37773500,-53194000,0.112,1.1607141,4.019,-3.972,0.1075,0.15,0.07,2.5,4,100,0,1.2524093241576697,25,55
2025-08-21,249,PODD,BUY,2,25,333.0,309.69,499.5,1.6855957091995943,618600,715830.0,"LOW conviction: 50, trend: 90, vol: 0.9x, daily: 1.7%",55,C,23440701440,102.14724,86.04652,0,19.184999,7.753,10.005999000000001,70.176005,18.656999,32.9,-87.7,-88.1,0,2.257,1.55,0.9568000000000001,0,112662496,516200000,20.783,16.02271,10.052,49.85,353.3913,400.0,300.0,1.45833,23,90,15,0.8662894913735155,20,50
2025-08-21,249,ALL,BUY,2,25,213.6199951171875,198.66659545898438,320.42999267578125,1.5400656712503569,1720000,1527445.0,"LOW conviction: 50, trend: 90, vol: 1.1x, daily: 1.5%",63,B,56289935360,10.047977,11.225432,0,27.005000000000003,3.8310003000000004,8.7919995,24.591999,11.590999,5.800000000000001,586.7,537.2,0,0.444,0.294,0.33704999999999996,0,2785499904,8743000064,83.402,2.5613294,0.842,7.508,229.6842,275.0,157.0,1.86364,19,90,15,1.1252310158153835,20,50
2025-08-21,249,CBOE,BUY,2,25,251.92999267578125,234.29489318847658,377.8949890136719,2.3564732774983055,1498800,991095.0,"LOW conviction: 50, trend: 90, vol: 1.6x, daily: 2.4%",93,A,26349357056,29.569246,27.443354,0,20.737,8.9829996,19.875,48.744,30.354,20.5,67.80000000000001,67.5,0,1.568,0.817,0.34314,0,1037699968,-42300000,44.604,5.648148,5.845,18.532,247.4,265.0,217.0,3.0,15,90,0,1.5637830026762098,15,50
2025-08-21,249,LOW,BUY,2,25,257.1400146484375,239.1402136230469,385.71002197265625,0.3042710802956705,5223100,3144885.0,"LOW conviction: 50, trend: 90, vol: 1.7x, daily: 0.3%",28,D,144255549440,21.268818,20.359463,0,0.0,14.443,8.221,33.365002,11.9160004,-2.0,-4.6,-6.5,0,1.013,0.136,0.0,0,5662374912,8741999616,-25.413,-10.1184435,2.158,14.396,271.27585,300.0,221.0,2.0303,29,90,0,1.7406967986189337,15,50
2025-08-21,249,TOL,BUY,2,25,131.42999267578125,122.22989318847657,197.14498901367188,-0.5674081113316798,3506300,1533050.0,"LOW conviction: 50, trend: 90, vol: 2.4x, daily: -0.6%",53,C,12903927808,9.771747,8.989739,0,18.055001,8.3739996,12.948,26.728,16.781999,-3.5000000000000004,-23.1,-26.8,0,3.986,0.272,0.36783,0,420250240,800193984,76.872,1.7097251,1.429,7.925,145.375,183.0,92.0,1.82353,16,90,0,2.408586639189421,5,50
2025-08-21,249,LOW,BUY,2,25,257.1400146484375,239.1402136230469,385.71002197265625,0.3042710802956705,5223100,3144885.0,"LOW conviction: 50, trend: 90, vol: 1.7x, daily: 0.3%",28,D,144255549440,21.268818,20.359463,0,0.0,14.443,8.221,33.365002,11.9160004,-2.0,-4.6,-6.5,0,1.013,0.136,0.0,0,5662374912,8741999616,-25.413,-10.1184435,2.158,14.396,271.27585,300.0,221.0,2.0303,29,90,0,1.7406967986189337,15,50
2025-08-21,249,ALL,BUY,2,25,213.6199951171875,198.66659545898438,320.42999267578125,1.5400656712503569,1720000,1527445.0,"LOW conviction: 50, trend: 90, vol: 1.1x, daily: 1.5%",63,B,56289935360,10.047977,11.225432,0,27.005000000000003,3.8310003000000004,8.7919995,24.591999,11.590999,5.800000000000001,586.7,537.2,0,0.444,0.294,0.33704999999999996,0,2785499904,8743000064,83.402,2.5613294,0.842,7.508,229.6842,275.0,157.0,1.86364,19,90,15,1.1252310158153835,20,50
2025-08-21,253,NHF.AX,BUY,2,25,7.699999809265137,7.160999822616578,11.549999713897705,1.7173003257043407,906201,727388.6,"LOW conviction: 50, trend: 100, vol: 1.3x, daily: 1.7%",63,B,3750030848,23.333332,16.73913,0,15.314999000000002,7.89,4.532,12.629999999999999,7.0760004,8.0,-22.3,-22.0,0,2.356,2.353,0.29438,0,89946200,173800000,2.187,3.5208046,0.761,9.715,7.49091,8.3,5.6,0.0,11,100,0,1.2649870685157532,20,50
2025-08-21,253,AGY.AX,BUY,2,25,0.039000000804662704,0.03627000074833632,0.05850000120699406,5.405406221758269,13105252,7957161.2,"LOW conviction: 50, trend: 80, vol: 1.6x, daily: 5.4%",25,D,59900880,0.0,-0.055714287,0,-20.775999,-2.987,0.0,0.0,0.0,0.0,0.0,0.0,0,9.6,9.443,0.00203,0,-1961696,-1228296,0.057,0.68421054,0.0,-20.279,0.0,0.0,0.0,0.0,0,80,0,1.6266722447853232,20,50
2025-08-21,253,DTL.AX,BUY,2,25,8.09000015258789,7.523700141906739,12.135000228881836,2.4050639864153345,349583,347059.7,"LOW conviction: 50, trend: 90, vol: 1.0x, daily: 2.4%",55,C,1253205760,28.892859,23.794117,0,58.964000000000006,8.383001,5.5430003,10.2919996,6.616,-1.9,4.3,4.3,0,1.19,1.051,0.23843,0,43073124,56928000,0.506,15.988143,1.392,20.127,8.48605,9.7505,7.0,2.1,10,90,15,0.9993070829047862,20,50
2025-08-21,253,LOV.AX,BUY,2,25,35.470001220703125,32.98710113525391,53.20500183105469,1.0829326487968416,289836,158042.15,"LOW conviction: 50, trend: 90, vol: 1.9x, daily: 1.1%",48,C,3927096576,47.932434,30.84348,0,82.405,15.125,11.738,81.92199500000001,22.403000000000002,8.799999999999999,6.4,6.5,0,1.012,0.555,3.74872,0,140397872,177215008,0.947,37.45512,5.752,29.849,28.74067,35.0,22.87,2.8,15,90,0,1.927913761519151,15,50
2025-08-21,253,DTL.AX,BUY,2,25,8.09000015258789,7.523700141906739,12.135000228881836,2.4050639864153345,349583,347059.7,"LOW conviction: 50, trend: 90, vol: 1.0x, daily: 2.4%",55,C,1253205760,28.892859,23.794117,0,58.964000000000006,8.383001,5.5430003,10.2919996,6.616,-1.9,4.3,4.3,0,1.19,1.051,0.23843,0,43073124,56928000,0.506,15.988143,1.392,20.127,8.48605,9.7505,7.0,2.1,10,90,15,0.9993070829047862,20,50
2025-08-21,253,CLW.AX,BUY,2,25,4.570000171661377,4.250100159645081,6.855000257492065,0.0,2388108,1372201.7,"LOW conviction: 50, trend: 90, vol: 1.9x, daily: 0.0%",43,C,3264301056,26.882353,19.041668,0,3.5669997,3.5000000000000004,34.097,83.492,81.345004,172.3,0.0,0.0,0,0.983,0.955,0.4844,0,432974016,172107008,4.594,0.9947759,13.733,0.0,4.31125,4.62,3.62,3.0,8,90,0,1.859580821315875,15,50
2025-08-21,253,NHF.AX,BUY,2,25,7.699999809265137,7.160999822616578,11.549999713897705,1.7173003257043407,906201,727388.6,"LOW conviction: 50, trend: 100, vol: 1.3x, daily: 1.7%",63,B,3750030848,23.333332,16.73913,0,15.314999000000002,7.89,4.532,12.629999999999999,7.0760004,8.0,-22.3,-22.0,0,2.356,2.353,0.29438,0,89946200,173800000,2.187,3.5208046,0.761,9.715,7.49091,8.3,5.6,0.0,11,100,0,1.2649870685157532,20,50
2025-08-21,253,MMS.AX,BUY,2,25,18.459999084472656,17.16779914855957,27.689998626708984,1.707986074147838,217710,168151.1,"LOW conviction: 50, trend: 100, vol: 1.3x, daily: 1.7%",65,B,1285609728,14.2,12.306666,0,73.85300000000001,7.854,16.844,100.05999999999999,30.183,7.9,19.900000000000002,20.3,0,1.151,0.418,5.89976,0,134364128,-35035000,1.647,11.208257,3.315,8.306,18.10571,20.0,16.3,0.0,7,100,0,1.3378890346686003,20,50
2025-08-21,253,MMS.AX,BUY,2,25,18.459999084472656,17.16779914855957,27.689998626708984,1.707986074147838,217710,168151.1,"LOW conviction: 50, trend: 100, vol: 1.3x, daily: 1.7%",65,B,1285609728,14.2,12.306666,0,73.85300000000001,7.854,16.844,100.05999999999999,30.183,7.9,19.900000000000002,20.3,0,1.151,0.418,5.89976,0,134364128,-35035000,1.647,11.208257,3.315,8.306,18.10571,20.0,16.3,0.0,7,100,0,1.3378890346686003,20,50
2025-08-21,253,AGY.AX,BUY,2,25,0.039000000804662704,0.03627000074833632,0.05850000120699406,5.405406221758269,13105252,7957161.2,"LOW conviction: 50, trend: 80, vol: 1.6x, daily: 5.4%",25,D,59900880,0.0,-0.055714287,0,-20.775999,-2.987,0.0,0.0,0.0,0.0,0.0,0.0,0,9.6,9.443,0.00203,0,-1961696,-1228296,0.057,0.68421054,0.0,-20.279,0.0,0.0,0.0,0.0,0,80,0,1.6266722447853232,20,50
2025-08-21,249,TXN,BUY,2,25,200.77000427246094,186.71610397338867,301.1550064086914,2.4650412222481544,8105200,6657320.0,"LOW conviction: 45, trend: 80, vol: 1.0x, daily: 2.5%",70,B,182527442944,36.77106,34.144558,0,29.990998,10.406,30.231002,58.026999999999994,35.027,16.400000000000002,15.6,14.899999999999999,0,5.812,3.739,0.85612,0,-1568999936,6439000064,18.045,11.126074,11.467,25.464,205.72575,260.0,125.0,0.0,33,80,15,1.0404828337405942,20,45
2025-08-21,249,ABBV,BUY,2,25,209.14999389648438,194.50949432373048,313.72499084472656,1.4355649740676713,5781500,4998810.0,"LOW conviction: 45, trend: 100, vol: 1.2x, daily: 1.4%",33,D,369476009984,100.07177,17.242374,0,112.85399000000001,8.8690005,6.451,71.245,37.522,6.6000000000000005,-32.4,-31.5,0,0.736,0.48,0.0,0,20039749632,19282999296,-0.104,-2011.0576,7.434,15.446,214.76923,255.0,170.0,1.92593,26,100,0,1.1734416354100703,25,45
2025-08-21,249,EL,BUY,2,25,86.56999969482422,80.51009971618653,129.85499954223633,-3.67197390776014,12987900,4424365.0,"LOW conviction: 45, trend: 80, vol: 3.3x, daily: -3.7%",5,F,31143731200,0.0,32.06296,0,-15.976,3.877,-5.8909997,73.92800000000001,10.845,-9.9,-51.6,-51.800000000000004,0,1.414,0.891,2.1592599999999997,0,1570625024,1560000000,12.078,7.1675773,2.643,18.169,86.53043,120.0,56.2,2.65385,23,80,0,3.2827031200832058,5,45
2025-08-21,249,O,BUY,2,25,59.900001525878906,55.70700141906739,89.85000228881836,1.5082244190149918,6757700,4907255.0,"LOW conviction: 45, trend: 80, vol: 1.4x, daily: 1.5%",20,D,54766927872,58.155342,37.672955,0,2.358,2.173,16.721000999999998,92.65,43.083,5.4,-24.8,-24.099999999999998,0,1.504,1.04,0.73354,0,2443675392,3661616128,42.824,1.3987484,15.162,16.895,62.44737,75.0,58.0,2.52174,19,80,15,1.4218729452361039,10,45
2025-08-21,249,ABBV,BUY,2,25,209.14999389648438,194.50949432373048,313.72499084472656,1.4355649740676713,5781500,4998810.0,"LOW conviction: 45, trend: 100, vol: 1.2x, daily: 1.4%",33,D,369476009984,100.07177,17.242374,0,112.85399000000001,8.8690005,6.451,71.245,37.522,6.6000000000000005,-32.4,-31.5,0,0.736,0.48,0.0,0,20039749632,19282999296,-0.104,-2011.0576,7.434,15.446,214.76923,255.0,170.0,1.92593,26,100,0,1.1734416354100703,25,45
2025-08-21,249,TXN,BUY,2,25,200.77000427246094,186.71610397338867,301.1550064086914,2.4650412222481544,8105200,6657320.0,"LOW conviction: 45, trend: 80, vol: 1.0x, daily: 2.5%",70,B,182527442944,36.77106,34.144558,0,29.990998,10.406,30.231002,58.026999999999994,35.027,16.400000000000002,15.6,14.899999999999999,0,5.812,3.739,0.85612,0,-1568999936,6439000064,18.045,11.126074,11.467,25.464,205.72575,260.0,125.0,0.0,33,80,15,1.0404828337405942,20,45
2025-08-21,249,EL,BUY,2,25,86.56999969482422,80.51009971618653,129.85499954223633,-3.67197390776014,12987900,4424365.0,"LOW conviction: 45, trend: 80, vol: 3.3x, daily: -3.7%",5,F,31143731200,0.0,32.06296,0,-15.976,3.877,-5.8909997,73.92800000000001,10.845,-9.9,-51.6,-51.800000000000004,0,1.414,0.891,2.1592599999999997,0,1570625024,1560000000,12.078,7.1675773,2.643,18.169,86.53043,120.0,56.2,2.65385,23,80,0,3.2827031200832058,5,45
2025-08-21,253,ANZ.AX,BUY,2,25,33.91999816894531,31.54559829711914,50.87999725341797,1.526484058253308,6227797,5708215.15,"LOW conviction: 45, trend: 100, vol: 1.1x, daily: 1.5%",36,D,101208793088,15.210761,14.495727,0,9.558,0.569,32.084998,0.0,48.758,9.5,7.000000000000001,6.9,0,0.0,0.0,0.0,0,0,-25147000832,24.118,1.4064183,4.01,0.0,29.5138,34.65,26.39,3.0,13,100,0,1.0950158924020739,25,45
2025-08-21,253,IFL.AX,BUY,2,25,4.5,4.1850000000000005,6.75,-0.22173455375444906,7696343,3054416.65,"LOW conviction: 45, trend: 80, vol: 2.6x, daily: -0.2%",10,F,3018267136,0.0,12.499999,0,-7.1440004,2.19,-8.741,40.386,18.693,-20.5,0.0,0.0,0,3.133,2.816,0.57886,0,369137504,-66000000,3.041,1.4797765,2.044,20.37,4.53,4.8,3.9,3.0,5,80,0,2.601390295968981,5,45
2025-08-21,253,PPT.AX,BUY,2,25,21.670000076293945,20.15310007095337,32.50500011444092,-0.36781574117725757,325843,233372.6,"LOW conviction: 45, trend: 100, vol: 1.4x, daily: -0.4%",0,F,2485375744,0.0,11.588235,0,-24.47,2.308,-35.869,39.088002,9.120000000000001,3.2,-64.5,-65.2,0,0.757,0.49,0.55403,0,178387504,234500000,15.986,1.3555611,2.285,13.481,20.759,23.55,15.44,2.2,10,100,0,1.3904690336085954,15,45
2025-08-21,253,MIN.AX,BUY,2,25,36.869998931884766,34.28909900665283,55.30499839782715,4.477183268256124,1722085,3117540.0,"LOW conviction: 45, trend: 100, vol: 0.5x, daily: 4.5%",5,F,7245655552,0.0,12.249169,0,-31.479000000000003,-3.254,-24.400999000000002,76.667,-24.236,-8.9,0.0,0.0,0,1.191,0.725,1.5334200000000002,0,-3309449984,169000000,16.949,2.1753495,2.464,58.464,30.66667,58.0,14.6,3.4,15,100,0,0.5370965789369572,25,45
2025-08-21,253,RSG.AX,BUY,2,25,0.7250000238418579,0.6742500221729278,1.0875000357627869,5.072467586518958,4411455,6243183.0,"LOW conviction: 45, trend: 100, vol: 0.7x, daily: 5.1%",35,D,1544032512,0.0,5.1785717,0,-5.0679997,2.0650001000000002,-3.533,46.392,-7.388999999999999,52.400000000000006,0.0,0.0,0,1.027,0.427,0.09063,0,134041376,115006000,0.253,2.8656127,1.733,12.623,1.128,1.8,0.75,1.0,5,100,0,0.6989571971928172,25,45
2025-08-21,253,ALD.AX,BUY,2,25,30.020000457763672,27.918600425720218,45.03000068664551,1.2820549120792002,941601,899781.95,"LOW conviction: 45, trend: 100, vol: 1.0x, daily: 1.3%",0,F,7153826304,0.0,13.707763,0,-2.3120001,0.721,-0.43200003,6.731,0.76599997,-16.2,0.0,0.0,0,0.935,0.363,1.00753,0,524087488,1366700032,13.074,2.2961602,0.343,24.212,32.93889,36.5,28.5,1.88889,9,100,0,1.0308023018307668,25,45
2025-08-21,253,LYC.AX,BUY,2,25,14.609999656677246,13.58729968070984,21.91499948501587,4.50643873440455,6911851,6609962.6,"LOW conviction: 45, trend: 100, vol: 1.0x, daily: 4.5%",43,C,13666879488,292.19998,38.44737,0,2.236,0.954,10.528,21.942,5.207,8.3,-85.3,-85.2,0,3.603,2.511,0.08362,0,-512618880,79012000,2.509,5.8230367,26.832,243.178,10.25,13.25,5.5,2.71429,14,100,0,0.9964305982263917,25,45
2025-08-21,253,ORG.AX,BUY,2,25,13.069999694824219,12.155099716186523,19.604999542236328,1.160987752666487,3709120,3325471.8,"LOW conviction: 45, trend: 100, vol: 1.1x, daily: 1.2%",58,C,22516340736,15.197674,19.220587,0,15.251000000000001,3.6769999999999996,8.5760005,19.868,4.321,3.6999999999999997,15.4,15.4,0,1.15,0.889,0.48967,0,-1010499968,425000000,5.781,2.2608545,1.521,17.167,11.90833,13.7,10.0,2.58333,12,100,0,1.0936115016728414,25,45
2025-08-21,253,RMD.AX,BUY,2,25,45.13999938964844,41.98019943237305,67.70999908447266,1.142725317785298,778040,1180685.55,"LOW conviction: 45, trend: 100, vol: 0.7x, daily: 1.1%",88,A,66091728896,30.917807,28.75159,0,25.863000000000003,14.017999,27.217999999999996,59.986,33.87,10.2,30.3,29.9,0,3.44,2.159,0.14273,0,1207525632,1751587968,40.768,1.1072409,1.2,3.32,47.998646,52.725056,44.80502,0.0,13,100,0,0.6503990281297747,25,45
2025-08-21,253,HVN.AX,BUY,2,25,6.170000076293945,5.73810007095337,9.255000114440918,1.4802656861388819,766809,1045195.7,"LOW conviction: 45, trend: 100, vol: 0.7x, daily: 1.5%",53,C,7687881728,17.628572,17.13889,0,9.5010005,5.25,15.336001,30.856,25.361000999999998,0.8999999999999999,39.7,39.7,0,1.358,0.841,0.48223999999999995,0,278462016,637316992,3.75,1.6453334,3.402,12.675,5.5525,6.5,4.1,2.25,12,100,0,0.7174733109704104,25,45
2025-08-21,253,HSN.AX,BUY,2,25,5.599999904632568,5.207999911308288,8.399999856948853,0.0,1015158,470715.85,"LOW conviction: 45, trend: 80, vol: 2.3x, daily: 0.0%",20,D,1142651904,280.0,20.0,0,1.0240001,3.0299999,0.966,27.731,7.041,6.2,-99.7,-99.6,0,1.417,1.332,0.2701,0,54839500,39112000,1.684,3.3254156,3.493,86.75,6.525,7.3,4.6,1.5,8,80,0,2.2862072961000783,5,45
2025-08-21,253,ALL.AX,BUY,2,25,72.06999969482422,67.02509971618653,108.10499954223633,1.2503503594165188,1125325,1034172.85,"LOW conviction: 45, trend: 100, vol: 1.1x, daily: 1.3%",81,A,44751867904,41.41954,27.196226,0,16.941999,11.3620006,22.817999999999998,58.497,29.906,8.7,39.5,36.4,0,1.818,1.636,0.30431,0,1487425024,1881600000,11.494,6.270228,6.61,19.271,71.522,79.3,52.0,1.66667,15,100,0,1.091859929892759,25,45
2025-08-21,253,APA.AX,BUY,2,25,8.850000381469727,8.230500354766846,13.27500057220459,1.0273989753009305,3071909,2543263.65,"LOW conviction: 45, trend: 100, vol: 1.2x, daily: 1.0%",10,F,11544736768,0.0,40.227276,0,4.361000000000001,2.994,3.09,96.286005,27.227,2.3,0.0,0.0,0,1.564,1.295,5.296849999999999,0,294124992,1284000000,2.045,4.3276286,7.728,13.1,8.64029,9.3,7.60293,2.8,10,100,0,1.1969429203404656,25,45
2025-08-21,253,NWL.AX,BUY,2,25,35.790000915527344,33.284700851440434,53.685001373291016,-0.5833307902018192,746446,363245.55,"LOW conviction: 45, trend: 80, vol: 2.0x, daily: -0.6%",90,A,8769337344,87.29269,66.27778,0,65.17299399999999,44.553003000000004,35.388999999999996,65.902,50.848000000000006,26.0,46.0,46.6,0,5.322,4.982,0.08071999999999999,0,85266128,100145000,0.731,48.96033,30.229,59.2,31.9925,41.5,15.2,3.125,16,80,0,2.012156298033093,5,45
2025-08-21,253,BSL.AX,BUY,2,25,24.010000228881836,22.329300212860108,36.015000343322754,1.3080145821224631,2816326,1435852.85,"LOW conviction: 45, trend: 80, vol: 2.1x, daily: 1.3%",25,D,10531025920,141.23529,13.959302,0,1.591,2.8870001,0.514,37.213,5.032,-1.6,0.0,0.0,0,1.955,0.904,0.0786,0,-143887504,1412899968,24.322,0.98717207,0.677,8.404,24.83286,28.31,20.5,2.21429,14,80,0,2.088677146394833,5,45
2025-08-21,253,ALQ.AX,BUY,2,25,19.15999984741211,17.818799858093264,28.739999771118164,1.3756626144421746,955699,930310.4,"LOW conviction: 45, trend: 100, vol: 1.0x, daily: 1.4%",55,C,9717951488,36.150944,26.61111,0,20.787,7.79,8.542,29.622999999999998,16.18,23.9,0.0,0.0,0,1.525,1.159,1.6174199999999999,0,229050000,409600000,2.639,7.260326,3.669,17.869,17.76615,20.5,11.1,2.38462,13,100,0,1.0310061646832607,25,45
2025-08-21,253,FSA.AX,BUY,2,25,1.0800000429153442,1.0044000399112702,1.6200000643730164,7.462691347220374,925,20466.55,"LOW conviction: 45, trend: 100, vol: 0.0x, daily: 7.5%",60,B,135049680,12.0,8.307693,0,11.134,1.208,20.197001,89.045995,18.868999,1.6,58.699999999999996,59.0,0,89.955,87.416,8.65816,0,0,21744688,0.698,1.5472779,19.263,0.0,0.0,0.0,0.0,0.0,0,100,0,0.045044167632478545,25,45
2025-08-21,253,GPT.AX,BUY,2,25,5.550000190734863,5.161500177383423,8.325000286102295,1.462530230561665,5053663,4494358.6,"LOW conviction: 45, trend: 100, vol: 1.1x, daily: 1.5%",35,D,10631469056,27.75,16.818182,0,3.688,2.5339997999999997,35.481,60.931999999999995,63.791,15.1,0.0,0.0,0,0.93,0.277,0.5143800000000001,0,187424992,572499968,5.328,1.0416667,14.713,24.207,5.569,6.0,4.9,2.5,10,100,0,1.099041329134472,25,45
2025-08-21,253,SPL.AX,BUY,2,25,0.13500000536441803,0.12555000498890878,0.20250000804662704,3.8461617816837768,76291,346318.85,"LOW conviction: 45, trend: 100, vol: 0.2x, daily: 3.8%",25,D,56460376,0.0,-6.7500005,0,-43.464999999999996,-21.284,0.0,-138.24,-222.16702,-69.8,0.0,0.0,0,5.414,4.934,0.10680999999999999,0,-6325875,-11071000,0.055,2.4545455,8.791,-2.987,0.0,0.0,0.0,0.0,0,100,0,0.20336430362167113,25,45
2025-08-21,253,PPT.AX,BUY,2,25,21.670000076293945,20.15310007095337,32.50500011444092,-0.36781574117725757,325843,233372.6,"LOW conviction: 45, trend: 100, vol: 1.4x, daily: -0.4%",0,F,2485375744,0.0,11.588235,0,-24.47,2.308,-35.869,39.088002,9.120000000000001,3.2,-64.5,-65.2,0,0.757,0.49,0.55403,0,178387504,234500000,15.986,1.3555611,2.285,13.481,20.759,23.55,15.44,2.2,10,100,0,1.3904690336085954,15,45
2025-08-21,253,BSL.AX,BUY,2,25,24.010000228881836,22.329300212860108,36.015000343322754,1.3080145821224631,2816326,1435852.85,"LOW conviction: 45, trend: 80, vol: 2.1x, daily: 1.3%",25,D,10531025920,141.23529,13.959302,0,1.591,2.8870001,0.514,37.213,5.032,-1.6,0.0,0.0,0,1.955,0.904,0.0786,0,-143887504,1412899968,24.322,0.98717207,0.677,8.404,24.83286,28.31,20.5,2.21429,14,80,0,2.088677146394833,5,45
2025-08-21,253,LYC.AX,BUY,2,25,14.609999656677246,13.58729968070984,21.91499948501587,4.50643873440455,6911851,6609962.6,"LOW conviction: 45, trend: 100, vol: 1.0x, daily: 4.5%",43,C,13666879488,292.19998,38.44737,0,2.236,0.954,10.528,21.942,5.207,8.3,-85.3,-85.2,0,3.603,2.511,0.08362,0,-512618880,79012000,2.509,5.8230367,26.832,243.178,10.25,13.25,5.5,2.71429,14,100,0,0.9964305982263917,25,45
2025-08-21,249,REGN,BUY,2,25,591.010009765625,549.6393090820313,886.5150146484375,3.3631780550988033,1298500,993760.0,"LOW conviction: 42, trend: 65, vol: 1.3x, daily: 3.4%",65,B,62639378432,14.9019165,13.043698,0,15.336001,6.656,31.367,47.351003000000006,29.641000000000002,3.5999999999999996,3.2,-2.8000000000000003,0,4.598,3.567,0.09035,0,2850962432,4743499776,287.55,2.0553296,3.976,12.652,716.78046,890.0,543.0,1.8,23,65,15,1.3339976782173641,15,42
2025-08-21,249,REGN,BUY,2,25,591.010009765625,549.6393090820313,886.5150146484375,3.3631780550988033,1298500,993760.0,"LOW conviction: 42, trend: 65, vol: 1.3x, daily: 3.4%",65,B,62639378432,14.9019165,13.043698,0,15.336001,6.656,31.367,47.351003000000006,29.641000000000002,3.5999999999999996,3.2,-2.8000000000000003,0,4.598,3.567,0.09035,0,2850962432,4743499776,287.55,2.0553296,3.976,12.652,716.78046,890.0,543.0,1.8,23,65,15,1.3339976782173641,15,42
2025-08-21,249,FSLR,BUY,2,25,206.44000244140625,191.98920227050783,309.6600036621094,-2.1425882293375054,3043200,3358815.0,"LOW conviction: 40, trend: 100, vol: 0.9x, daily: -2.1%",73,B,22140276736,17.629377,9.896452,0,15.916,7.13,28.951,42.758998,32.958,8.6,-2.1999999999999997,-2.1,0,1.901,1.212,0.12486000000000001,0,-1397291648,298856992,79.686,2.5906684,5.077,11.935,215.55933,283.0,100.0,1.58824,30,100,0,0.9217977357919049,20,40
2025-08-21,249,JNJ,BUY,2,25,178.83999633789062,166.3211965942383,268.25999450683594,0.5849230980215836,9030000,8382805.0,"LOW conviction: 40, trend: 100, vol: 1.1x, daily: 0.6%",65,B,430707507200,19.14775,16.871696,0,30.212,7.61,25.004998,68.41199999999999,28.904999999999998,5.800000000000001,18.7,18.2,0,1.006,0.678,0.6468600000000001,0,11079499776,23028000768,32.605,5.4850483,5.104,15.29,174.92174,190.0,155.0,0.0,23,100,0,1.0671002820193602,20,40
2025-08-21,249,RMD,BUY,2,25,289.05999755859375,268.8257977294922,433.5899963378906,1.05579251973682,812500,1140865.0,"LOW conviction: 40, trend: 100, vol: 0.7x, daily: 1.1%",88,A,42322722816,30.395372,28.09135,0,25.863000000000003,14.017999,27.217999999999996,59.986,33.87,10.2,30.3,29.9,0,3.44,2.159,0.14273,0,1207525632,1751587968,40.768,7.0903645,8.154,22.557,291.85715,325.0,215.0,2.05556,14,100,0,0.7038989504325188,20,40
2025-08-21,249,ZBH,BUY,2,25,105.70999908447266,98.31029914855958,158.56499862670898,1.3421546914450744,1844200,1761225.0,"LOW conviction: 40, trend: 90, vol: 1.0x, daily: 1.3%",30,D,20940728320,25.782927,12.29186,0,6.529,4.359,10.512,71.248,19.521,7.000000000000001,-34.699999999999996,-37.1,0,1.872,0.803,0.61603,0,1293074944,1663000064,63.29,1.670248,3.589,10.861,110.91667,138.0,96.0,2.5,24,90,0,1.0422300399836109,25,40
2025-08-21,249,VTRS,BUY,2,25,10.649999618530273,9.904499645233155,15.97499942779541,-0.28090529764281946,6564700,9409655.0,"LOW conviction: 40, trend: 100, vol: 0.7x, daily: -0.3%",5,F,12416514048,0.0,3.9887638,0,-19.768,2.2969998,-24.570999,40.857,9.949,-5.7,0.0,0.0,0,1.37,0.618,0.94784,0,4905175040,2064400000,13.357,0.7973347,1.868,6.411,11.42857,14.0,8.0,2.55556,7,100,0,0.70144077069051,20,40
2025-08-21,249,AFL,BUY,2,25,107.9000015258789,100.34700141906738,161.85000228881836,1.4956297655907669,2684900,2534560.0,"LOW conviction: 40, trend: 70, vol: 1.1x, daily: 1.5%",25,D,57708265472,24.35666,15.048815,0,9.154,1.733,15.317,41.388999999999996,21.01,-19.0,-64.2,-65.9,0,1.219,1.111,0.55055,0,4043249920,2591000064,50.859,2.1215518,3.98,18.378,108.07692,124.0,99.0,2.92308,13,70,15,1.0805861542981563,20,40
2025-08-21,249,WRB,BUY,2,25,72.63999938964844,67.55519943237304,108.95999908447266,1.5092256398840265,1282000,1919150.0,"LOW conviction: 40, trend: 80, vol: 0.6x, daily: 1.5%",56,C,27551842304,16.50909,16.69885,0,20.580000000000002,3.733,12.324,43.54,16.590999,10.8,8.7,7.9,0,0.399,0.236,0.33219,0,3641584384,3498426880,24.499,2.965019,1.934,11.054,72.73333,86.0,56.0,2.5,15,80,15,0.6428981568079756,15,40
2025-08-21,249,HD,BUY,2,25,401.739990234375,373.6181909179688,602.6099853515625,-1.3408697959174543,4194200,3461945.0,"LOW conviction: 40, trend: 90, vol: 1.2x, daily: -1.3%",40,C,399702360064,27.329252,25.752563,0,193.95399,13.713999,8.863,33.348,14.478,4.9,-0.4,-0.2,0,1.147,0.281,5.74974,0,11005500416,17871998976,10.751,37.367683,2.769,17.851,434.34375,475.0,308.0,1.81081,32,90,0,1.2284810061699376,15,40
2025-08-21,249,GM,BUY,2,25,56.77000045776367,52.79610042572022,85.15500068664551,-0.5082385358355257,7257300,7323980.0,"LOW conviction: 40, trend: 100, vol: 0.9x, daily: -0.5%",10,F,54049468416,8.667175,5.370861,0,6.955,2.273,2.545,10.9689996,4.7010000000000005,-1.7999999999999998,-25.1,-35.4,0,1.218,0.965,2.00191,0,1409874944,23970000896,69.345,0.8186603,0.918,10.351,57.47074,80.0,38.0,2.27586,27,100,0,0.8803166922712554,20,40
2025-08-21,249,AZO,BUY,2,25,4158.10009765625,3867.0330908203127,6237.150146484375,0.709656422079008,121800,114545.0,"LOW conviction: 40, trend: 100, vol: 1.1x, daily: 0.7%",28,D,69559607296,28.1695,23.853258,0,0.0,12.982,13.563,52.948004000000005,19.402,5.4,-3.5999999999999996,-6.6000000000000005,0,0.844,0.093,0.0,0,1520323840,3234831872,-237.647,-17.49696,4.331,19.031,4158.826,4850.0,2900.0,1.60714,23,100,0,1.0627808559835958,20,40
2025-08-21,249,ROST,BUY,2,25,146.35000610351562,136.10550567626953,219.52500915527344,-1.0346218073966962,4965300,2798720.0,"LOW conviction: 40, trend: 80, vol: 1.9x, daily: -1.0%",45,C,47866843136,23.083597,21.875935,0,39.566,11.29,9.7950004,32.784,12.166,2.6,0.7000000000000001,-1.7999999999999998,0,1.55,0.894,0.8995000000000001,0,1145347072,2397782016,17.032,8.592649,2.31,16.074,153.76471,175.0,127.0,1.68421,17,80,0,1.8610848738361894,10,40
2025-08-21,249,LEN,BUY,2,25,130.32000732421875,121.19760681152344,195.48001098632812,-2.9273688460195513,3652300,3021370.0,"LOW conviction: 40, trend: 90, vol: 1.2x, daily: -2.9%",50,C,33566914560,10.797018,8.07435,0,13.258000000000001,7.256,9.205,20.584999,8.146,-4.3999999999999995,-47.5,-50.0,0,9.429,3.132,0.19683,0,9169506304,409688992,87.176,1.4949069,0.902,7.31,122.21429,159.0,95.0,2.57895,14,90,0,1.2232560320458716,15,40
2025-08-21,249,WMT,BUY,2,25,102.56999969482422,95.39009971618653,153.85499954223633,1.2636970754540178,18574100,15399300.0,"LOW conviction: 40, trend: 90, vol: 1.2x, daily: 1.3%",25,D,818551717888,43.833336,37.709557,0,21.783,7.151000000000001,2.7470000000000003,24.882,4.3080001999999995,2.5,-11.1,-12.1,0,0.78,0.185,0.7578,0,9960500224,37604999168,10.492,9.77602,1.291,20.693,110.94737,130.0,64.0,1.4,38,90,0,1.2418266132159486,15,40
2025-08-21,249,VZ,BUY,2,25,45.060001373291016,41.90580127716065,67.59000205993652,0.2670288167537116,20973100,16304365.0,"LOW conviction: 40, trend: 90, vol: 1.3x, daily: 0.3%",40,C,189987389440,10.47907,9.526427,0,18.454,5.204000000000001,13.28,59.485,23.284,5.2,8.3,8.9,0,0.637,0.497,1.6743899999999998,0,17947250688,37099999232,24.444,1.8433971,2.646,7.263,48.73938,58.0,42.0,2.26923,23,90,0,1.2770122452061274,15,40
2025-08-21,249,NEM,BUY,2,25,69.0,64.17,103.5,2.4042784396222983,7635600,10106565.0,"LOW conviction: 40, trend: 100, vol: 0.7x, daily: 2.4%",100,A,75793055744,12.5,18.015667,0,20.285,9.0679996,30.495,55.694,45.458,20.8,150.1,141.6,0,2.227,1.561,0.23560999999999999,0,9163750400,8574000128,29.166,2.3657684,3.737,7.033,72.11947,87.0,58.0,1.90476,19,100,0,0.7348961120457669,20,40
2025-08-21,249,JNJ,BUY,2,25,178.83999633789062,166.3211965942383,268.25999450683594,0.5849230980215836,9030000,8382805.0,"LOW conviction: 40, trend: 100, vol: 1.1x, daily: 0.6%",65,B,430707507200,19.14775,16.871696,0,30.212,7.61,25.004998,68.41199999999999,28.904999999999998,5.800000000000001,18.7,18.2,0,1.006,0.678,0.6468600000000001,0,11079499776,23028000768,32.605,5.4850483,5.104,15.29,174.92174,190.0,155.0,0.0,23,100,0,1.0671002820193602,20,40
2025-08-21,249,HD,BUY,2,25,401.739990234375,373.6181909179688,602.6099853515625,-1.3408697959174543,4194200,3461945.0,"LOW conviction: 40, trend: 90, vol: 1.2x, daily: -1.3%",40,C,399702360064,27.329252,25.752563,0,193.95399,13.713999,8.863,33.348,14.478,4.9,-0.4,-0.2,0,1.147,0.281,5.74974,0,11005500416,17871998976,10.751,37.367683,2.769,17.851,434.34375,475.0,308.0,1.81081,32,90,0,1.2284810061699376,15,40
2025-08-21,249,WMT,BUY,2,25,102.56999969482422,95.39009971618653,153.85499954223633,1.2636970754540178,18574100,15399300.0,"LOW conviction: 40, trend: 90, vol: 1.2x, daily: 1.3%",25,D,818551717888,43.833336,37.709557,0,21.783,7.151000000000001,2.7470000000000003,24.882,4.3080001999999995,2.5,-11.1,-12.1,0,0.78,0.185,0.7578,0,9960500224,37604999168,10.492,9.77602,1.291,20.693,110.94737,130.0,64.0,1.4,38,90,0,1.2418266132159486,15,40
2025-08-21,249,VZ,BUY,2,25,45.060001373291016,41.90580127716065,67.59000205993652,0.2670288167537116,20973100,16304365.0,"LOW conviction: 40, trend: 90, vol: 1.3x, daily: 0.3%",40,C,189987389440,10.47907,9.526427,0,18.454,5.204000000000001,13.28,59.485,23.284,5.2,8.3,8.9,0,0.637,0.497,1.6743899999999998,0,17947250688,37099999232,24.444,1.8433971,2.646,7.263,48.73938,58.0,42.0,2.26923,23,90,0,1.2770122452061274,15,40
2025-08-21,249,GM,BUY,2,25,56.77000045776367,52.79610042572022,85.15500068664551,-0.5082385358355257,7257300,7323980.0,"LOW conviction: 40, trend: 100, vol: 0.9x, daily: -0.5%",10,F,54049468416,8.667175,5.370861,0,6.955,2.273,2.545,10.9689996,4.7010000000000005,-1.7999999999999998,-25.1,-35.4,0,1.218,0.965,2.00191,0,1409874944,23970000896,69.345,0.8186603,0.918,10.351,57.47074,80.0,38.0,2.27586,27,100,0,0.8803166922712554,20,40
2025-08-21,249,AZO,BUY,2,25,4158.10009765625,3867.0330908203127,6237.150146484375,0.709656422079008,121800,114545.0,"LOW conviction: 40, trend: 100, vol: 1.1x, daily: 0.7%",28,D,69559607296,28.1695,23.853258,0,0.0,12.982,13.563,52.948004000000005,19.402,5.4,-3.5999999999999996,-6.6000000000000005,0,0.844,0.093,0.0,0,1520323840,3234831872,-237.647,-17.49696,4.331,19.031,4158.826,4850.0,2900.0,1.60714,23,100,0,1.0627808559835958,20,40
2025-08-21,249,ROST,BUY,2,25,146.35000610351562,136.10550567626953,219.52500915527344,-1.0346218073966962,4965300,2798720.0,"LOW conviction: 40, trend: 80, vol: 1.9x, daily: -1.0%",45,C,47866843136,23.083597,21.875935,0,39.566,11.29,9.7950004,32.784,12.166,2.6,0.7000000000000001,-1.7999999999999998,0,1.55,0.894,0.8995000000000001,0,1145347072,2397782016,17.032,8.592649,2.31,16.074,153.76471,175.0,127.0,1.68421,17,80,0,1.8610848738361894,10,40
2025-08-21,249,AFL,BUY,2,25,107.9000015258789,100.34700141906738,161.85000228881836,1.4956297655907669,2684900,2534560.0,"LOW conviction: 40, trend: 70, vol: 1.1x, daily: 1.5%",25,D,57708265472,24.35666,15.048815,0,9.154,1.733,15.317,41.388999999999996,21.01,-19.0,-64.2,-65.9,0,1.219,1.111,0.55055,0,4043249920,2591000064,50.859,2.1215518,3.98,18.378,108.07692,124.0,99.0,2.92308,13,70,15,1.0805861542981563,20,40
2025-08-21,253,BEN.AX,BUY,2,25,13.050000190734863,12.136500177383423,19.575000286102295,2.5943389683838136,1208364,830283.75,"LOW conviction: 40, trend: 80, vol: 1.5x, daily: 2.6%",28,D,7412100096,16.518988,14.500001,0,6.800000000000001,0.475,25.008999999999997,0.0,33.382,6.2,-18.5,-23.200000000000003,0,0.0,0.0,0.0,0,0,-4115000064,12.52,1.0423323,7.587,0.0,10.93917,12.8,9.17,3.16667,12,80,0,1.4840607021508652,20,40
2025-08-21,253,CCP.AX,BUY,2,25,16.0,14.88,24.0,-0.8674064122841774,595037,416161.1,"LOW conviction: 40, trend: 70, vol: 1.5x, daily: -0.9%",48,C,1089072000,11.678832,10.191082,0,10.967,6.9120004999999995,21.044001,87.714994,31.002999999999997,-5.1,-19.6,-20.5,0,5.78,5.694,0.47674,0,0,52565000,13.079,1.223335,3.279,0.0,20.60426,26.35,17.3,0.0,7,70,0,1.517194094682833,15,40
2025-08-21,253,ROC.AX,BUY,2,25,0.125,0.11625,0.1875,0.0,630562,549641.45,"LOW conviction: 40, trend: 100, vol: 1.2x, daily: 0.0%",8,F,21414124,0.0,0,0,0.0,-263.06,0.0,-284.746,-202.441,-13.4,0.0,0.0,0,0.472,0.389,0.0,0,-1673330,-2884387,-0.007,-17.857141,21.552,-4.349,0.0,0.0,0.0,0.0,0,100,0,1.1920506264503352,20,40
2025-08-21,253,PNR.AX,BUY,2,25,4.269999980926514,3.971099982261658,6.4049999713897705,2.3980792039083765,757222,1617997.55,"LOW conviction: 40, trend: 100, vol: 0.5x, daily: 2.4%",35,D,1681487616,0.0,213.5,0,-6.934,-1.595,-9.3030006,0.70999996,3.314,63.6,0.0,0.0,0,1.478,1.272,0.15134,0,9964518,84961960,1.119,3.8159072,5.332,25.77,3.82,4.5,3.15,1.4,5,100,0,0.453396007782114,20,40
2025-08-21,253,WAF.AX,BUY,2,25,2.700000047683716,2.511000044345856,4.050000071525574,2.6615943040625423,2886382,4174468.55,"LOW conviction: 40, trend: 100, vol: 0.7x, daily: 2.7%",86,A,3077892352,12.857143,10.0,0,22.185,12.903999999999998,30.664,48.259,47.615,9.700000000000001,78.3,95.3,0,3.33,2.596,0.32421,0,-70938000,251640000,1.094,2.4680073,4.245,7.735,3.95,5.0,3.4,1.25,4,100,0,0.6891712833161322,20,40
2025-08-21,253,PLS.AX,BUY,2,25,2.2100000381469727,2.0553000354766846,3.315000057220459,5.238101833802267,36357249,59052281.6,"LOW conviction: 40, trend: 90, vol: 0.6x, daily: 5.2%",25,D,7111868416,0.0,24.555555,0,-1.023,-0.037,-3.5380002,15.98,-9.6269995,-43.8,0.0,0.0,0,7.075,6.288,0.19957,0,-944778496,-80983000,1.055,2.094787,6.275,97.456,1.98235,2.8,1.1,2.35294,17,90,0,0.580251441431058,25,40
2025-08-21,253,WHC.AX,BUY,2,25,6.630000114440918,6.165900106430054,9.945000171661377,3.1104244392176073,8198014,4567517.1,"LOW conviction: 40, trend: 80, vol: 1.9x, daily: 3.1%",28,D,5518971392,31.57143,7.8928576,0,3.338,6.145,3.068,43.537,14.597999999999999,115.7,-70.19999999999999,-70.19999999999999,0,0.808,0.612,0.39647,0,2708573952,1508000000,6.503,1.0195295,1.119,2.697,7.233,9.0,6.1,2.2,15,80,0,1.8579484356732063,10,40
2025-08-21,253,CSC.AX,BUY,2,25,10.170000076293945,9.45810007095337,15.255000114440918,1.8018048978957424,509389,663884.6,"LOW conviction: 40, trend: 100, vol: 0.7x, daily: 1.8%",28,D,7781646848,67.799995,14.616269,0,2.717,2.48,3.8900003,37.278998,16.479999,38.2,-22.900000000000002,-18.3,0,1.11,0.698,0.45767,0,54658000,611632000,4.037,2.5191972,4.799,19.664,11.91667,12.5,11.0,1.16667,6,100,0,0.7283195158386465,20,40
2025-08-21,253,ZIP.AX,BUY,2,25,3.119999885559082,2.9015998935699465,4.679999828338623,2.6315764707210976,31855698,14525348.75,"LOW conviction: 40, trend: 60, vol: 2.3x, daily: 2.6%",25,D,4027389184,0.0,31.199999,0,-7.806,6.552,-4.8720002,100.0,35.952,19.7,-74.3,-68.5,0,2.6,2.324,3.29951,0,174504496,254196992,0.544,5.7352934,6.425,15.185,3.38444,4.31,2.1,1.66667,9,60,0,2.301576192566677,10,40
2025-08-21,253,SPK.AX,BUY,2,25,2.319999933242798,2.157599937915802,3.4799998998641968,-2.1097027312509398,3462698,1688945.8,"LOW conviction: 40, trend: 80, vol: 2.2x, daily: -2.1%",40,C,4383222272,23.199999,12.210526,0,16.206,6.318,6.98,30.040001999999998,12.43,0.0,0.0,0.0,0,1.349,0.87,1.5927600000000002,0,-33250000,680000000,0.805,2.8819876,1.843,8.581,3.15,3.3,3.0,2.0,2,80,0,2.1738032233916353,0,40
2025-08-21,253,BBN.AX,BUY,2,25,2.4000000953674316,2.2320000886917115,3.6000001430511475,-1.2345666899427288,419501,431765.0,"LOW conviction: 40, trend: 100, vol: 1.0x, daily: -1.2%",10,F,323808000,34.285717,18.46154,0,8.944,4.21,1.8270000000000002,40.171,4.501,7.1,0.0,0.0,0,1.219,0.19,1.4773500000000002,0,34529248,51891000,0.835,2.8742516,0.923,16.524,2.74,3.04,2.4,2.33333,6,100,0,1.0119851809054894,20,40
2025-08-21,253,GOZ.AX,BUY,2,25,2.4600000381469727,2.2878000354766845,3.690000057220459,2.07468674421436,813590,402521.8,"LOW conviction: 40, trend: 70, vol: 2.2x, daily: 2.1%",0,F,1855585408,0.0,11.714286,0,-5.037,2.9830001,-38.162,78.652,65.569997,1.6,0.0,0.0,0,0.572,0.49,0.7951900000000001,0,95625000,112100000,3.096,0.79457366,11.103,16.59,2.684,3.09,2.38,2.0,5,70,0,2.1677896759879305,5,40
2025-08-21,253,MND.AX,BUY,2,25,20.780000686645508,19.325400638580323,31.17000102996826,-1.9348741721508578,307834,270500.0,"LOW conviction: 40, trend: 100, vol: 1.1x, daily: -1.9%",83,A,2063005184,24.738096,26.303797,0,17.385,6.819,3.871,7.543000599999999,4.147,12.4,26.900000000000002,28.299999999999997,0,1.575,1.57,0.16129000000000002,0,52438468,81039000,5.037,4.1254716,0.91,15.368,19.42643,24.4,15.95,2.71429,14,100,0,1.1471789520757247,20,40
2025-08-21,253,ORA.AX,BUY,2,25,2.309999942779541,2.1482999467849733,3.4649999141693115,0.0,2861390,4141160.6,"LOW conviction: 40, trend: 100, vol: 0.6x, daily: 0.0%",35,D,2959941632,46.199997,13.588235,0,2.654,3.0220000000000002,46.555,23.093,21.188000000000002,0.6,-42.3,-44.0,0,1.416,0.642,0.22554,0,394787488,372700000,2.263,1.0207689,1.604,8.724,2.48284,3.0,2.2,2.08333,12,100,0,0.6397718581768357,20,40
2025-08-21,253,GMG.AX,BUY,2,25,35.619998931884766,33.12659900665283,53.42999839782715,-1.4388502118033109,4940472,2557864.8,"LOW conviction: 40, trend: 80, vol: 2.0x, daily: -1.4%",43,C,72349556736,75.78723,26.0,0,5.051,2.734,31.746997999999998,68.178004,50.83800000000001,724.3000000000001,0.0,0.0,0,2.415,1.222,0.31216,0,-828200000,1191100032,9.894,3.6001616,25.335,66.234,36.94636,40.47,28.0,2.0,11,80,0,2.038447890861859,0,40
2025-08-21,253,CHC.AX,BUY,2,25,22.8700008392334,21.26910078048706,34.3050012588501,0.21911106519656443,1025707,1001150.75,"LOW conviction: 40, trend: 100, vol: 1.0x, daily: 0.2%",45,C,10817441792,381.1667,27.226192,0,1.0140000999999998,5.583,-26.674998,68.422997,60.86,-8.0,142.6,141.5,0,2.332,2.023,0.19259,0,111436960,330900000,5.838,3.9174378,19.257,38.287,19.274,23.8,15.0,3.0,10,100,0,1.0259775502800088,20,40
2025-08-21,253,GOZ.AX,BUY,2,25,2.4600000381469727,2.2878000354766845,3.690000057220459,2.07468674421436,813590,402521.8,"LOW conviction: 40, trend: 70, vol: 2.2x, daily: 2.1%",0,F,1855585408,0.0,11.714286,0,-5.037,2.9830001,-38.162,78.652,65.569997,1.6,0.0,0.0,0,0.572,0.49,0.7951900000000001,0,95625000,112100000,3.096,0.79457366,11.103,16.59,2.684,3.09,2.38,2.0,5,70,0,2.1677896759879305,5,40
2025-08-21,253,NSR.AX,BUY,2,25,2.509999990463257,2.334299991130829,3.7649999856948853,2.868849655788064,6055660,4216292.8,"LOW conviction: 40, trend: 90, vol: 1.5x, daily: 2.9%",31,D,3492514304,14.764706,27.888887,0,6.8720005,2.691,5.874,87.254,58.879000000000005,8.799999999999999,-45.800000000000004,-43.1,0,0.187,0.148,0.47962000000000005,0,89574752,193016992,0.229,10.960698,22.262,37.197,2.532,2.8,2.3,0.0,10,90,0,1.4824813366945149,15,40
2025-08-21,253,SRV.AX,BUY,2,25,6.860000133514404,6.379800124168396,10.290000200271606,0.8823520749498215,76853,75483.6,"LOW conviction: 40, trend: 100, vol: 1.0x, daily: 0.9%",48,C,679880256,12.9433975,11.627119,0,24.811000999999997,6.5799996,15.183,64.435995,21.972,14.799999999999999,-6.2,-4.2,0,0.856,0.831,1.55476,0,172226624,191835008,2.361,2.9055486,2.569,9.696,7.2,7.2,7.2,1.0,1,100,0,1.0359466882340056,20,40
2025-08-21,253,WLE.AX,BUY,2,25,1.350000023841858,1.255500022172928,2.025000035762787,1.5037579158775127,985397,1090606.8,"LOW conviction: 40, trend: 100, vol: 0.9x, daily: 1.5%",18,F,1854184448,27.0,0,0,0.0,0.0,0.0,0.0,0.0,0.0,0.0,0.0,0,0.0,0.0,0.0,0,0,0,0.0,0.0,0.0,0.0,0.0,0.0,0.0,0.0,0,100,0,0.9063343712582782,20,40
2025-08-21,253,MQG.AX,BUY,2,25,223.50999450683594,207.86429489135745,335.2649917602539,1.826876768490182,827238,555380.45,"LOW conviction: 40, trend: 70, vol: 1.4x, daily: 1.8%",38,D,86088450048,20.356102,18.989803,0,13.202,0.971,23.288,0.0,25.198999999999998,-8.200000000000001,-37.4,-38.6,0,0.0,0.0,0.0,0,0,-32081000448,88.734,2.5188766,8.989,0.0,205.13083,240.0,177.0,2.66667,12,70,15,1.4029591037212663,10,40
2025-08-21,253,RFF.AX,BUY,2,25,1.9500000476837158,1.8135000443458558,2.9250000715255737,1.8276807586367294,780448,573262.55,"LOW conviction: 40, trend: 90, vol: 1.4x, daily: 1.8%",35,D,759959872,15.000001,16.25,0,4.625,1.9369999999999998,39.831,72.683996,48.069,17.1,-74.4,-74.2,0,0.912,0.454,0.74054,0,-48752376,34286000,2.749,0.70934886,12.461,20.597,2.20234,2.51199,1.89,0.0,5,90,0,1.3855901627018483,15,40
2025-08-21,253,ORA.AX,BUY,2,25,2.309999942779541,2.1482999467849733,3.4649999141693115,0.0,2861390,4141160.6,"LOW conviction: 40, trend: 100, vol: 0.6x, daily: 0.0%",35,D,2959941632,46.199997,13.588235,0,2.654,3.0220000000000002,46.555,23.093,21.188000000000002,0.6,-42.3,-44.0,0,1.416,0.642,0.22554,0,394787488,372700000,2.263,1.0207689,1.604,8.724,2.48284,3.0,2.2,2.08333,12,100,0,0.6397718581768357,20,40
2025-08-21,253,PLS.AX,BUY,2,25,2.2100000381469727,2.0553000354766846,3.315000057220459,5.238101833802267,36357249,59052281.6,"LOW conviction: 40, trend: 90, vol: 0.6x, daily: 5.2%",25,D,7111868416,0.0,24.555555,0,-1.023,-0.037,-3.5380002,15.98,-9.6269995,-43.8,0.0,0.0,0,7.075,6.288,0.19957,0,-944778496,-80983000,1.055,2.094787,6.275,97.456,1.98235,2.8,1.1,2.35294,17,90,0,0.580251441431058,25,40
2025-08-21,253,WAF.AX,BUY,2,25,2.700000047683716,2.511000044345856,4.050000071525574,2.6615943040625423,2886382,4174468.55,"LOW conviction: 40, trend: 100, vol: 0.7x, daily: 2.7%",86,A,3077892352,12.857143,10.0,0,22.185,12.903999999999998,30.664,48.259,47.615,9.700000000000001,78.3,95.3,0,3.33,2.596,0.32421,0,-70938000,251640000,1.094,2.4680073,4.245,7.735,3.95,5.0,3.4,1.25,4,100,0,0.6891712833161322,20,40
2025-08-21,253,ROC.AX,BUY,2,25,0.125,0.11625,0.1875,0.0,630562,549641.45,"LOW conviction: 40, trend: 100, vol: 1.2x, daily: 0.0%",8,F,21414124,0.0,0,0,0.0,-263.06,0.0,-284.746,-202.441,-13.4,0.0,0.0,0,0.472,0.389,0.0,0,-1673330,-2884387,-0.007,-17.857141,21.552,-4.349,0.0,0.0,0.0,0.0,0,100,0,1.1920506264503352,20,40
