date,portfolio_value,cash,positions,total_value
2020-01-02 09:30:00-05:00,100000.0,100000.0,0,100000.0
2020-01-03 09:30:00-05:00,99623.5,84874.74042129517,1,99623.5
2020-01-06 09:30:00-05:00,99184.71004867554,47721.727085113525,4,99184.71004867554
2020-01-07 09:30:00-05:00,99855.19395446777,40606.20682144165,5,99855.19395446777
2020-01-08 09:30:00-05:00,99665.68940353394,29317.266796112057,7,99665.68940353394
2020-01-09 09:30:00-05:00,100778.31057357788,16181.4969291687,10,100778.31057357788
2020-01-10 09:30:00-05:00,101126.69286727905,16181.4969291687,10,101126.69286727905
2020-01-13 09:30:00-05:00,100621.49718475342,16181.4969291687,10,100621.49718475342
2020-01-14 09:30:00-05:00,100399.5922164917,16181.4969291687,10,100399.5922164917
2020-01-15 09:30:00-05:00,100402.63989257812,16181.4969291687,10,100402.63989257812
2020-01-16 09:30:00-05:00,100294.55596923828,16181.4969291687,10,100294.55596923828
2020-01-17 09:30:00-05:00,101278.6626586914,28142.456768035885,9,101278.6626586914
2020-01-21 09:30:00-05:00,101113.42977142334,15743.83655929565,12,101113.42977142334
2020-01-22 09:30:00-05:00,100935.04399490356,15743.83655929565,12,100935.04399490356
2020-01-23 09:30:00-05:00,100459.93026351929,15743.83655929565,12,100459.93026351929
2020-01-24 09:30:00-05:00,101277.24374771118,15743.83655929565,12,101277.24374771118
2020-01-27 09:30:00-05:00,97934.38360404968,19553.376354217526,11,97934.38360404968
2020-01-28 09:30:00-05:00,98131.90965461731,42350.48622894287,8,98131.90965461731
2020-01-29 09:30:00-05:00,98161.07080554962,35413.550537109375,10,98161.07080554962
2020-01-30 09:30:00-05:00,97004.39068031311,39325.85047531128,9,97004.39068031311
2020-01-31 09:30:00-05:00,97138.38070487976,39701.10089111328,10,97138.38070487976
2020-02-03 09:30:00-05:00,96787.1607170105,45667.23080444336,9,96787.1607170105
2020-02-04 09:30:00-05:00,98098.22131443024,38768.0309753418,10,98098.22131443024
2020-02-05 09:30:00-05:00,99691.51146030426,38768.0309753418,10,99691.51146030426
2020-02-06 09:30:00-05:00,98961.62083530426,38768.0309753418,10,98961.62083530426
2020-02-07 09:30:00-05:00,98683.15057754517,38768.0309753418,10,98683.15057754517
2020-02-10 09:30:00-05:00,98568.38144397736,38768.0309753418,10,98568.38144397736
2020-02-11 09:30:00-05:00,99484.65122032166,38768.0309753418,10,99484.65122032166
2020-02-12 09:30:00-05:00,99380.5610370636,38768.0309753418,10,99380.5610370636
2020-02-13 09:30:00-05:00,98714.66118812561,38768.0309753418,10,98714.66118812561
2020-02-14 09:30:00-05:00,98941.59076499939,44852.40093040466,9,98941.59076499939
2020-02-18 09:30:00-05:00,98851.60174369812,30619.241193771362,11,98851.60174369812
2020-02-19 09:30:00-05:00,99363.72154808044,30619.241193771362,11,99363.72154808044
2020-02-20 09:30:00-05:00,99511.74220466614,30619.241193771362,11,99511.74220466614
2020-02-21 09:30:00-05:00,98851.62123680115,36928.97140312195,10,98851.62123680115
2020-02-24 09:30:00-05:00,95698.52118873596,36928.97140312195,10,95698.52118873596
2020-02-25 09:30:00-05:00,95945.43106651306,67593.65096092224,5,95945.43106651306
2020-02-26 09:30:00-05:00,94974.55061149597,67593.65096092224,5,94974.55061149597
2020-02-27 09:30:00-05:00,94331.73079490662,71786.45088768005,4,94331.73079490662
2020-02-28 09:30:00-05:00,93967.55095481873,88356.82071495056,1,93967.55095481873
2020-03-02 09:30:00-05:00,93967.55095481873,93967.55095481873,0,93967.55095481873
2020-03-03 09:30:00-05:00,93967.55095481873,93967.55095481873,0,93967.55095481873
2020-03-04 09:30:00-05:00,93967.55095481873,93967.55095481873,0,93967.55095481873
2020-03-05 09:30:00-05:00,93967.55095481873,93967.55095481873,0,93967.55095481873
2020-03-06 09:30:00-05:00,93735.2612400055,79896.65075111389,1,93735.2612400055
2020-03-09 10:30:00-04:00,93163.88038444519,79896.65075111389,1,93163.88038444519
2020-03-10 10:30:00-04:00,93743.10102653503,57308.01110267639,3,93743.10102653503
2020-03-11 10:30:00-04:00,93454.69170188904,71584.83144569397,2,93454.69170188904
2020-03-12 10:30:00-04:00,91935.13142967224,71584.83144569397,2,91935.13142967224
2020-03-13 10:30:00-04:00,92122.03163337708,79161.85138893127,1,92122.03163337708
2020-03-16 10:30:00-04:00,91582.69151115417,79161.85138893127,1,91582.69151115417
2020-03-17 10:30:00-04:00,91582.69151115417,91582.69151115417,0,91582.69151115417
2020-03-18 10:30:00-04:00,92475.07125663757,77602.07125663757,1,92475.07125663757
2020-03-19 10:30:00-04:00,91574.3507900238,77602.07125663757,1,91574.3507900238
2020-03-20 10:30:00-04:00,90704.21155357361,77602.07125663757,1,90704.21155357361
2020-03-23 10:30:00-04:00,90704.21155357361,90704.21155357361,0,90704.21155357361
2020-03-24 10:30:00-04:00,90704.21155357361,90704.21155357361,0,90704.21155357361
2020-03-25 10:30:00-04:00,90704.21155357361,90704.21155357361,0,90704.21155357361
2020-03-26 10:30:00-04:00,90704.21155357361,90704.21155357361,0,90704.21155357361
2020-03-27 10:30:00-04:00,90704.21155357361,90704.21155357361,0,90704.21155357361
2020-03-30 10:30:00-04:00,90704.21155357361,90704.21155357361,0,90704.21155357361
2020-03-31 10:30:00-04:00,90704.21155357361,90704.21155357361,0,90704.21155357361
2020-04-01 10:30:00-04:00,90704.21155357361,90704.21155357361,0,90704.21155357361
2020-04-02 10:30:00-04:00,90704.21155357361,90704.21155357361,0,90704.21155357361
2020-04-03 10:30:00-04:00,90704.21155357361,90704.21155357361,0,90704.21155357361
2020-04-06 10:30:00-04:00,90704.21155357361,90704.21155357361,0,90704.21155357361
2020-04-07 10:30:00-04:00,90704.21155357361,90704.21155357361,0,90704.21155357361
2020-04-08 10:30:00-04:00,90704.21155357361,90704.21155357361,0,90704.21155357361
2020-04-09 10:30:00-04:00,90704.21155357361,90704.21155357361,0,90704.21155357361
2020-04-13 10:30:00-04:00,90704.21155357361,90704.21155357361,0,90704.21155357361
2020-04-14 10:30:00-04:00,90704.21155357361,90704.21155357361,0,90704.21155357361
2020-04-15 10:30:00-04:00,90704.21155357361,90704.21155357361,0,90704.21155357361
2020-04-16 10:30:00-04:00,91229.71559715271,77271.01523399353,1,91229.71559715271
2020-04-17 10:30:00-04:00,91386.3788356781,77271.01523399353,1,91386.3788356781
2020-04-20 10:30:00-04:00,91490.12721061707,65620.00530052185,2,91490.12721061707
2020-04-21 10:30:00-04:00,91577.90489768982,65620.00530052185,2,91577.90489768982
2020-04-22 10:30:00-04:00,91145.29500389099,65620.00530052185,2,91145.29500389099
2020-04-23 10:30:00-04:00,91324.17609977722,65620.00530052185,2,91324.17609977722
2020-04-24 10:30:00-04:00,91203.09442710876,55857.49496269226,3,91203.09442710876
2020-04-27 10:30:00-04:00,91736.04533195496,55857.49496269226,3,91736.04533195496
2020-04-28 10:30:00-04:00,91478.51022911072,55857.49496269226,3,91478.51022911072
2020-04-29 10:30:00-04:00,89780.86445426941,38960.69466972351,5,89780.86445426941
2020-04-30 10:30:00-04:00,90616.10230827332,38960.69466972351,5,90616.10230827332
2020-05-01 10:30:00-04:00,89286.12405204773,33191.654737472534,6,89286.12405204773
2020-05-04 10:30:00-04:00,88974.50594139099,39034.894804000854,6,88974.50594139099
2020-05-05 10:30:00-04:00,90286.98576927185,33379.57485771179,7,90286.98576927185
2020-05-06 10:30:00-04:00,91208.18298149109,33379.57485771179,7,91208.18298149109
2020-05-07 10:30:00-04:00,92516.78814315796,23690.36617851257,9,92516.78814315796
2020-05-08 10:30:00-04:00,92968.35000610352,23690.36617851257,9,92968.35000610352
2020-05-11 10:30:00-04:00,92975.82771110535,16784.486135482784,11,92975.82771110535
2020-05-12 10:30:00-04:00,95183.97851657867,16784.486135482784,11,95183.97851657867
2020-05-13 10:30:00-04:00,93564.83941078186,16784.486135482784,11,93564.83941078186
2020-05-14 10:30:00-04:00,91588.91046524048,16784.486135482784,11,91588.91046524048
2020-05-15 10:30:00-04:00,91903.92740631104,24421.406332015988,10,91903.92740631104
2020-05-18 10:30:00-04:00,93757.37540435791,29038.993179321285,9,93757.37540435791
2020-05-19 10:30:00-04:00,93720.66254425049,15727.32331848144,12,93720.66254425049
2020-05-20 10:30:00-04:00,94707.97951507568,15727.32331848144,12,94707.97951507568
2020-05-21 10:30:00-04:00,95012.26254272461,15727.32331848144,12,95012.26254272461
2020-05-22 10:30:00-04:00,94672.05415344238,20289.523330688473,11,94672.05415344238
2020-05-26 10:30:00-04:00,95726.00384521484,20289.523330688473,11,95726.00384521484
2020-05-27 10:30:00-04:00,94143.92366790771,20289.523330688473,11,94143.92366790771
2020-05-28 10:30:00-04:00,94552.71659851074,20289.523330688473,11,94552.71659851074
2020-05-29 10:30:00-04:00,95319.23635864258,20289.523330688473,11,95319.23635864258
2020-06-01 10:30:00-04:00,96338.87342071533,20289.523330688473,11,96338.87342071533
2020-06-02 10:30:00-04:00,96722.55342102051,20289.523330688473,11,96722.55342102051
2020-06-03 10:30:00-04:00,97664.70302581787,20289.523330688473,11,97664.70302581787
2020-06-04 10:30:00-04:00,97503.55156707764,20289.523330688473,11,97503.55156707764
2020-06-05 10:30:00-04:00,97521.90855407715,20289.523330688473,11,97521.90855407715
2020-06-08 10:30:00-04:00,97197.85329437256,30505.923477172848,10,97197.85329437256
2020-06-09 10:30:00-04:00,97820.05153656006,30505.923477172848,10,97820.05153656006
2020-06-10 10:30:00-04:00,98839.10329437256,30505.923477172848,10,98839.10329437256
2020-06-11 10:30:00-04:00,97630.24969482422,30505.923477172848,10,97630.24969482422
2020-06-12 10:30:00-04:00,96841.87241363525,30505.923477172848,10,96841.87241363525
2020-06-15 10:30:00-04:00,94987.09316253662,30505.923477172848,10,94987.09316253662
2020-06-16 10:30:00-04:00,97427.33319091797,39483.743576049805,8,97427.33319091797
2020-06-17 10:30:00-04:00,97793.94876098633,21582.533462524414,11,97793.94876098633
2020-06-18 10:30:00-04:00,97386.38147735596,21582.533462524414,11,97386.38147735596
2020-06-19 10:30:00-04:00,98954.67041778564,21582.533462524414,11,98954.67041778564
2020-06-22 10:30:00-04:00,97570.49942016602,21582.533462524414,11,97570.49942016602
2020-06-23 10:30:00-04:00,98824.25260162354,21582.533462524414,11,98824.25260162354
2020-06-24 10:30:00-04:00,98211.86367797852,21582.533462524414,11,98211.86367797852
2020-06-25 10:30:00-04:00,97341.49522399902,32811.153244018555,9,97341.49522399902
2020-06-26 10:30:00-04:00,98266.85159873962,21886.263528823856,11,98266.85159873962
2020-06-29 10:30:00-04:00,97035.09414768219,21886.263528823856,11,97035.09414768219
2020-06-30 10:30:00-04:00,97472.46898269653,27516.023729324344,10,97472.46898269653
2020-07-01 10:30:00-04:00,98735.16463470459,27516.023729324344,10,98735.16463470459
2020-07-02 10:30:00-04:00,100867.29173183441,27516.023729324344,10,100867.29173183441
2020-07-06 10:30:00-04:00,101414.04521846771,27516.023729324344,10,101414.04521846771
2020-07-07 10:30:00-04:00,101476.24690246582,27516.023729324344,10,101476.24690246582
2020-07-08 10:30:00-04:00,101746.28113937378,27516.023729324344,10,101746.28113937378
2020-07-09 10:30:00-04:00,102566.18327236176,27516.023729324344,10,102566.18327236176
2020-07-10 10:30:00-04:00,102721.94512939453,32148.693765640262,9,102721.94512939453
2020-07-13 10:30:00-04:00,103565.45987796783,27517.723703384403,10,103565.45987796783
2020-07-14 10:30:00-04:00,101184.15412139893,27517.723703384403,10,101184.15412139893
2020-07-15 10:30:00-04:00,102736.10208415985,27517.723703384403,10,102736.10208415985
2020-07-16 10:30:00-04:00,101723.65055370331,27517.723703384403,10,101723.65055370331
2020-07-17 10:30:00-04:00,102151.64369297028,27517.723703384403,10,102151.64369297028
2020-07-20 10:30:00-04:00,103054.51369285583,27517.723703384403,10,103054.51369285583
2020-07-21 10:30:00-04:00,105380.31811904907,27517.723703384403,10,105380.31811904907
2020-07-22 10:30:00-04:00,104137.96360778809,27517.723703384403,10,104137.96360778809
2020-07-23 10:30:00-04:00,104388.09868240356,27517.723703384403,10,104388.09868240356
2020-07-24 10:30:00-04:00,102838.38402462006,27517.723703384403,10,102838.38402462006
2020-07-27 10:30:00-04:00,103643.56476306915,27517.723703384403,10,103643.56476306915
2020-07-28 10:30:00-04:00,103977.1506986618,27517.723703384403,10,103977.1506986618
2020-07-29 10:30:00-04:00,103726.95432853699,27517.723703384403,10,103726.95432853699
2020-07-30 10:30:00-04:00,103734.57270336151,27517.723703384403,10,103734.57270336151
2020-07-31 10:30:00-04:00,105641.04325675964,27517.723703384403,10,105641.04325675964
2020-08-03 10:30:00-04:00,105484.23771572113,27517.723703384403,10,105484.23771572113
2020-08-04 10:30:00-04:00,105542.63300991058,27517.723703384403,10,105542.63300991058
2020-08-05 10:30:00-04:00,106688.28565216064,27517.723703384403,10,106688.28565216064
2020-08-06 10:30:00-04:00,106408.91607666016,32996.98377418518,9,106408.91607666016
2020-08-07 10:30:00-04:00,107182.96343421936,18462.943689346313,12,107182.96343421936
2020-08-10 10:30:00-04:00,107316.78761672974,18462.943689346313,12,107316.78761672974
2020-08-11 10:30:00-04:00,107135.86392784119,18462.943689346313,12,107135.86392784119
2020-08-12 10:30:00-04:00,106967.79357147217,18462.943689346313,12,106967.79357147217
2020-08-13 10:30:00-04:00,107340.1150302887,18462.943689346313,12,107340.1150302887
2020-08-14 10:30:00-04:00,107989.80323982239,18462.943689346313,12,107989.80323982239
2020-08-17 10:30:00-04:00,108055.11882019043,18462.943689346313,12,108055.11882019043
2020-08-18 10:30:00-04:00,108815.99472618103,18462.943689346313,12,108815.99472618103
2020-08-19 10:30:00-04:00,108966.1129989624,18462.943689346313,12,108966.1129989624
2020-08-20 10:30:00-04:00,108007.40364456177,18462.943689346313,12,108007.40364456177
2020-08-21 10:30:00-04:00,109199.77307319641,18462.943689346313,12,109199.77307319641
2020-08-24 10:30:00-04:00,109619.85737991333,18462.943689346313,12,109619.85737991333
2020-08-25 10:30:00-04:00,109586.46448516846,18462.943689346313,12,109586.46448516846
2020-08-26 10:30:00-04:00,109822.58674049377,18462.943689346313,12,109822.58674049377
2020-08-27 10:30:00-04:00,110791.8515548706,18462.943689346313,12,110791.8515548706
2020-08-28 10:30:00-04:00,110453.13255500793,18462.943689346313,12,110453.13255500793
2020-08-31 10:30:00-04:00,110538.81402778625,18462.943689346313,12,110538.81402778625
2020-09-01 10:30:00-04:00,110880.1348991394,18462.943689346313,12,110880.1348991394
2020-09-02 10:30:00-04:00,112883.79419708252,18462.943689346313,12,112883.79419708252
2020-09-03 10:30:00-04:00,112761.51341438293,24289.74353981018,11,112761.51341438293
2020-09-04 10:30:00-04:00,109379.72346687317,24289.74353981018,11,109379.72346687317
2020-09-08 10:30:00-04:00,105780.96322059631,24289.74353981018,11,105780.96322059631
2020-09-09 10:30:00-04:00,105961.75225639343,61736.01291847229,8,105961.75225639343
2020-09-10 10:30:00-04:00,106500.34276008606,52540.11304664612,9,106500.34276008606
2020-09-11 10:30:00-04:00,105869.27263832092,34267.49266052246,11,105869.27263832092
2020-09-14 10:30:00-04:00,106303.35212898254,38991.492599487305,10,106303.35212898254
2020-09-15 10:30:00-04:00,107066.44233703613,38991.492599487305,10,107066.44233703613
2020-09-16 10:30:00-04:00,107181.40343475342,38991.492599487305,10,107181.40343475342
2020-09-17 10:30:00-04:00,106109.2225074768,46583.50254249573,9,106109.2225074768
2020-09-18 10:30:00-04:00,107127.62230682373,25929.032411575317,12,107127.62230682373
2020-09-21 10:30:00-04:00,105432.54264068604,25929.032411575317,12,105432.54264068604
2020-09-22 10:30:00-04:00,105097.45199394226,32612.072328567505,11,105097.45199394226
2020-09-23 10:30:00-04:00,105037.14295196533,32612.072328567505,11,105037.14295196533
2020-09-24 10:30:00-04:00,102825.81254196167,37505.97251319885,10,102825.81254196167
2020-09-25 10:30:00-04:00,102924.14269256592,74614.0222492218,4,102924.14269256592
2020-09-28 10:30:00-04:00,103314.74237442017,81715.06218147278,3,103314.74237442017
2020-09-29 10:30:00-04:00,103313.26216125488,69579.58207893372,4,103313.26216125488
2020-09-30 10:30:00-04:00,103236.17311286926,59503.67191505433,5,103236.17311286926
2020-10-01 10:30:00-04:00,103517.85093688965,50565.55173683167,6,103517.85093688965
2020-10-02 10:30:00-04:00,102350.66216659546,35438.24131965637,8,102350.66216659546
2020-10-05 10:30:00-04:00,104530.8309249878,20066.141328811642,11,104530.8309249878
2020-10-06 10:30:00-04:00,105841.9015789032,20066.141328811642,11,105841.9015789032
2020-10-07 10:30:00-04:00,105234.8720626831,20066.141328811642,11,105234.8720626831
2020-10-08 10:30:00-04:00,106338.19165802002,20066.141328811642,11,106338.19165802002
2020-10-09 10:30:00-04:00,106969.91125679016,20066.141328811642,11,106969.91125679016
2020-10-12 10:30:00-04:00,107042.01181221008,20066.141328811642,11,107042.01181221008
2020-10-13 10:30:00-04:00,106908.77124404907,29563.881574630734,10,106908.77124404907
2020-10-14 10:30:00-04:00,106475.29087257385,29563.881574630734,10,106475.29087257385
2020-10-15 10:30:00-04:00,105744.84110832214,29563.881574630734,10,105744.84110832214
2020-10-16 10:30:00-04:00,107858.5415019989,29563.881574630734,10,107858.5415019989
2020-10-19 10:30:00-04:00,108059.50072479248,29563.881574630734,10,108059.50072479248
2020-10-20 10:30:00-04:00,108030.22206115723,29563.881574630734,10,108030.22206115723
2020-10-21 10:30:00-04:00,107833.06245040894,29563.881574630734,10,107833.06245040894
2020-10-22 10:30:00-04:00,107734.6227016449,29563.881574630734,10,107734.6227016449
2020-10-23 10:30:00-04:00,108632.10266685486,29563.881574630734,10,108632.10266685486
2020-10-26 10:30:00-04:00,108231.08185768127,29563.881574630734,10,108231.08185768127
2020-10-27 10:30:00-04:00,107864.61188697815,29563.881574630734,10,107864.61188697815
2020-10-28 10:30:00-04:00,105864.95036888123,29563.881574630734,10,105864.95036888123
2020-10-29 10:30:00-04:00,105987.0214138031,46973.34121131896,7,105987.0214138031
2020-10-30 10:30:00-04:00,105777.1217288971,46973.34121131896,7,105777.1217288971
2020-11-02 09:30:00-05:00,106284.41080093384,41278.74100875854,8,106284.41080093384
2020-11-03 09:30:00-05:00,107757.96144676208,41278.74100875854,8,107757.96144676208
2020-11-04 09:30:00-05:00,107854.67099189758,28416.041210174553,10,107854.67099189758
2020-11-05 09:30:00-05:00,108799.61056137085,28416.041210174553,10,108799.61056137085
2020-11-06 09:30:00-05:00,110192.12145996094,28416.041210174553,10,110192.12145996094
2020-11-09 09:30:00-05:00,113565.73258209229,28416.041210174553,10,113565.73258209229
2020-11-10 09:30:00-05:00,111230.76159286499,28416.041210174553,10,111230.76159286499
2020-11-11 09:30:00-05:00,111595.41277694702,28416.041210174553,10,111595.41277694702
2020-11-12 09:30:00-05:00,111054.09092330933,28416.041210174553,10,111054.09092330933
2020-11-13 09:30:00-05:00,110435.33030128479,28416.041210174553,10,110435.33030128479
2020-11-16 09:30:00-05:00,111922.07118606567,28416.041210174553,10,111922.07118606567
2020-11-17 09:30:00-05:00,112129.28119850159,28416.041210174553,10,112129.28119850159
2020-11-18 09:30:00-05:00,111383.49069976807,28416.041210174553,10,111383.49069976807
2020-11-19 09:30:00-05:00,109769.98167228699,34263.13098526,9,109769.98167228699
2020-11-20 09:30:00-05:00,109704.63118743896,45871.550930023186,7,109704.63118743896
2020-11-23 09:30:00-05:00,110632.47246551514,25496.611003875725,10,110632.47246551514
2020-11-24 09:30:00-05:00,112194.35002708435,25496.611003875725,10,112194.35002708435
2020-11-25 09:30:00-05:00,111997.50119972229,25496.611003875725,10,111997.50119972229
2020-11-27 09:30:00-05:00,111681.86966133118,25496.611003875725,10,111681.86966133118
2020-11-30 09:30:00-05:00,110818.21999931335,45692.88067245483,8,110818.21999931335
2020-12-01 09:30:00-05:00,111211.1203918457,45692.88067245483,8,111211.1203918457
2020-12-02 09:30:00-05:00,110071.24016189575,25343.420940399166,11,110071.24016189575
2020-12-03 09:30:00-05:00,111394.5800819397,36202.900539398186,10,111394.5800819397
2020-12-04 09:30:00-05:00,111853.3506641388,36202.900539398186,10,111853.3506641388
2020-12-07 09:30:00-05:00,112661.09000587463,36202.900539398186,10,112661.09000587463
2020-12-08 09:30:00-05:00,112161.13005447388,36202.900539398186,10,112161.13005447388
2020-12-09 09:30:00-05:00,112803.95056152344,36202.900539398186,10,112803.95056152344
2020-12-10 09:30:00-05:00,111434.7003364563,36202.900539398186,10,111434.7003364563
2020-12-11 09:30:00-05:00,112022.79078102112,36202.900539398186,10,112022.79078102112
2020-12-14 09:30:00-05:00,112975.49056625366,36202.900539398186,10,112975.49056625366
2020-12-15 09:30:00-05:00,112542.88492965698,36202.900539398186,10,112542.88492965698
2020-12-16 09:30:00-05:00,113308.149974823,36202.900539398186,10,113308.149974823
2020-12-17 09:30:00-05:00,113866.83084106445,36202.900539398186,10,113866.83084106445
2020-12-18 09:30:00-05:00,114063.0708770752,36202.900539398186,10,114063.0708770752
2020-12-21 09:30:00-05:00,112884.93048667908,36202.900539398186,10,112884.93048667908
2020-12-22 09:30:00-05:00,113346.60982131958,51559.87055587768,8,113346.60982131958
2020-12-23 09:30:00-05:00,114020.31061935425,28487.350414276116,11,114020.31061935425
2020-12-24 09:30:00-05:00,113318.33134841919,28487.350414276116,11,113318.33134841919
2020-12-28 09:30:00-05:00,113911.0219039917,28487.350414276116,11,113911.0219039917
2020-12-29 09:30:00-05:00,113530.8004398346,28487.350414276116,11,113530.8004398346
2020-12-30 09:30:00-05:00,112542.74077606201,28487.350414276116,11,112542.74077606201
2020-12-31 09:30:00-05:00,112855.31966400146,28487.350414276116,11,112855.31966400146
2021-01-04 09:30:00-05:00,114186.01504898071,28487.350414276116,11,114186.01504898071
2021-01-05 09:30:00-05:00,112476.74994277954,28487.350414276116,11,112476.74994277954
2021-01-06 09:30:00-05:00,113144.18244361877,28487.350414276116,11,113144.18244361877
2021-01-07 09:30:00-05:00,115132.91130828857,35714.350414276116,10,115132.91130828857
2021-01-08 09:30:00-05:00,116422.96964645386,35714.350414276116,10,116422.96964645386
2021-01-11 09:30:00-05:00,115143.77956390381,35714.350414276116,10,115143.77956390381
2021-01-12 09:30:00-05:00,115654.74144172668,35714.350414276116,10,115654.74144172668
2021-01-13 09:30:00-05:00,115451.5309715271,35714.350414276116,10,115451.5309715271
2021-01-14 09:30:00-05:00,116135.51952552795,35714.350414276116,10,116135.51952552795
2021-01-15 09:30:00-05:00,115989.99118041992,35714.350414276116,10,115989.99118041992
2021-01-19 09:30:00-05:00,116457.77947235107,35714.350414276116,10,116457.77947235107
2021-01-20 09:30:00-05:00,116418.06106758118,42252.23023605346,9,116418.06106758118
2021-01-21 09:30:00-05:00,116783.01370429993,23063.936817169182,12,116783.01370429993
2021-01-22 09:30:00-05:00,115382.42937850952,23063.936817169182,12,115382.42937850952
2021-01-25 09:30:00-05:00,115097.86487197876,30728.936817169182,11,115097.86487197876
2021-01-26 09:30:00-05:00,115274.21177864075,30728.936817169182,11,115274.21177864075
2021-01-27 09:30:00-05:00,113103.76704788208,30728.936817169182,11,113103.76704788208
2021-01-28 09:30:00-05:00,112621.96767807007,70039.52744674683,6,112621.96767807007
2021-01-29 09:30:00-05:00,111803.54428100586,52001.49206733703,7,111803.54428100586
2021-02-01 09:30:00-05:00,110608.05343818665,28971.001764297478,10,110608.05343818665
2021-02-02 09:30:00-05:00,112031.41505241394,28971.001764297478,10,112031.41505241394
2021-02-03 09:30:00-05:00,112299.70660591125,28971.001764297478,10,112299.70660591125
2021-02-04 09:30:00-05:00,112351.11295890808,28971.001764297478,10,112351.11295890808
2021-02-05 09:30:00-05:00,113333.45026779175,28971.001764297478,10,113333.45026779175
2021-02-08 09:30:00-05:00,113980.25691223145,28971.001764297478,10,113980.25691223145
2021-02-09 09:30:00-05:00,114130.2436542511,28971.001764297478,10,114130.2436542511
2021-02-10 09:30:00-05:00,113986.45001411438,39069.50205421447,9,113986.45001411438
2021-02-11 09:30:00-05:00,113880.15020561218,27841.04259681701,11,113880.15020561218
2021-02-12 09:30:00-05:00,113713.55067253113,27841.04259681701,11,113713.55067253113
2021-02-16 09:30:00-05:00,114731.68028831482,27841.04259681701,11,114731.68028831482
2021-02-17 09:30:00-05:00,114139.47629356384,27841.04259681701,11,114139.47629356384
2021-02-18 09:30:00-05:00,113566.285654068,35716.04259681701,10,113566.285654068
2021-02-19 09:30:00-05:00,114504.98296546936,35716.04259681701,10,114504.98296546936
2021-02-22 09:30:00-05:00,113768.38617324829,35716.04259681701,10,113768.38617324829
2021-02-23 09:30:00-05:00,112922.89549636841,35716.04259681701,10,112922.89549636841
2021-02-24 09:30:00-05:00,112521.06241226196,45285.79863739013,9,112521.06241226196
2021-02-25 09:30:00-05:00,114285.93270683287,25036.19889640807,12,114285.93270683287
2021-02-26 09:30:00-05:00,112069.33329200743,25036.19889640807,12,112069.33329200743
2021-03-01 09:30:00-05:00,112066.30471801756,30015.239057540883,11,112066.30471801756
2021-03-02 09:30:00-05:00,112603.60350990294,30015.239057540883,11,112603.60350990294
2021-03-03 09:30:00-05:00,112658.9923019409,30015.239057540883,11,112658.9923019409
2021-03-04 09:30:00-05:00,112510.3639602661,30015.239057540883,11,112510.3639602661
2021-03-05 09:30:00-05:00,113144.35292053223,35593.66917228698,10,113144.35292053223
2021-03-08 09:30:00-05:00,114804.20455169678,35593.66917228698,10,114804.20455169678
2021-03-09 09:30:00-05:00,114916.40419387817,35593.66917228698,10,114916.40419387817
2021-03-10 09:30:00-05:00,114506.66853904724,35593.66917228698,10,114506.66853904724
2021-03-11 09:30:00-05:00,114863.05510139465,35593.66917228698,10,114863.05510139465
2021-03-12 09:30:00-05:00,115511.24981689453,35593.66917228698,10,115511.24981689453
2021-03-15 10:30:00-04:00,115074.29127693176,35593.66917228698,10,115074.29127693176
2021-03-16 10:30:00-04:00,115081.4558506012,35593.66917228698,10,115081.4558506012
2021-03-17 10:30:00-04:00,114484.13535690308,35593.66917228698,10,114484.13535690308
2021-03-18 10:30:00-04:00,114982.95263290405,35593.66917228698,10,114982.95263290405
2021-03-19 10:30:00-04:00,114163.99520111084,35593.66917228698,10,114163.99520111084
2021-03-22 10:30:00-04:00,113775.32320022583,42175.83935546874,9,113775.32320022583
2021-03-23 10:30:00-04:00,113927.37839508057,23337.299194335934,12,113927.37839508057
2021-03-24 10:30:00-04:00,113062.40827178955,23337.299194335934,12,113062.40827178955
2021-03-25 10:30:00-04:00,112978.13347625732,30097.829254150387,11,112978.13347625732
2021-03-26 10:30:00-04:00,114058.47554016113,35872.82925415039,10,114058.47554016113
2021-03-29 10:30:00-04:00,114686.52376937866,35872.82925415039,10,114686.52376937866
2021-03-30 10:30:00-04:00,115255.83034515381,35872.82925415039,10,115255.83034515381
2021-03-31 10:30:00-04:00,115056.76139831543,35872.82925415039,10,115056.76139831543
2021-04-01 10:30:00-04:00,115070.62433624268,35872.82925415039,10,115070.62433624268
2021-04-05 10:30:00-04:00,116065.24269104004,35872.82925415039,10,116065.24269104004
2021-04-06 10:30:00-04:00,116403.64781570435,35872.82925415039,10,116403.64781570435
2021-04-07 10:30:00-04:00,116323.42083740234,35872.82925415039,10,116323.42083740234
2021-04-08 10:30:00-04:00,116657.11097717285,35872.82925415039,10,116657.11097717285
2021-04-09 10:30:00-04:00,116880.4969406128,35872.82925415039,10,116880.4969406128
2021-04-12 10:30:00-04:00,117349.09284591675,35872.82925415039,10,117349.09284591675
2021-04-13 10:30:00-04:00,117347.69697570801,35872.82925415039,10,117347.69697570801
2021-04-14 10:30:00-04:00,117379.22020721436,35872.82925415039,10,117379.22020721436
2021-04-15 10:30:00-04:00,117798.79948425293,35872.82925415039,10,117798.79948425293
2021-04-16 10:30:00-04:00,118642.92800140381,35872.82925415039,10,118642.92800140381
2021-04-19 10:30:00-04:00,118529.0343208313,35872.82925415039,10,118529.0343208313
2021-04-20 10:30:00-04:00,116828.74057006836,35872.82925415039,10,116828.74057006836
2021-04-21 10:30:00-04:00,116459.11572647095,44233.909004211426,9,116459.11572647095
2021-04-22 10:30:00-04:00,116992.75577163696,24414.49933242798,12,116992.75577163696
2021-04-23 10:30:00-04:00,116824.43252182007,24414.49933242798,12,116824.43252182007
2021-04-26 10:30:00-04:00,117524.88856506348,24414.49933242798,12,117524.88856506348
2021-04-27 10:30:00-04:00,116776.67900848389,24414.49933242798,12,116776.67900848389
2021-04-28 10:30:00-04:00,117443.02683639526,24414.49933242798,12,117443.02683639526
2021-04-29 10:30:00-04:00,117749.2350692749,24414.49933242798,12,117749.2350692749
2021-04-30 10:30:00-04:00,117906.53734588623,24414.49933242798,12,117906.53734588623
2021-05-03 10:30:00-04:00,118527.74390029907,24414.49933242798,12,118527.74390029907
2021-05-04 10:30:00-04:00,118014.64429473877,30728.49933242798,11,118014.64429473877
2021-05-05 10:30:00-04:00,118543.00926208496,30728.49933242798,11,118543.00926208496
2021-05-06 10:30:00-04:00,118610.99017715454,36854.099491119385,10,118610.99017715454
2021-05-07 10:30:00-04:00,118726.60912704468,36854.099491119385,10,118726.60912704468
2021-05-10 10:30:00-04:00,119757.21029281616,36854.099491119385,10,119757.21029281616
2021-05-11 10:30:00-04:00,119117.96362686157,36854.099491119385,10,119117.96362686157
2021-05-12 10:30:00-04:00,118150.6484413147,36854.099491119385,10,118150.6484413147
2021-05-13 10:30:00-04:00,116454.32014083862,44757.07410812378,9,116454.32014083862
2021-05-14 10:30:00-04:00,118027.3578453064,37761.294078826904,10,118027.3578453064
2021-05-17 10:30:00-04:00,118526.62966537476,37761.294078826904,10,118526.62966537476
2021-05-18 10:30:00-04:00,118269.2177658081,37761.294078826904,10,118269.2177658081
2021-05-19 10:30:00-04:00,116921.23624801636,37761.294078826904,10,116921.23624801636
2021-05-20 10:30:00-04:00,117134.76890182495,54248.5739402771,8,117134.76890182495
2021-05-21 10:30:00-04:00,117617.61073684692,29936.493427276608,11,117617.61073684692
2021-05-24 10:30:00-04:00,118078.82213973999,29936.493427276608,11,118078.82213973999
2021-05-25 10:30:00-04:00,118031.55410385132,29936.493427276608,11,118031.55410385132
2021-05-26 10:30:00-04:00,117304.54080581665,29936.493427276608,11,117304.54080581665
2021-05-27 10:30:00-04:00,117728.96661758423,29936.493427276608,11,117728.96661758423
2021-05-28 10:30:00-04:00,118122.4044342041,29936.493427276608,11,118122.4044342041
2021-06-01 10:30:00-04:00,118539.29725646973,29936.493427276608,11,118539.29725646973
2021-06-02 10:30:00-04:00,118266.81100082397,29936.493427276608,11,118266.81100082397
2021-06-03 10:30:00-04:00,118000.85606002808,29936.493427276608,11,118000.85606002808
2021-06-04 10:30:00-04:00,118528.7190208435,29936.493427276608,11,118528.7190208435
2021-06-07 10:30:00-04:00,118778.69414138794,29936.493427276608,11,118778.69414138794
2021-06-08 10:30:00-04:00,118292.90691757202,29936.493427276608,11,118292.90691757202
2021-06-09 10:30:00-04:00,118295.76846694946,29936.493427276608,11,118295.76846694946
2021-06-10 10:30:00-04:00,118581.50004196167,29936.493427276608,11,118581.50004196167
2021-06-11 10:30:00-04:00,118466.43227005005,29936.493427276608,11,118466.43227005005
2021-06-14 10:30:00-04:00,118479.6322479248,29936.493427276608,11,118479.6322479248
2021-06-15 10:30:00-04:00,118371.17266845703,29936.493427276608,11,118371.17266845703
2021-06-16 10:30:00-04:00,118419.83764266968,29936.493427276608,11,118419.83764266968
2021-06-17 10:30:00-04:00,117518.92197799683,29936.493427276608,11,117518.92197799683
2021-06-18 10:30:00-04:00,115893.0668334961,38690.973163604736,10,115893.0668334961
2021-06-21 10:30:00-04:00,115448.07638168335,72795.66633605957,6,115448.07638168335
2021-06-22 10:30:00-04:00,116254.58660507202,62041.856521606445,7,116254.58660507202
2021-06-23 10:30:00-04:00,116618.82529067993,34294.236251831055,10,116618.82529067993
2021-06-24 10:30:00-04:00,116634.83680725098,34294.236251831055,10,116634.83680725098
2021-06-25 10:30:00-04:00,116823.2265548706,42143.19645690918,9,116823.2265548706
2021-06-28 10:30:00-04:00,117164.67609024048,29558.056526184082,11,117164.67609024048
2021-06-29 10:30:00-04:00,116935.61919021606,29558.056526184082,11,116935.61919021606
2021-06-30 10:30:00-04:00,116872.40661239624,29558.056526184082,11,116872.40661239624
2021-07-01 10:30:00-04:00,116995.92608261108,35970.4563331604,10,116995.92608261108
2021-07-02 10:30:00-04:00,117500.58613204956,35970.4563331604,10,117500.58613204956
2021-07-06 10:30:00-04:00,117694.27491378784,35970.4563331604,10,117694.27491378784
2021-07-07 10:30:00-04:00,117331.75630569458,35970.4563331604,10,117331.75630569458
2021-07-08 10:30:00-04:00,116458.72682571411,44767.815952301025,9,116458.72682571411
2021-07-09 10:30:00-04:00,117265.56594467163,25069.255252838135,12,117265.56594467163
2021-07-12 10:30:00-04:00,117802.01700210571,25069.255252838135,12,117802.01700210571
2021-07-13 10:30:00-04:00,117594.86535263062,25069.255252838135,12,117594.86535263062
2021-07-14 10:30:00-04:00,117315.25596237183,25069.255252838135,12,117315.25596237183
2021-07-15 10:30:00-04:00,117212.86654281616,25069.255252838135,12,117212.86654281616
2021-07-16 10:30:00-04:00,117794.06681442261,25069.255252838135,12,117794.06681442261
2021-07-19 10:30:00-04:00,116345.81435012817,25069.255252838135,12,116345.81435012817
2021-07-20 10:30:00-04:00,116388.67574691772,31273.52509689331,11,116388.67574691772
2021-07-21 10:30:00-04:00,117274.18496322632,39746.405223846436,10,117274.18496322632
2021-07-22 10:30:00-04:00,117895.20629501343,39746.405223846436,10,117895.20629501343
2021-07-23 10:30:00-04:00,118518.63517379761,39746.405223846436,10,118518.63517379761
2021-07-26 10:30:00-04:00,118993.27502822876,39746.405223846436,10,118993.27502822876
2021-07-27 10:30:00-04:00,118840.26484298706,39746.405223846436,10,118840.26484298706
2021-07-28 10:30:00-04:00,118754.31502914429,39746.405223846436,10,118754.31502914429
2021-07-29 10:30:00-04:00,118661.80591964722,39746.405223846436,10,118661.80591964722
2021-07-30 10:30:00-04:00,118659.55578994751,39746.405223846436,10,118659.55578994751
2021-08-02 10:30:00-04:00,119568.49519729614,39746.405223846436,10,119568.49519729614
2021-08-03 10:30:00-04:00,119333.63517379761,39746.405223846436,10,119333.63517379761
2021-08-04 10:30:00-04:00,119384.14513778687,39746.405223846436,10,119384.14513778687
2021-08-05 10:30:00-04:00,119845.09513473511,46559.405406951904,9,119845.09513473511
2021-08-06 10:30:00-04:00,119641.61321640015,25702.41019821167,12,119641.61321640015
2021-08-09 10:30:00-04:00,119634.30462265015,25702.41019821167,12,119634.30462265015
2021-08-10 10:30:00-04:00,119287.26020431519,25702.41019821167,12,119287.26020431519
2021-08-11 10:30:00-04:00,119058.35074996948,25702.41019821167,12,119058.35074996948
2021-08-12 10:30:00-04:00,119151.09713363647,25702.41019821167,12,119151.09713363647
2021-08-13 10:30:00-04:00,119626.5142250061,25702.41019821167,12,119626.5142250061
2021-08-16 10:30:00-04:00,119909.98013687134,25702.41019821167,12,119909.98013687134
2021-08-17 10:30:00-04:00,120296.71616744995,25702.41019821167,12,120296.71616744995
2021-08-18 10:30:00-04:00,120007.73411178589,32316.575443267822,11,120007.73411178589
2021-08-19 10:30:00-04:00,118922.56518173218,38867.015338897705,10,118922.56518173218
2021-08-20 10:30:00-04:00,120357.66543197632,49160.015338897705,9,120357.66543197632
2021-08-23 10:30:00-04:00,121282.52599716187,27186.965740203854,12,121282.52599716187
2021-08-24 10:30:00-04:00,121562.9464225769,27186.965740203854,12,121562.9464225769
2021-08-25 10:30:00-04:00,121505.60594558716,27186.965740203854,12,121505.60594558716
2021-08-26 10:30:00-04:00,120864.86682510376,27186.965740203854,12,120864.86682510376
2021-08-27 10:30:00-04:00,120974.78567123413,34165.366008758545,11,120974.78567123413
2021-08-30 10:30:00-04:00,121579.12678909302,34165.366008758545,11,121579.12678909302
2021-08-31 10:30:00-04:00,122467.25622177124,34165.366008758545,11,122467.25622177124
2021-09-01 10:30:00-04:00,122472.54667282104,34165.366008758545,11,122472.54667282104
2021-09-02 10:30:00-04:00,123403.19632339478,34165.366008758545,11,123403.19632339478
2021-09-03 10:30:00-04:00,123537.68518447876,34165.366008758545,11,123537.68518447876
2021-09-07 10:30:00-04:00,123742.07562637329,34165.366008758545,11,123742.07562637329
2021-09-08 10:30:00-04:00,122647.81533432007,34165.366008758545,11,122647.81533432007
2021-09-09 10:30:00-04:00,123314.31647109985,34165.366008758545,11,123314.31647109985
2021-09-10 10:30:00-04:00,123095.67529678345,34165.366008758545,11,123095.67529678345
2021-09-13 10:30:00-04:00,122816.02667617798,34165.366008758545,11,122816.02667617798
2021-09-14 10:30:00-04:00,121622.1658668518,34165.366008758545,11,121622.1658668518
2021-09-15 10:30:00-04:00,120703.2561378479,34165.366008758545,11,120703.2561378479
2021-09-16 10:30:00-04:00,121343.83753585815,41018.866008758545,10,121343.83753585815
2021-09-17 10:30:00-04:00,121198.15719985962,41018.866008758545,10,121198.15719985962
2021-09-20 10:30:00-04:00,119433.39624404907,41018.866008758545,10,119433.39624404907
2021-09-21 10:30:00-04:00,119583.87671279907,77532.71670913696,5,119583.87671279907
2021-09-22 10:30:00-04:00,119160.96591567993,66058.47647476196,6,119160.96591567993
2021-09-23 10:30:00-04:00,119831.74374771118,58387.80365371704,7,119831.74374771118
2021-09-24 10:30:00-04:00,120370.2936630249,33648.48393821716,10,120370.2936630249
2021-09-27 10:30:00-04:00,120907.29393577576,33648.48393821716,10,120907.29393577576
2021-09-28 10:30:00-04:00,119347.87237548828,40390.32402610779,9,119347.87237548828
2021-09-29 10:30:00-04:00,118149.09423828125,63494.08400535583,7,118149.09423828125
2021-09-30 10:30:00-04:00,117527.25387573242,53951.684133529656,8,117527.25387573242
2021-10-01 10:30:00-04:00,117306.22394371033,39715.77390098571,10,117306.22394371033
2021-10-04 10:30:00-04:00,118772.37489318848,46810.77390098571,9,118772.37489318848
2021-10-05 10:30:00-04:00,118190.68403244019,25971.11357688903,12,118190.68403244019
2021-10-06 10:30:00-04:00,116763.19319343567,32668.623628616326,11,116763.19319343567
2021-10-07 10:30:00-04:00,118258.06347465515,42029.243593215935,10,118258.06347465515
2021-10-08 10:30:00-04:00,119127.30399513245,42029.243593215935,10,119127.30399513245
2021-10-11 10:30:00-04:00,120407.3941040039,42029.243593215935,10,120407.3941040039
2021-10-12 10:30:00-04:00,120038.35334014893,42029.243593215935,10,120038.35334014893
2021-10-13 10:30:00-04:00,119951.75405311584,42029.243593215935,10,119951.75405311584
2021-10-14 10:30:00-04:00,120778.71407699585,42029.243593215935,10,120778.71407699585
2021-10-15 10:30:00-04:00,122348.04314994812,42029.243593215935,10,122348.04314994812
2021-10-18 10:30:00-04:00,121653.91346549988,42029.243593215935,10,121653.91346549988
2021-10-19 10:30:00-04:00,122710.95180511475,42029.243593215935,10,122710.95180511475
2021-10-20 10:30:00-04:00,122103.6141204834,42029.243593215935,10,122103.6141204834
2021-10-21 10:30:00-04:00,122608.51368522644,42029.243593215935,10,122608.51368522644
2021-10-22 10:30:00-04:00,123032.31407737732,42029.243593215935,10,123032.31407737732
2021-10-25 10:30:00-04:00,123978.88430786133,42029.243593215935,10,123978.88430786133
2021-10-26 10:30:00-04:00,124207.4444065094,42029.243593215935,10,124207.4444065094
2021-10-27 10:30:00-04:00,123266.99399757385,42029.243593215935,10,123266.99399757385
2021-10-28 10:30:00-04:00,122157.13404846191,42029.243593215935,10,122157.13404846191
2021-10-29 10:30:00-04:00,122343.05338287354,51645.56387519836,9,122343.05338287354
2021-11-01 10:30:00-04:00,123095.8834400177,34887.09375190734,11,123095.8834400177
2021-11-02 10:30:00-04:00,123058.39261054993,34887.09375190734,11,123058.39261054993
2021-11-03 10:30:00-04:00,122926.32395362854,34887.09375190734,11,122926.32395362854
2021-11-04 10:30:00-04:00,125616.364112854,34887.09375190734,11,125616.364112854
2021-11-05 10:30:00-04:00,126857.59358406067,41913.33398628234,10,126857.59358406067
2021-11-08 09:30:00-05:00,127308.17345046997,41913.33398628234,10,127308.17345046997
2021-11-09 09:30:00-05:00,127294.20426177979,41913.33398628234,10,127294.20426177979
2021-11-10 09:30:00-05:00,126517.09533882141,41913.33398628234,10,126517.09533882141
2021-11-11 09:30:00-05:00,125792.12342834473,41913.33398628234,10,125792.12342834473
2021-11-12 09:30:00-05:00,126087.62303543091,41913.33398628234,10,126087.62303543091
2021-11-15 09:30:00-05:00,126365.53419876099,41913.33398628234,10,126365.53419876099
2021-11-16 09:30:00-05:00,125988.10326004028,41913.33398628234,10,125988.10326004028
2021-11-17 09:30:00-05:00,125856.613697052,41913.33398628234,10,125856.613697052
2021-11-18 09:30:00-05:00,125351.16388320923,56251.44381141662,8,125351.16388320923
2021-11-19 09:30:00-05:00,124082.30257415771,31125.143411636345,11,124082.30257415771
2021-11-22 09:30:00-05:00,124412.24408721924,42696.143577575676,10,124412.24408721924
2021-11-23 09:30:00-05:00,124206.9532699585,42696.143577575676,10,124206.9532699585
2021-11-24 09:30:00-05:00,124433.36368560791,50292.14348602294,9,124433.36368560791
2021-11-26 09:30:00-05:00,122733.48333740234,28016.953521728512,12,122733.48333740234
2021-11-29 09:30:00-05:00,123173.91348266602,42649.953704833984,10,123173.91348266602
2021-11-30 09:30:00-05:00,122670.85398101807,42649.953704833984,10,122670.85398101807
2021-12-01 09:30:00-05:00,122718.78446960449,56706.77391052246,8,122718.78446960449
2021-12-02 09:30:00-05:00,121323.08430480957,56706.77391052246,8,121323.08430480957
2021-12-03 09:30:00-05:00,122932.61466217041,72542.87431335449,6,122932.61466217041
2021-12-06 09:30:00-05:00,121718.98357391357,40608.45487976074,9,121718.98357391357
2021-12-07 09:30:00-05:00,123679.38356781006,44435.534240722656,9,123679.38356781006
2021-12-08 09:30:00-05:00,124646.61254501343,31043.13415145874,11,124646.61254501343
2021-12-09 09:30:00-05:00,124344.21906280518,31043.13415145874,11,124344.21906280518
2021-12-10 09:30:00-05:00,125265.67024230957,31043.13415145874,11,125265.67024230957
2021-12-13 09:30:00-05:00,126744.45341873169,31043.13415145874,11,126744.45341873169
2021-12-14 09:30:00-05:00,125238.38096618652,31043.13415145874,11,125238.38096618652
2021-12-15 09:30:00-05:00,124899.08237075806,31043.13415145874,11,124899.08237075806
2021-12-16 09:30:00-05:00,126600.02630996704,41291.73397445679,10,126600.02630996704
2021-12-17 09:30:00-05:00,125077.01344680786,41291.73397445679,10,125077.01344680786
2021-12-20 09:30:00-05:00,123954.44297027588,41291.73397445679,10,123954.44297027588
2021-12-21 09:30:00-05:00,125180.09331893921,41291.73397445679,10,125180.09331893921
2021-12-22 09:30:00-05:00,125430.80851364136,41291.73397445679,10,125430.80851364136
2021-12-23 09:30:00-05:00,127119.12405776978,41291.73397445679,10,127119.12405776978
2021-12-27 09:30:00-05:00,127803.3855934143,41291.73397445679,10,127803.3855934143
2021-12-28 09:30:00-05:00,129177.08838272095,41291.73397445679,10,129177.08838272095
2021-12-29 09:30:00-05:00,129314.61351394653,41291.73397445679,10,129314.61351394653
2021-12-30 09:30:00-05:00,129889.03464889526,41291.73397445679,10,129889.03464889526
2021-12-31 09:30:00-05:00,129328.4119758606,41291.73397445679,10,129328.4119758606
2022-01-03 09:30:00-05:00,129640.79774093628,41291.73397445679,10,129640.79774093628
2022-01-04 09:30:00-05:00,129045.94003677368,41291.73397445679,10,129045.94003677368
2022-01-05 09:30:00-05:00,129411.39164352417,41291.73397445679,10,129411.39164352417
2022-01-06 09:30:00-05:00,127811.3950843811,41291.73397445679,10,127811.3950843811
2022-01-07 09:30:00-05:00,127421.58891677856,41291.73397445679,10,127421.58891677856
2022-01-10 09:30:00-05:00,125278.40534591675,41291.73397445679,10,125278.40534591675
2022-01-11 09:30:00-05:00,125197.96593856812,77036.47538375854,6,125197.96593856812
2022-01-12 09:30:00-05:00,125191.50695800781,42467.35612869262,9,125191.50695800781
2022-01-13 09:30:00-05:00,125510.1661643982,23178.135921478268,12,125510.1661643982
2022-01-14 09:30:00-05:00,124255.85610580444,29797.63589096069,11,124255.85610580444
2022-01-18 09:30:00-05:00,125732.9457244873,40374.87600326538,10,125732.9457244873
2022-01-19 09:30:00-05:00,124705.23598861694,47411.97622299194,9,124705.23598861694
2022-01-20 09:30:00-05:00,123074.78614997864,26267.18642807007,12,123074.78614997864
2022-01-21 09:30:00-05:00,122022.80652618408,40070.076625823975,10,122022.80652618408
2022-01-24 09:30:00-05:00,120765.26660728455,40070.076625823975,10,120765.26660728455
2022-01-25 09:30:00-05:00,120791.82762527466,50722.15659713745,9,120791.82762527466
2022-01-26 09:30:00-05:00,122115.05620574951,35106.086559295654,11,122115.05620574951
2022-01-27 09:30:00-05:00,122347.18636322021,48202.68641281128,9,122347.18636322021
2022-01-28 09:30:00-05:00,121960.29781341553,40918.68677902222,10,121960.29781341553
2022-01-31 09:30:00-05:00,122207.01820755005,40918.68677902222,10,122207.01820755005
2022-02-01 09:30:00-05:00,122895.51694869995,40918.68677902222,10,122895.51694869995
2022-02-02 09:30:00-05:00,123089.79711151123,40918.68677902222,10,123089.79711151123
2022-02-03 09:30:00-05:00,123766.77699661255,40918.68677902222,10,123766.77699661255
2022-02-04 09:30:00-05:00,123543.50581359863,47641.83660507202,9,123543.50581359863
2022-02-07 09:30:00-05:00,124004.50310134888,33609.5164604187,11,124004.50310134888
2022-02-08 09:30:00-05:00,124572.37512588501,33609.5164604187,11,124572.37512588501
2022-02-09 09:30:00-05:00,125794.19159698486,33609.5164604187,11,125794.19159698486
2022-02-10 09:30:00-05:00,125645.09407424927,33609.5164604187,11,125645.09407424927
2022-02-11 09:30:00-05:00,125003.21638870239,33609.5164604187,11,125003.21638870239
2022-02-14 09:30:00-05:00,124696.45392990112,33609.5164604187,11,124696.45392990112
2022-02-15 09:30:00-05:00,124080.29090881348,33609.5164604187,11,124080.29090881348
2022-02-16 09:30:00-05:00,124466.94721221924,39788.46630859375,10,124466.94721221924
2022-02-17 09:30:00-05:00,124052.62244415283,39788.46630859375,10,124052.62244415283
2022-02-18 09:30:00-05:00,123784.86769485474,46898.86657714844,9,123784.86769485474
2022-02-22 09:30:00-05:00,124130.17639923096,32994.106479644775,11,124130.17639923096
2022-02-23 09:30:00-05:00,124162.66262054443,32994.106479644775,11,124162.66262054443
2022-02-24 09:30:00-05:00,121993.01551437378,32994.106479644775,11,121993.01551437378
2022-02-25 09:30:00-05:00,122385.82566833496,51429.46614456177,9,122385.82566833496
2022-02-28 09:30:00-05:00,123375.84133148193,28424.94568252564,12,123375.84133148193
2022-03-01 09:30:00-05:00,124293.3924331665,28424.94568252564,12,124293.3924331665
2022-03-02 09:30:00-05:00,124173.68198013306,28424.94568252564,12,124173.68198013306
2022-03-03 09:30:00-05:00,125769.42902755737,35122.44568252564,11,125769.42902755737
2022-03-04 09:30:00-05:00,125338.50580978394,35122.44568252564,11,125338.50580978394
2022-03-07 09:30:00-05:00,127114.3802947998,35122.44568252564,11,127114.3802947998
2022-03-08 09:30:00-05:00,127068.78094100952,35122.44568252564,11,127068.78094100952
2022-03-09 09:30:00-05:00,125717.17880630493,35122.44568252564,11,125717.17880630493
2022-03-10 09:30:00-05:00,124895.61951065063,41924.465488433845,10,124895.61951065063
2022-03-11 09:30:00-05:00,126432.63502120972,41924.465488433845,10,126432.63502120972
2022-03-14 10:30:00-04:00,126684.40645980835,48719.24603652955,9,126684.40645980835
2022-03-15 10:30:00-04:00,126248.36572647095,41738.42575454713,10,126248.36572647095
2022-03-16 10:30:00-04:00,126842.69524765015,41738.42575454713,10,126842.69524765015
2022-03-17 10:30:00-04:00,126277.45613479614,41738.42575454713,10,126277.45613479614
2022-03-18 10:30:00-04:00,127358.89566421509,41738.42575454713,10,127358.89566421509
2022-03-21 10:30:00-04:00,128313.40604782104,41738.42575454713,10,128313.40604782104
2022-03-22 10:30:00-04:00,129361.68518447876,41738.42575454713,10,129361.68518447876
2022-03-23 10:30:00-04:00,129369.82474899292,41738.42575454713,10,129369.82474899292
2022-03-24 10:30:00-04:00,129460.29579544067,41738.42575454713,10,129460.29579544067
2022-03-25 10:30:00-04:00,130356.74599838257,41738.42575454713,10,130356.74599838257
2022-03-28 10:30:00-04:00,131055.93463516235,41738.42575454713,10,131055.93463516235
2022-03-29 10:30:00-04:00,129812.78661727905,41738.42575454713,10,129812.78661727905
2022-03-30 10:30:00-04:00,129635.37588119507,41738.42575454713,10,129635.37588119507
2022-03-31 10:30:00-04:00,129738.6847038269,41738.42575454713,10,129738.6847038269
2022-04-01 10:30:00-04:00,130007.88614273071,41738.42575454713,10,130007.88614273071
2022-04-04 10:30:00-04:00,130697.49545669556,41738.42575454713,10,130697.49545669556
2022-04-05 10:30:00-04:00,129900.71586990356,41738.42575454713,10,129900.71586990356
2022-04-06 10:30:00-04:00,130416.96674728394,41738.42575454713,10,130416.96674728394
2022-04-07 10:30:00-04:00,131588.5563468933,41738.42575454713,10,131588.5563468933
2022-04-08 10:30:00-04:00,133443.4166984558,41738.42575454713,10,133443.4166984558
2022-04-11 10:30:00-04:00,134455.835521698,41738.42575454713,10,134455.835521698
2022-04-12 10:30:00-04:00,133095.14499282837,41738.42575454713,10,133095.14499282837
2022-04-13 10:30:00-04:00,133199.9157524109,41738.42575454713,10,133199.9157524109
2022-04-14 10:30:00-04:00,133250.606426239,41738.42575454713,10,133250.606426239
2022-04-18 10:30:00-04:00,133545.15636062622,51682.97613906861,9,133545.15636062622
2022-04-19 10:30:00-04:00,133538.9864692688,36376.916172027595,11,133538.9864692688
2022-04-20 10:30:00-04:00,133669.196269989,36376.916172027595,11,133669.196269989
2022-04-21 10:30:00-04:00,135040.78625106812,36376.916172027595,11,135040.78625106812
2022-04-22 10:30:00-04:00,133138.60632705688,44766.715991973884,10,133138.60632705688
2022-04-25 10:30:00-04:00,129885.44518661499,44766.715991973884,10,129885.44518661499
2022-04-26 10:30:00-04:00,130658.51665878297,65735.9359931946,7,130658.51665878297
2022-04-27 10:30:00-04:00,129594.55627822879,56023.6859931946,8,129594.55627822879
2022-04-28 10:30:00-04:00,129956.00670242312,72645.87634658816,6,129956.00670242312
2022-04-29 10:30:00-04:00,129849.11709976199,61438.176570892356,7,129849.11709976199
2022-05-02 10:30:00-04:00,128061.65579605105,51671.296031951926,8,128061.65579605105
2022-05-03 10:30:00-04:00,128186.48534011844,78899.9555397034,5,128186.48534011844
2022-05-04 10:30:00-04:00,128231.62547683719,78899.9555397034,5,128231.62547683719
2022-05-05 10:30:00-04:00,129143.31535339358,66381.99546432498,6,129143.31535339358
2022-05-06 10:30:00-04:00,127409.14864349368,36936.91585922244,9,127409.14864349368
2022-05-09 10:30:00-04:00,127793.55088806155,31520.41585922244,10,127793.55088806155
2022-05-10 10:30:00-04:00,126807.94091415408,31520.41585922244,10,126807.94091415408
2022-05-11 10:30:00-04:00,125394.82205581668,39926.615657806426,9,125394.82205581668
2022-05-12 10:30:00-04:00,124143.78654098514,45869.586040496855,9,124143.78654098514
2022-05-13 10:30:00-04:00,124775.22620773318,68904.32552719119,6,124775.22620773318
2022-05-16 10:30:00-04:00,124822.99913024905,68904.32552719119,6,124822.99913024905
2022-05-17 10:30:00-04:00,125696.06455612186,68904.32552719119,6,125696.06455612186
2022-05-18 10:30:00-04:00,125997.58181762698,58588.765743255644,7,125997.58181762698
2022-05-19 10:30:00-04:00,122494.91788482669,49773.275646209746,8,122494.91788482669
2022-05-20 10:30:00-04:00,123634.52930831912,69216.77582168582,6,123634.52930831912
2022-05-23 10:30:00-04:00,123334.30971908572,69216.77582168582,6,123334.30971908572
2022-05-24 10:30:00-04:00,123148.27205657962,48494.4558143616,8,123148.27205657962
2022-05-25 10:30:00-04:00,123933.8635940552,48494.4558143616,8,123933.8635940552
2022-05-26 10:30:00-04:00,124507.3041763306,48494.4558143616,8,124507.3041763306
2022-05-27 10:30:00-04:00,125199.33395385745,48494.4558143616,8,125199.33395385745
2022-05-31 10:30:00-04:00,125421.79717636111,48494.4558143616,8,125421.79717636111
2022-06-01 10:30:00-04:00,125136.62012481692,48494.4558143616,8,125136.62012481692
2022-06-02 10:30:00-04:00,123833.01026916507,26650.255559921294,11,123833.01026916507
2022-06-03 10:30:00-04:00,123843.82239532474,26650.255559921294,11,123843.82239532474
2022-06-06 10:30:00-04:00,124269.86897659305,26650.255559921294,11,124269.86897659305
2022-06-07 10:30:00-04:00,123465.01702499393,26650.255559921294,11,123465.01702499393
2022-06-08 10:30:00-04:00,124081.62321662906,26650.255559921294,11,124081.62321662906
2022-06-09 10:30:00-04:00,123352.48437309268,26650.255559921294,11,123352.48437309268
2022-06-10 10:30:00-04:00,120964.07662773135,33561.97580528262,10,120964.07662773135
2022-06-13 10:30:00-04:00,119518.70555114749,69153.70604515079,6,119518.70555114749
2022-06-14 10:30:00-04:00,119209.2250709534,102437.31564521792,2,119209.2250709534
2022-06-15 10:30:00-04:00,119056.41528701785,109216.39535903934,1,119056.41528701785
2022-06-16 10:30:00-04:00,119056.41528701785,119056.41528701785,0,119056.41528701785
2022-06-17 10:30:00-04:00,119056.41528701785,119056.41528701785,0,119056.41528701785
2022-06-21 10:30:00-04:00,119056.41528701785,119056.41528701785,0,119056.41528701785
2022-06-22 10:30:00-04:00,119056.41528701785,119056.41528701785,0,119056.41528701785
2022-06-23 10:30:00-04:00,119056.41528701785,119056.41528701785,0,119056.41528701785
2022-06-24 10:30:00-04:00,119056.41528701785,119056.41528701785,0,119056.41528701785
2022-06-27 10:30:00-04:00,119056.41528701785,119056.41528701785,0,119056.41528701785
2022-06-28 10:30:00-04:00,118975.28400802615,65938.62491989139,3,118975.28400802615
2022-06-29 10:30:00-04:00,117696.93567276004,65938.62491989139,3,117696.93567276004
2022-06-30 10:30:00-04:00,117685.43456649783,65938.62491989139,3,117685.43456649783
2022-07-01 10:30:00-04:00,117942.73508834842,65938.62491989139,3,117942.73508834842
2022-07-05 10:30:00-04:00,118218.2656669617,65938.62491989139,3,118218.2656669617
2022-07-06 10:30:00-04:00,118268.54425430301,65938.62491989139,3,118268.54425430301
2022-07-07 10:30:00-04:00,118393.85461807254,65938.62491989139,3,118393.85461807254
2022-07-08 10:30:00-04:00,118277.00597858432,56019.925068855315,4,118277.00597858432
2022-07-11 10:30:00-04:00,117890.48514270785,56019.925068855315,4,117890.48514270785
2022-07-12 10:30:00-04:00,118110.08576965335,56019.925068855315,4,118110.08576965335
2022-07-13 10:30:00-04:00,117317.8749303818,56019.925068855315,4,117317.8749303818
2022-07-14 10:30:00-04:00,117098.45391368869,56019.925068855315,4,117098.45391368869
2022-07-15 10:30:00-04:00,119034.36513042453,56019.925068855315,4,119034.36513042453
2022-07-18 10:30:00-04:00,118824.30616569522,56019.925068855315,4,118824.30616569522
2022-07-19 10:30:00-04:00,118367.31578826907,47663.87521076205,5,118367.31578826907
2022-07-20 10:30:00-04:00,118917.01554393771,47663.87521076205,5,118917.01554393771
2022-07-21 10:30:00-04:00,117799.79651260379,26636.775052070643,8,117799.79651260379
2022-07-22 10:30:00-04:00,118759.18350696567,26636.775052070643,8,118759.18350696567
2022-07-25 10:30:00-04:00,118737.56516933444,18752.984860420253,10,118737.56516933444
2022-07-26 10:30:00-04:00,118357.15477848056,18752.984860420253,10,118357.15477848056
2022-07-27 10:30:00-04:00,118956.7851276398,18752.984860420253,10,118956.7851276398
2022-07-28 10:30:00-04:00,119631.43483924869,18752.984860420253,10,119631.43483924869
2022-07-29 10:30:00-04:00,120906.03499221805,22301.624752998378,9,120906.03499221805
2022-08-01 10:30:00-04:00,121492.83471393588,12084.404850959803,12,121492.83471393588
2022-08-02 10:30:00-04:00,122091.17407131198,12084.404850959803,12,122091.17407131198
2022-08-03 10:30:00-04:00,121867.41581439975,12084.404850959803,12,121867.41581439975
2022-08-04 10:30:00-04:00,122496.08405685428,12084.404850959803,12,122496.08405685428
2022-08-05 10:30:00-04:00,121886.61539077762,12084.404850959803,12,121886.61539077762
2022-08-08 10:30:00-04:00,123470.284570694,12084.404850959803,12,123470.284570694
2022-08-09 10:30:00-04:00,122985.2321405411,12084.404850959803,12,122985.2321405411
2022-08-10 10:30:00-04:00,124994.40642642978,12084.404850959803,12,124994.40642642978
2022-08-11 10:30:00-04:00,124942.8066196442,12084.404850959803,12,124942.8066196442
2022-08-12 10:30:00-04:00,124314.57547569278,12084.404850959803,12,124314.57547569278
2022-08-15 10:30:00-04:00,125700.51551246646,12084.404850959803,12,125700.51551246646
2022-08-16 10:30:00-04:00,126361.03422641757,12084.404850959803,12,126361.03422641757
2022-08-17 10:30:00-04:00,127144.84590721133,12084.404850959803,12,127144.84590721133
2022-08-18 10:30:00-04:00,126670.0739822388,12084.404850959803,12,126670.0739822388
2022-08-19 10:30:00-04:00,126264.86525440219,12084.404850959803,12,126264.86525440219
2022-08-22 10:30:00-04:00,124841.63494014743,12084.404850959803,12,124841.63494014743
2022-08-23 10:30:00-04:00,124252.94451045993,28902.754874229457,10,124252.94451045993
2022-08-24 10:30:00-04:00,123351.28520870212,28902.754874229457,10,123351.28520870212
2022-08-25 10:30:00-04:00,123572.5140295029,32487.004874229457,9,123572.5140295029
2022-08-26 10:30:00-04:00,123793.69421291354,17797.214953422572,12,123793.69421291354
2022-08-29 10:30:00-04:00,120540.05339908603,26299.274783134486,11,120540.05339908603
2022-08-30 10:30:00-04:00,120514.3538770676,71391.63430309299,6,120514.3538770676
2022-08-31 10:30:00-04:00,119382.79314327243,60667.84401607517,7,119382.79314327243
2022-09-01 10:30:00-04:00,118538.14378833774,83596.61395168307,5,118538.14378833774
2022-09-02 10:30:00-04:00,118867.54445743564,93463.64428234103,3,118867.54445743564
2022-09-06 10:30:00-04:00,118186.02339267734,65375.88447856907,5,118186.02339267734
2022-09-07 10:30:00-04:00,117291.88467121129,63296.084086418196,5,117291.88467121129
2022-09-08 10:30:00-04:00,118027.94453334813,72490.72416973118,4,118027.94453334813
2022-09-09 10:30:00-04:00,118828.01544475558,50872.76430034641,6,118828.01544475558
2022-09-12 10:30:00-04:00,118929.56420803073,43254.36443614963,7,118929.56420803073
2022-09-13 10:30:00-04:00,116994.34311580661,24021.264185905482,10,116994.34311580661
2022-09-14 10:30:00-04:00,115414.50408458713,24021.264185905482,10,115414.50408458713
2022-09-15 10:30:00-04:00,115784.81399822238,48883.85393047335,8,115784.81399822238
2022-09-16 10:30:00-04:00,113791.44227313997,27157.18421268465,11,113791.44227313997
2022-09-19 10:30:00-04:00,112575.52177333835,44599.92163562777,9,112575.52177333835
2022-09-20 10:30:00-04:00,113747.2918815613,31690.1915369034,11,113747.2918815613
2022-09-21 10:30:00-04:00,113011.18220996858,31690.1915369034,11,113011.18220996858
2022-09-22 10:30:00-04:00,110831.90246868135,31690.1915369034,11,110831.90246868135
2022-09-23 10:30:00-04:00,109939.52251911165,86900.84239482881,4,109939.52251911165
2022-09-26 10:30:00-04:00,109905.55271053316,98724.12245464326,2,109905.55271053316
2022-09-27 10:30:00-04:00,109702.16240978242,98724.12245464326,2,109702.16240978242
2022-09-28 10:30:00-04:00,109716.95245647432,103361.33231639864,1,109716.95245647432
2022-09-29 10:30:00-04:00,109790.39219188692,103361.33231639864,1,109790.39219188692
2022-09-30 10:30:00-04:00,109812.67300701143,88087.04244518281,2,109812.67300701143
2022-10-03 10:30:00-04:00,109914.67181682588,88087.04244518281,2,109914.67181682588
2022-10-04 10:30:00-04:00,110284.68269634248,74906.04244518281,3,110284.68269634248
2022-10-05 10:30:00-04:00,110523.12234783174,74906.04244518281,3,110523.12234783174
2022-10-06 10:30:00-04:00,110362.65227794647,52723.74264049531,5,110362.65227794647
2022-10-07 10:30:00-04:00,110492.93313884735,36978.212927818306,7,110492.93313884735
2022-10-10 10:30:00-04:00,109715.66140270233,36978.212927818306,7,109715.66140270233
2022-10-11 10:30:00-04:00,108963.45223140717,31487.21317195893,8,108963.45223140717
2022-10-12 10:30:00-04:00,108717.22119045258,31487.21317195893,8,108717.22119045258
2022-10-13 10:30:00-04:00,106730.56278514862,31487.21317195893,8,106730.56278514862
2022-10-14 10:30:00-04:00,109913.64350414276,46864.39326381684,7,109913.64350414276
2022-10-17 10:30:00-04:00,108580.72360134125,39878.313292503364,8,108580.72360134125
2022-10-18 10:30:00-04:00,109698.40239620209,46511.89326381684,7,109698.40239620209
2022-10-19 10:30:00-04:00,109861.71243572235,46511.89326381684,7,109861.71243572235
2022-10-20 10:30:00-04:00,108636.09468364716,46511.89326381684,7,108636.09468364716
2022-10-21 10:30:00-04:00,108777.98249340057,52456.45313930512,6,108777.98249340057
2022-10-24 10:30:00-04:00,110196.01320171356,52456.45313930512,6,110196.01320171356
2022-10-25 10:30:00-04:00,111537.68344783783,45494.1130514145,7,111537.68344783783
2022-10-26 10:30:00-04:00,112381.95381069183,38721.37330532075,8,112381.95381069183
2022-10-27 10:30:00-04:00,113432.2523984909,38721.37330532075,8,113432.2523984909
2022-10-28 10:30:00-04:00,114891.22420787811,32927.53340053559,9,114891.22420787811
2022-10-31 10:30:00-04:00,115816.06238460541,23136.57330226899,11,115816.06238460541
2022-11-01 10:30:00-04:00,116853.42341518402,23136.57330226899,11,116853.42341518402
2022-11-02 10:30:00-04:00,115791.01256847382,23136.57330226899,11,115791.01256847382
2022-11-03 10:30:00-04:00,114378.29363918304,23136.57330226899,11,114378.29363918304
2022-11-04 10:30:00-04:00,117302.4426908493,23136.57330226899,11,117302.4426908493
2022-11-07 09:30:00-05:00,117576.19288539886,23136.57330226899,11,117576.19288539886
2022-11-08 09:30:00-05:00,118713.3832654953,23136.57330226899,11,118713.3832654953
2022-11-09 09:30:00-05:00,119406.53410625458,23136.57330226899,11,119406.53410625458
2022-11-10 09:30:00-05:00,121221.21335506439,23136.57330226899,11,121221.21335506439
2022-11-11 09:30:00-05:00,120704.80335521698,23136.57330226899,11,120704.80335521698
2022-11-14 09:30:00-05:00,119762.11286067963,23136.57330226899,11,119762.11286067963
2022-11-15 09:30:00-05:00,119760.183634758,23136.57330226899,11,119760.183634758
2022-11-16 09:30:00-05:00,119712.64340877533,23136.57330226899,11,119712.64340877533
2022-11-17 09:30:00-05:00,119302.10440731049,23136.57330226899,11,119302.10440731049
2022-11-18 09:30:00-05:00,120760.49256038666,23136.57330226899,11,120760.49256038666
2022-11-21 09:30:00-05:00,120779.36379146576,23136.57330226899,11,120779.36379146576
2022-11-22 09:30:00-05:00,121316.23335933685,31960.32330226899,10,121316.23335933685
2022-11-23 09:30:00-05:00,121859.01246547699,31960.32330226899,10,121859.01246547699
2022-11-25 09:30:00-05:00,121715.2737569809,31960.32330226899,10,121715.2737569809
2022-11-28 09:30:00-05:00,121347.30355739594,31960.32330226899,10,121347.30355739594
2022-11-29 09:30:00-05:00,120534.39308071136,31960.32330226899,10,120534.39308071136
2022-11-30 09:30:00-05:00,121349.81272029877,31960.32330226899,10,121349.81272029877
2022-12-01 09:30:00-05:00,122454.48411464691,31960.32330226899,10,122454.48411464691
2022-12-02 09:30:00-05:00,121215.79351711273,31960.32330226899,10,121215.79351711273
2022-12-05 09:30:00-05:00,121878.50292110443,36874.863417625435,9,121878.50292110443
2022-12-06 09:30:00-05:00,120006.7825422287,20612.72364902497,12,120006.7825422287
2022-12-07 09:30:00-05:00,119551.22384357452,20612.72364902497,12,119551.22384357452
2022-12-08 09:30:00-05:00,120004.85450458527,31518.96388339997,11,120004.85450458527
2022-12-09 09:30:00-05:00,119994.92409038544,31518.96388339997,11,119994.92409038544
2022-12-12 09:30:00-05:00,118706.82410907745,31518.96388339997,11,118706.82410907745
2022-12-13 09:30:00-05:00,120156.44425678253,52577.28407382966,9,120156.44425678253
2022-12-14 09:30:00-05:00,118229.23952770233,28659.87634372712,12,118229.23952770233
2022-12-15 09:30:00-05:00,117072.72656345367,40708.716431617744,10,117072.72656345367
2022-12-16 09:30:00-05:00,115896.32868480682,40708.716431617744,10,115896.32868480682
2022-12-19 09:30:00-05:00,116148.1897249222,78743.51921176912,4,116148.1897249222
2022-12-20 09:30:00-05:00,116244.20706844333,43526.06859683993,7,116244.20706844333
2022-12-21 09:30:00-05:00,116843.82800579074,43526.06859683993,7,116843.82800579074
2022-12-22 09:30:00-05:00,117009.17973995212,37060.55843448641,8,117009.17973995212
2022-12-23 09:30:00-05:00,116459.02788448337,31777.258568763755,9,116459.02788448337
2022-12-27 09:30:00-05:00,117128.61836338046,31777.258568763755,9,117128.61836338046
2022-12-28 09:30:00-05:00,117167.47841167453,31777.258568763755,9,117167.47841167453
2022-12-29 09:30:00-05:00,116402.22998142245,27071.77867984774,10,116402.22998142245
2022-12-30 09:30:00-05:00,115944.22851848605,27071.77867984774,10,115944.22851848605
2023-01-03 09:30:00-05:00,116280.53819751742,27071.77867984774,10,116280.53819751742
2023-01-04 09:30:00-05:00,116420.26791095737,39305.378533363364,9,116420.26791095737
2023-01-05 09:30:00-05:00,116568.73869800569,27545.668648719806,11,116568.73869800569
2023-01-06 09:30:00-05:00,117063.67824649812,32690.548897743243,10,117063.67824649812
2023-01-09 09:30:00-05:00,118620.97881221773,32690.548897743243,10,118620.97881221773
2023-01-10 09:30:00-05:00,117464.44874095918,32690.548897743243,10,117464.44874095918
2023-01-11 09:30:00-05:00,117847.05868625642,32690.548897743243,10,117847.05868625642
2023-01-12 09:30:00-05:00,118410.3094263077,32690.548897743243,10,118410.3094263077
2023-01-13 09:30:00-05:00,117964.92901897432,32690.548897743243,10,117964.92901897432
2023-01-17 09:30:00-05:00,118984.99895954134,32690.548897743243,10,118984.99895954134
2023-01-18 09:30:00-05:00,118430.00872707368,32690.548897743243,10,118430.00872707368
2023-01-19 09:30:00-05:00,116579.43945407869,32690.548897743243,10,116579.43945407869
2023-01-20 09:30:00-05:00,116320.24805164339,43863.0288591385,9,116320.24805164339
2023-01-23 09:30:00-05:00,117117.73877620698,28934.108860969554,11,117117.73877620698
2023-01-24 09:30:00-05:00,117511.62005138399,28934.108860969554,11,117511.62005138399
2023-01-25 09:30:00-05:00,117031.28825473787,28934.108860969554,11,117031.28825473787
2023-01-26 09:30:00-05:00,118885.16858005525,28934.108860969554,11,118885.16858005525
2023-01-27 09:30:00-05:00,118301.8788251877,28934.108860969554,11,118301.8788251877
2023-01-30 09:30:00-05:00,117961.71836185457,28934.108860969554,11,117961.71836185457
2023-01-31 09:30:00-05:00,118107.8982782364,28934.108860969554,11,118107.8982782364
2023-02-01 09:30:00-05:00,119048.31935787202,28934.108860969554,11,119048.31935787202
2023-02-02 09:30:00-05:00,119871.45859622957,28934.108860969554,11,119871.45859622957
2023-02-03 09:30:00-05:00,118125.50892734528,40403.98854541779,10,118125.50892734528
2023-02-06 09:30:00-05:00,117672.78789234161,59887.08829975129,8,117672.78789234161
2023-02-07 09:30:00-05:00,117155.4369688034,33297.21751117707,11,117155.4369688034
2023-02-08 09:30:00-05:00,117712.47803020477,33297.21751117707,11,117712.47803020477
2023-02-09 09:30:00-05:00,118032.47806072235,38397.89749431611,10,118032.47806072235
2023-02-10 09:30:00-05:00,116470.46853923798,38397.89749431611,10,116470.46853923798
2023-02-13 09:30:00-05:00,116881.84762859344,44733.9474515915,9,116881.84762859344
2023-02-14 09:30:00-05:00,117382.84758281709,24856.367075920116,12,117382.84758281709
2023-02-15 09:30:00-05:00,117687.33754253389,24856.367075920116,12,117687.33754253389
2023-02-16 09:30:00-05:00,117435.1755475998,31048.447199821483,11,117435.1755475998
2023-02-17 09:30:00-05:00,116673.65865612031,31048.447199821483,11,116673.65865612031
2023-02-21 09:30:00-05:00,116081.96650981903,44058.937006950386,9,116081.96650981903
2023-02-22 09:30:00-05:00,115214.24605846405,24659.45695018769,12,115214.24605846405
2023-02-23 09:30:00-05:00,115389.41668224335,37593.9867963791,11,115389.41668224335
2023-02-24 09:30:00-05:00,114512.49708843231,37593.9867963791,11,114512.49708843231
2023-02-27 09:30:00-05:00,115070.58773326874,45788.2367963791,10,115070.58773326874
2023-02-28 09:30:00-05:00,114388.82680034637,45788.2367963791,10,114388.82680034637
2023-03-01 09:30:00-05:00,114303.82666301727,52018.03690624238,9,114303.82666301727
2023-03-02 09:30:00-05:00,114303.95662212372,42642.80649089814,10,114303.95662212372
2023-03-03 09:30:00-05:00,115103.93651103973,57373.486727714546,8,115103.93651103973
2023-03-06 09:30:00-05:00,116078.93660640717,48540.37666225434,9,116078.93660640717
2023-03-07 09:30:00-05:00,115790.51729869843,28834.217017173774,12,115790.51729869843
2023-03-08 09:30:00-05:00,115108.57092952728,28834.217017173774,12,115108.57092952728
2023-03-09 09:30:00-05:00,115379.29117488861,28834.217017173774,12,115379.29117488861
2023-03-10 09:30:00-05:00,113684.4332113266,28834.217017173774,12,113684.4332113266
2023-03-13 10:30:00-04:00,111348.78375911713,44053.47719478608,10,111348.78375911713
2023-03-14 10:30:00-04:00,112660.36447429658,63278.10682582857,7,112660.36447429658
2023-03-15 10:30:00-04:00,112539.93666744234,63278.10682582857,7,112539.93666744234
2023-03-16 10:30:00-04:00,112776.08107662204,40039.404284477256,9,112776.08107662204
2023-03-17 10:30:00-04:00,115894.93383312227,28356.584429740924,11,115894.93383312227
2023-03-20 10:30:00-04:00,115345.32171154024,28356.584429740924,11,115345.32171154024
2023-03-21 10:30:00-04:00,116494.3041753769,28356.584429740924,11,116494.3041753769
2023-03-22 10:30:00-04:00,116550.17442226411,28356.584429740924,11,116550.17442226411
2023-03-23 10:30:00-04:00,116687.75509166719,28356.584429740924,11,116687.75509166719
2023-03-24 10:30:00-04:00,116457.06917476656,28356.584429740924,11,116457.06917476656
2023-03-27 10:30:00-04:00,116625.21979808809,28356.584429740924,11,116625.21979808809
2023-03-28 10:30:00-04:00,115533.2756147385,33905.08442974093,10,115533.2756147385
2023-03-29 10:30:00-04:00,115790.52595043185,33905.08442974093,10,115790.52595043185
2023-03-30 10:30:00-04:00,116548.39840602878,33905.08442974093,10,116548.39840602878
2023-03-31 10:30:00-04:00,116344.83997249606,33905.08442974093,10,116344.83997249606
2023-04-03 10:30:00-04:00,117236.2517499924,33905.08442974093,10,117236.2517499924
2023-04-04 10:30:00-04:00,118075.2029294968,33905.08442974093,10,118075.2029294968
2023-04-05 10:30:00-04:00,116480.83304500583,33905.08442974093,10,116480.83304500583
2023-04-06 10:30:00-04:00,114532.45044994357,33905.08442974093,10,114532.45044994357
2023-04-10 10:30:00-04:00,114476.16242504123,47325.06475353243,8,114476.16242504123
2023-04-11 10:30:00-04:00,115543.4795675278,57187.62472057345,7,115543.4795675278
2023-04-12 10:30:00-04:00,115452.99726390842,57187.62472057345,7,115452.99726390842
2023-04-13 10:30:00-04:00,115008.60619640353,40021.524317741416,9,115008.60619640353
2023-04-14 10:30:00-04:00,115458.20818996432,40021.524317741416,9,115458.20818996432
2023-04-17 10:30:00-04:00,115593.51808834079,28083.464076042197,11,115593.51808834079
2023-04-18 10:30:00-04:00,116671.20509243014,28083.464076042197,11,116671.20509243014
2023-04-19 10:30:00-04:00,115784.64151287082,28083.464076042197,11,115784.64151287082
2023-04-20 10:30:00-04:00,115397.01245403293,28083.464076042197,11,115397.01245403293
2023-04-21 10:30:00-04:00,115741.82536602023,37659.654189109824,10,115741.82536602023
2023-04-24 10:30:00-04:00,115815.1669378281,37659.654189109824,10,115815.1669378281
2023-04-25 10:30:00-04:00,115375.16179943088,37659.654189109824,10,115375.16179943088
2023-04-26 10:30:00-04:00,114338.20532894137,44279.45439052584,9,114338.20532894137
2023-04-27 10:30:00-04:00,113569.41125774386,44369.964232444785,9,113569.41125774386
2023-04-28 10:30:00-04:00,114315.94687938693,45794.714537620566,9,114315.94687938693
2023-05-01 10:30:00-04:00,114850.9537496567,33879.444228172324,11,114850.9537496567
2023-05-02 10:30:00-04:00,114943.79288768771,33879.444228172324,11,114943.79288768771
2023-05-03 10:30:00-04:00,115442.30343151095,33879.444228172324,11,115442.30343151095
2023-05-04 10:30:00-04:00,115657.27510738376,33879.444228172324,11,115657.27510738376
2023-05-05 10:30:00-04:00,115806.26843929294,33879.444228172324,11,115806.26843929294
2023-05-08 10:30:00-04:00,117198.03242015842,33879.444228172324,11,117198.03242015842
2023-05-09 10:30:00-04:00,117616.342707634,33879.444228172324,11,117616.342707634
2023-05-10 10:30:00-04:00,117842.40254879,33879.444228172324,11,117842.40254879
2023-05-11 10:30:00-04:00,118976.18790721896,40344.28391933443,10,118976.18790721896
2023-05-12 10:30:00-04:00,119427.49838542941,40344.28391933443,10,119427.49838542941
2023-05-15 10:30:00-04:00,119037.74535655978,40344.28391933443,10,119037.74535655978
2023-05-16 10:30:00-04:00,119026.10167598727,40344.28391933443,10,119026.10167598727
2023-05-17 10:30:00-04:00,119879.49935054782,40344.28391933443,10,119879.49935054782
2023-05-18 10:30:00-04:00,120001.06371212009,40344.28391933443,10,120001.06371212009
2023-05-19 10:30:00-04:00,121626.55445766452,40344.28391933443,10,121626.55445766452
2023-05-22 10:30:00-04:00,121232.98311519626,40344.28391933443,10,121232.98311519626
2023-05-23 10:30:00-04:00,120724.65614223483,40344.28391933443,10,120724.65614223483
2023-05-24 10:30:00-04:00,118965.6353902817,40344.28391933443,10,118965.6353902817
2023-05-25 10:30:00-04:00,119857.4671545029,59381.7841100693,7,119857.4671545029
2023-05-26 10:30:00-04:00,120614.75820064548,66247.51433467868,6,120614.75820064548
2023-05-30 10:30:00-04:00,124028.64037990573,36310.81437587741,9,124028.64037990573
2023-05-31 10:30:00-04:00,122314.57419490817,30790.81437587741,10,122314.57419490817
2023-06-01 10:30:00-04:00,121853.8301534653,30790.81437587741,10,121853.8301534653
2023-06-02 10:30:00-04:00,122804.17616176608,30790.81437587741,10,122804.17616176608
2023-06-05 10:30:00-04:00,122893.58432674411,30790.81437587741,10,122893.58432674411
2023-06-06 10:30:00-04:00,123200.07444667819,30790.81437587741,10,123200.07444667819
2023-06-07 10:30:00-04:00,124301.6969213486,30790.81437587741,10,124301.6969213486
2023-06-08 10:30:00-04:00,122991.10283565524,30790.81437587741,10,122991.10283565524
2023-06-09 10:30:00-04:00,123718.71412563327,30790.81437587741,10,123718.71412563327
2023-06-12 10:30:00-04:00,124245.42520046237,30790.81437587741,10,124245.42520046237
2023-06-13 10:30:00-04:00,126619.52479457858,30790.81437587741,10,126619.52479457858
2023-06-14 10:30:00-04:00,125611.00290584567,30790.81437587741,10,125611.00290584567
2023-06-15 10:30:00-04:00,125433.37763118747,30790.81437587741,10,125433.37763118747
2023-06-16 10:30:00-04:00,126908.82899379733,30790.81437587741,10,126908.82899379733
2023-06-20 10:30:00-04:00,124683.1574468613,30790.81437587741,10,124683.1574468613
2023-06-21 10:30:00-04:00,124888.01830196384,30790.81437587741,10,124888.01830196384
2023-06-22 10:30:00-04:00,122811.9419088364,30790.81437587741,10,122811.9419088364
2023-06-23 10:30:00-04:00,123094.5772161484,59861.673842430144,7,123094.5772161484
2023-06-26 10:30:00-04:00,123154.85189723971,59861.673842430144,7,123154.85189723971
2023-06-27 10:30:00-04:00,122279.41737270358,33030.993178367644,10,122279.41737270358
2023-06-28 10:30:00-04:00,123353.8022603989,47713.873061180144,8,123353.8022603989
2023-06-29 10:30:00-04:00,124629.38963794711,26302.713242530855,11,124629.38963794711
2023-06-30 10:30:00-04:00,126275.0592927933,26302.713242530855,11,126275.0592927933
2023-07-03 10:30:00-04:00,126328.23797702792,26302.713242530855,11,126328.23797702792
2023-07-05 10:30:00-04:00,126413.39271259311,26302.713242530855,11,126413.39271259311
2023-07-06 10:30:00-04:00,124776.77434635165,26302.713242530855,11,124776.77434635165
2023-07-07 10:30:00-04:00,124346.24179172519,26302.713242530855,11,124346.24179172519
2023-07-10 10:30:00-04:00,124831.35803699496,26302.713242530855,11,124831.35803699496
2023-07-11 10:30:00-04:00,126282.79582691196,26302.713242530855,11,126282.79582691196
2023-07-12 10:30:00-04:00,127438.19271183017,26302.713242530855,11,127438.19271183017
2023-07-13 10:30:00-04:00,127395.27353382114,26302.713242530855,11,127395.27353382114
2023-07-14 10:30:00-04:00,127337.42045307162,26302.713242530855,11,127337.42045307162
2023-07-17 10:30:00-04:00,126494.20555973056,26302.713242530855,11,126494.20555973056
2023-07-18 10:30:00-04:00,127345.51799106601,33256.293217659026,10,127345.51799106601
2023-07-19 10:30:00-04:00,128866.77481174472,33256.293217659026,10,128866.77481174472
2023-07-20 10:30:00-04:00,127798.59578418735,33256.293217659026,10,127798.59578418735
2023-07-21 10:30:00-04:00,126918.73983860019,33256.293217659026,10,126918.73983860019
2023-07-24 10:30:00-04:00,126263.80334186557,38665.09326648715,9,126263.80334186557
2023-07-25 10:30:00-04:00,126017.04899692538,30418.38332843783,11,126017.04899692538
2023-07-26 10:30:00-04:00,125980.96330356601,30418.38332843783,11,125980.96330356601
2023-07-27 10:30:00-04:00,127388.0835733414,45630.963452339194,9,127388.0835733414
2023-07-28 10:30:00-04:00,126612.91367435458,25327.839749336268,12,126612.91367435458
2023-07-31 10:30:00-04:00,126593.0408830643,25327.839749336268,12,126593.0408830643
2023-08-01 10:30:00-04:00,126375.15783786777,25327.839749336268,12,126375.15783786777
2023-08-02 10:30:00-04:00,127139.50359439853,25327.839749336268,12,127139.50359439853
2023-08-03 10:30:00-04:00,125732.96893024447,25327.839749336268,12,125732.96893024447
2023-08-04 10:30:00-04:00,125218.91722965243,25327.839749336268,12,125218.91722965243
2023-08-07 10:30:00-04:00,125639.60405063632,36830.08001422885,11,125639.60405063632
2023-08-08 10:30:00-04:00,125622.05917453769,36830.08001422885,11,125622.05917453769
2023-08-09 10:30:00-04:00,126056.32540607455,42169.840176582366,10,126056.32540607455
2023-08-10 10:30:00-04:00,125333.57982730868,47508.739941597014,9,125333.57982730868
2023-08-11 10:30:00-04:00,124505.43135166171,52579.69529438022,9,124505.43135166171
2023-08-14 10:30:00-04:00,124467.79672718051,44784.19511127475,10,124467.79672718051
2023-08-15 10:30:00-04:00,124339.97277545932,44784.19511127475,10,124339.97277545932
2023-08-16 10:30:00-04:00,123712.47311878207,57231.91364002231,8,123712.47311878207
2023-08-17 10:30:00-04:00,123180.28314304355,57231.91364002231,8,123180.28314304355
2023-08-18 10:30:00-04:00,120186.38375568393,63207.77409839634,7,120186.38375568393
2023-08-21 10:30:00-04:00,120454.28330707554,98681.413807869,3,120454.28330707554
2023-08-22 10:30:00-04:00,120456.6144151688,84159.95409107213,4,120456.6144151688
2023-08-23 10:30:00-04:00,120482.92461109166,84159.95409107213,4,120482.92461109166
2023-08-24 10:30:00-04:00,120817.99298191075,84159.95409107213,4,120817.99298191075
2023-08-25 10:30:00-04:00,120386.72445774083,58869.30524158482,6,120386.72445774083
2023-08-28 10:30:00-04:00,120887.84580707554,58869.30524158482,6,120887.84580707554
2023-08-29 10:30:00-04:00,121281.82859516148,50133.34552478795,7,121281.82859516148
2023-08-30 10:30:00-04:00,121618.94599246983,50133.34552478795,7,121618.94599246983
2023-08-31 10:30:00-04:00,122150.33459568028,27613.58948230748,10,122150.33459568028
2023-09-01 10:30:00-04:00,122439.7758340836,27613.58948230748,10,122439.7758340836
2023-09-05 10:30:00-04:00,122064.00447177891,27613.58948230748,10,122064.00447177891
2023-09-06 10:30:00-04:00,121616.39011859898,27613.58948230748,10,121616.39011859898
2023-09-07 10:30:00-04:00,121114.68811130528,27613.58948230748,10,121114.68811130528
2023-09-08 10:30:00-04:00,122025.01826190953,27613.58948230748,10,122025.01826190953
2023-09-11 10:30:00-04:00,122385.03708744053,27613.58948230748,10,122385.03708744053
2023-09-12 10:30:00-04:00,121965.76545810704,27613.58948230748,10,121965.76545810704
2023-09-13 10:30:00-04:00,121785.37402057652,27613.58948230748,10,121785.37402057652
2023-09-14 10:30:00-04:00,121999.31055164342,27613.58948230748,10,121999.31055164342
2023-09-15 10:30:00-04:00,122094.99327564244,27613.58948230748,10,122094.99327564244
2023-09-18 10:30:00-04:00,121342.58168506627,27613.58948230748,10,121342.58168506627
2023-09-19 10:30:00-04:00,121693.37535953526,27613.58948230748,10,121693.37535953526
2023-09-20 10:30:00-04:00,122463.7956361771,27613.58948230748,10,122463.7956361771
2023-09-21 10:30:00-04:00,120508.46491718297,27613.58948230748,10,120508.46491718297
2023-09-22 10:30:00-04:00,119657.72294712071,48365.053898811384,8,119657.72294712071
2023-09-25 10:30:00-04:00,119651.8931589127,66118.95302677159,6,119651.8931589127
2023-09-26 10:30:00-04:00,119590.64199924473,66118.95302677159,6,119590.64199924473
2023-09-27 10:30:00-04:00,119048.58351993565,56360.59328556065,7,119048.58351993565
2023-09-28 10:30:00-04:00,118883.57288455968,72387.47339725499,5,118883.57288455968
2023-09-29 10:30:00-04:00,119079.25440311436,61569.253884315534,6,119079.25440311436
2023-10-02 10:30:00-04:00,118338.79374027257,61569.253884315534,6,118338.79374027257
2023-10-03 10:30:00-04:00,118196.82511997227,73910.59392642979,5,118196.82511997227
2023-10-04 10:30:00-04:00,118148.89341068272,73910.59392642979,5,118148.89341068272
2023-10-05 10:30:00-04:00,118917.4029245377,73910.59392642979,5,118917.4029245377
2023-10-06 10:30:00-04:00,118834.67401981358,51840.26849460606,7,118834.67401981358
2023-10-09 10:30:00-04:00,119529.18924808507,51840.26849460606,7,119529.18924808507
2023-10-10 10:30:00-04:00,120466.68883609776,28725.358155250597,10,120466.68883609776
2023-10-11 10:30:00-04:00,120576.1126184464,28725.358155250597,10,120576.1126184464
2023-10-12 10:30:00-04:00,121606.1247568131,28725.358155250597,10,121606.1247568131
2023-10-13 10:30:00-04:00,121257.39449405675,28725.358155250597,10,121257.39449405675
2023-10-16 10:30:00-04:00,120994.08296298985,28725.358155250597,10,120994.08296298985
2023-10-17 10:30:00-04:00,121242.63388156895,28725.358155250597,10,121242.63388156895
2023-10-18 10:30:00-04:00,121883.35231876378,28725.358155250597,10,121883.35231876378
2023-10-19 10:30:00-04:00,121224.86789798741,28725.358155250597,10,121224.86789798741
2023-10-20 10:30:00-04:00,120268.40342807774,28725.358155250597,10,120268.40342807774
2023-10-23 10:30:00-04:00,118484.06250858311,28725.358155250597,10,118484.06250858311
2023-10-24 10:30:00-04:00,118871.90833377844,37891.17828464513,9,118871.90833377844
2023-10-25 10:30:00-04:00,117979.5989542008,37891.17828464513,9,117979.5989542008
2023-10-26 10:30:00-04:00,117275.81807804113,49954.95893192296,8,117275.81807804113
2023-10-27 10:30:00-04:00,116898.66901493077,68009.45893192296,6,116898.66901493077
2023-10-30 10:30:00-04:00,116531.09787082676,75628.70865726475,5,116531.09787082676
2023-10-31 10:30:00-04:00,117142.34815311436,83313.70865726475,4,117142.34815311436
2023-11-01 10:30:00-04:00,118214.29868412022,83313.70865726475,4,118214.29868412022
2023-11-02 10:30:00-04:00,119195.32904148106,83313.70865726475,4,119195.32904148106
2023-11-03 10:30:00-04:00,118454.67952823643,83313.70865726475,4,118454.67952823643
2023-11-06 09:30:00-05:00,118752.08933353428,83313.70865726475,4,118752.08933353428
2023-11-07 09:30:00-05:00,118860.63889408116,58477.10882663731,6,118860.63889408116
2023-11-08 09:30:00-05:00,119260.05821323399,49695.54841709141,7,119260.05821323399
2023-11-09 09:30:00-05:00,118747.09855747227,42627.54841709141,8,118747.09855747227
2023-11-10 09:30:00-05:00,118937.93760776524,36411.33853244786,9,118937.93760776524
2023-11-13 09:30:00-05:00,119958.91838169102,36411.33853244786,9,119958.91838169102
2023-11-14 09:30:00-05:00,120688.28135013585,20448.8534021378,12,120688.28135013585
2023-11-15 09:30:00-05:00,120716.85980319981,20448.8534021378,12,120716.85980319981
2023-11-16 09:30:00-05:00,119559.97293186192,20448.8534021378,12,119559.97293186192
2023-11-17 09:30:00-05:00,120532.12970829014,20448.8534021378,12,120532.12970829014
2023-11-20 09:30:00-05:00,120346.67376804356,20448.8534021378,12,120346.67376804356
2023-11-21 09:30:00-05:00,121333.0441141129,20448.8534021378,12,121333.0441141129
2023-11-22 09:30:00-05:00,122059.07639408116,20448.8534021378,12,122059.07639408116
2023-11-24 09:30:00-05:00,122279.76474857335,20448.8534021378,12,122279.76474857335
2023-11-27 09:30:00-05:00,122651.58809757237,20448.8534021378,12,122651.58809757237
2023-11-28 09:30:00-05:00,122528.18120670323,20448.8534021378,12,122528.18120670323
2023-11-29 09:30:00-05:00,122102.17202854161,20448.8534021378,12,122102.17202854161
2023-11-30 09:30:00-05:00,121329.69387149815,20448.8534021378,12,121329.69387149815
2023-12-01 09:30:00-05:00,121802.23557376866,31426.673523902937,11,121802.23557376866
2023-12-04 09:30:00-05:00,121680.84174442296,31426.673523902937,11,121680.84174442296
2023-12-05 09:30:00-05:00,121586.56462955479,31426.673523902937,11,121586.56462955479
2023-12-06 09:30:00-05:00,122136.39486789708,36622.79373264317,10,122136.39486789708
2023-12-07 09:30:00-05:00,121453.85363101964,36622.79373264317,10,121453.85363101964
2023-12-08 09:30:00-05:00,122479.24282932286,41795.39383029942,9,122479.24282932286
2023-12-11 09:30:00-05:00,123243.62252902989,23200.933503150984,12,123243.62252902989
2023-12-12 09:30:00-05:00,123835.15316867833,23200.933503150984,12,123835.15316867833
2023-12-13 09:30:00-05:00,125181.24469089512,23200.933503150984,12,125181.24469089512
2023-12-14 09:30:00-05:00,124851.07321262364,23200.933503150984,12,124851.07321262364
2023-12-15 09:30:00-05:00,123867.7346811295,30316.933503150984,11,123867.7346811295
2023-12-18 09:30:00-05:00,123902.64350986485,52950.61373996739,9,123902.64350986485
2023-12-19 09:30:00-05:00,123688.37080478673,29310.843827247663,12,123688.37080478673
2023-12-20 09:30:00-05:00,123932.88903903966,29310.843827247663,12,123932.88903903966
2023-12-21 09:30:00-05:00,122960.02404880528,29310.843827247663,12,122960.02404880528
2023-12-22 09:30:00-05:00,123994.63397312169,29310.843827247663,12,123994.63397312169
2023-12-26 09:30:00-05:00,124062.49888706212,29310.843827247663,12,124062.49888706212
2023-12-27 09:30:00-05:00,124720.36265659337,29310.843827247663,12,124720.36265659337
2023-12-28 09:30:00-05:00,125044.62478733067,29310.843827247663,12,125044.62478733067
2023-12-29 09:30:00-05:00,125404.07991123204,29310.843827247663,12,125404.07991123204
