timestamp,symbol,action,price,quantity,value,reason,portfolio_value,cash
2020-01-02 09:30:00-05:00,CZR,buy,59.63999938964844,251,14969.639846801758,"All conditions met. Flagpole: 57.9%, Vol: 0.05",100000.0,100000.0
2020-01-03 09:30:00-05:00,MMM,buy,150.50167846679688,84,12642.140991210938,"All conditions met. Flagpole: 19.5%, Vol: 0.03",99623.5,84874.74042129517
2020-01-03 09:30:00-05:00,AMD,buy,49.099998474121094,259,12716.899604797363,"All conditions met. Flagpole: 76.4%, Vol: 0.07",99623.5,84874.74042129517
2020-01-03 09:30:00-05:00,ALGN,buy,283.67999267578125,44,12481.919677734375,"All conditions met. Flagpole: 56.8%, Vol: 0.02",99623.5,84874.74042129517
2020-01-06 09:30:00-05:00,AXON,buy,73.93000030517578,96,7097.280029296875,"All conditions met. Flagpole: 55.9%, Vol: 0.02",99184.71004867554,47721.727085113525
2020-01-07 09:30:00-05:00,ACN,buy,208.42999267578125,29,6044.469787597656,"All conditions met. Flagpole: 17.2%, Vol: 0.02",99855.19395446777,40606.20682144165
2020-01-07 09:30:00-05:00,A,buy,84.81999969482422,71,6022.2199783325195,"All conditions met. Flagpole: 17.6%, Vol: 0.01",99855.19395446777,40606.20682144165
2020-01-07 09:30:00-05:00,ALLE,buy,123.61000061035156,49,6056.890029907227,"All conditions met. Flagpole: 25.3%, Vol: 0.01",99855.19395446777,40606.20682144165
2020-01-08 09:30:00-05:00,AME,buy,101.62999725341797,43,4370.089881896973,"All conditions met. Flagpole: 16.1%, Vol: 0.01",99665.68940353394,29317.266796112057
2020-01-08 09:30:00-05:00,APA,buy,32.5099983215332,135,4388.849773406982,"All conditions met. Flagpole: 77.7%, Vol: 0.12",99665.68940353394,29317.266796112057
2020-01-08 09:30:00-05:00,AMAT,buy,61.619998931884766,71,4375.019924163818,"All conditions met. Flagpole: 25.5%, Vol: 0.02",99665.68940353394,29317.266796112057
2020-01-17 09:30:00-05:00,ADBE,buy,345.3800048828125,12,4144.56005859375,"All conditions met. Flagpole: 33.9%, Vol: 0.02",101278.6626586914,28142.456768035885
2020-01-17 09:30:00-05:00,ALB,buy,80.41999816894531,52,4181.839904785156,"All conditions met. Flagpole: 35.4%, Vol: 0.04",101278.6626586914,28142.456768035885
2020-01-17 09:30:00-05:00,ALGN,buy,285.0299987792969,14,3990.4199829101562,"All conditions met. Flagpole: 45.7%, Vol: 0.03",101278.6626586914,28142.456768035885
2020-01-28 09:30:00-05:00,AMCR,buy,10.770000457763672,589,6343.530269622803,"All conditions met. Flagpole: 18.9%, Vol: 0.02",98131.90965461731,42350.48622894287
2020-01-28 09:30:00-05:00,ANET,buy,14.685625076293945,432,6344.190032958984,"All conditions met. Flagpole: 43.0%, Vol: 0.05",98131.90965461731,42350.48622894287
2020-01-28 09:30:00-05:00,ADSK,buy,195.8699951171875,32,6267.83984375,"All conditions met. Flagpole: 38.7%, Vol: 0.02",98131.90965461731,42350.48622894287
2020-01-30 09:30:00-05:00,XYZ,buy,76.16000366210938,77,5864.320281982422,"All conditions met. Flagpole: 28.6%, Vol: 0.05",97004.39068031311,39325.85047531128
2020-01-30 09:30:00-05:00,BRO,buy,45.0099983215332,131,5896.30978012085,"All conditions met. Flagpole: 23.3%, Vol: 0.04",97004.39068031311,39325.85047531128
2020-02-03 09:30:00-05:00,BX,buy,61.06999969482422,112,6839.8399658203125,"All conditions met. Flagpole: 25.9%, Vol: 0.04",96787.1607170105,45667.23080444336
2020-02-14 09:30:00-05:00,AKAM,buy,99.5999984741211,67,6673.199897766113,"All conditions met. Flagpole: 24.6%, Vol: 0.01",98941.59076499939,44852.40093040466
2020-02-14 09:30:00-05:00,CDNS,buy,79.25,84,6657.0,"All conditions met. Flagpole: 22.9%, Vol: 0.02",98941.59076499939,44852.40093040466
2020-02-14 09:30:00-05:00,CRL,buy,172.3000030517578,39,6719.700119018555,"All conditions met. Flagpole: 28.5%, Vol: 0.04",98941.59076499939,44852.40093040466
2020-03-05 09:30:00-05:00,CPB,buy,52.720001220703125,267,14076.240325927734,"All conditions met. Flagpole: 21.9%, Vol: 0.03",93967.55095481873,93967.55095481873
2020-03-09 10:30:00-04:00,AEE,buy,85.3499984741211,140,11948.999786376953,"All conditions met. Flagpole: 18.5%, Vol: 0.02",93163.88038444519,79896.65075111389
2020-03-09 10:30:00-04:00,AMT,buy,246.32000732421875,48,11823.3603515625,"All conditions met. Flagpole: 24.2%, Vol: 0.03",93163.88038444519,79896.65075111389
2020-03-10 10:30:00-04:00,AWK,buy,137.19000244140625,62,8505.780151367188,"All conditions met. Flagpole: 20.8%, Vol: 0.03",93743.10102653503,57308.01110267639
2020-03-17 10:30:00-04:00,CPB,buy,49.29999923706055,278,13705.399787902832,"All conditions met. Flagpole: 24.2%, Vol: 0.04",91582.69151115417,91582.69151115417
2020-04-15 10:30:00-04:00,AMZN,buy,114.16600036621094,119,13585.754043579102,"All conditions met. Flagpole: 41.0%, Vol: 0.06",90704.21155357361,90704.21155357361
2020-04-17 10:30:00-04:00,AKAM,buy,105.83999633789062,109,11536.559600830078,"All conditions met. Flagpole: 42.6%, Vol: 0.06",91386.3788356781,77271.01523399353
2020-04-23 10:30:00-04:00,CDNS,buy,79.80000305175781,123,9815.400375366211,"All conditions met. Flagpole: 56.7%, Vol: 0.08",91324.17609977722,65620.00530052185
2020-04-28 10:30:00-04:00,TECH,buy,52.217498779296875,160,8354.7998046875,"All conditions met. Flagpole: 40.4%, Vol: 0.04",91478.51022911072,55857.49496269226
2020-04-28 10:30:00-04:00,COR,buy,90.77999877929688,92,8351.759887695312,"All conditions met. Flagpole: 35.3%, Vol: 0.02",91478.51022911072,55857.49496269226
2020-04-30 10:30:00-04:00,A,buy,78.72000122070312,74,5825.280090332031,"All conditions met. Flagpole: 40.8%, Vol: 0.04",90616.10230827332,38960.69466972351
2020-05-01 10:30:00-04:00,AMGN,buy,239.22000122070312,20,4784.4000244140625,"All conditions met. Flagpole: 38.4%, Vol: 0.05",89286.12405204773,33191.654737472534
2020-05-04 10:30:00-04:00,CHTR,buy,509.6400146484375,11,5606.0401611328125,"All conditions met. Flagpole: 58.1%, Vol: 0.04",88974.50594139099,39034.894804000854
2020-05-06 10:30:00-04:00,ABBV,buy,85.37000274658203,58,4951.460159301758,"All conditions met. Flagpole: 56.5%, Vol: 0.03",91208.18298149109,33379.57485771179
2020-05-06 10:30:00-04:00,ANET,buy,13.77750015258789,363,5001.232555389404,"All conditions met. Flagpole: 54.1%, Vol: 0.03",91208.18298149109,33379.57485771179
2020-05-08 10:30:00-04:00,XYZ,buy,74.62000274658203,47,3507.1401290893555,"All conditions met. Flagpole: 169.9%, Vol: 0.06",92968.35000610352,23690.36617851257
2020-05-08 10:30:00-04:00,CRL,buy,156.55999755859375,22,3444.3199462890625,"All conditions met. Flagpole: 87.7%, Vol: 0.03",92968.35000610352,23690.36617851257
2020-05-18 10:30:00-04:00,ACN,buy,183.8800048828125,23,4229.2401123046875,"All conditions met. Flagpole: 55.7%, Vol: 0.03",93757.37540435791,29038.993179321285
2020-05-18 10:30:00-04:00,APD,buy,228.0399932861328,19,4332.759872436523,"All conditions met. Flagpole: 52.7%, Vol: 0.03",93757.37540435791,29038.993179321285
2020-05-18 10:30:00-04:00,AME,buy,79.58999633789062,54,4297.859802246094,"All conditions met. Flagpole: 82.7%, Vol: 0.04",93757.37540435791,29038.993179321285
2020-06-16 10:30:00-04:00,ARE,buy,165.3800048828125,35,5788.3001708984375,"All conditions met. Flagpole: 51.8%, Vol: 0.04",97427.33319091797,39483.743576049805
2020-06-16 10:30:00-04:00,MO,buy,40.310001373291016,146,5885.260200500488,"All conditions met. Flagpole: 39.4%, Vol: 0.04",97427.33319091797,39483.743576049805
2020-06-16 10:30:00-04:00,AWK,buy,129.22000122070312,45,5814.900054931641,"All conditions met. Flagpole: 45.9%, Vol: 0.04",97427.33319091797,39483.743576049805
2020-06-25 10:30:00-04:00,AES,buy,13.84000015258789,355,4913.200054168701,"All conditions met. Flagpole: 37.1%, Vol: 0.05",97341.49522399902,32811.153244018555
2020-06-25 10:30:00-04:00,BG,buy,41.189998626708984,119,4901.609836578369,"All conditions met. Flagpole: 37.3%, Vol: 0.03",97341.49522399902,32811.153244018555
2020-06-25 10:30:00-04:00,CNP,buy,18.329999923706055,268,4912.439979553223,"All conditions met. Flagpole: 48.1%, Vol: 0.02",97341.49522399902,32811.153244018555
2020-07-10 10:30:00-04:00,APD,buy,271.6000061035156,17,4617.200103759766,"All conditions met. Flagpole: 34.8%, Vol: 0.05",102721.94512939453,32148.693765640262
2020-08-06 10:30:00-04:00,ALB,buy,88.5999984741211,55,4872.99991607666,"All conditions met. Flagpole: 59.6%, Vol: 0.04",106408.91607666016,32996.98377418518
2020-08-06 10:30:00-04:00,APTV,buy,83.83999633789062,59,4946.559783935547,"All conditions met. Flagpole: 56.7%, Vol: 0.03",106408.91607666016,32996.98377418518
2020-08-06 10:30:00-04:00,AIZ,buy,122.30999755859375,40,4892.39990234375,"All conditions met. Flagpole: 48.8%, Vol: 0.05",106408.91607666016,32996.98377418518
2020-09-09 10:30:00-04:00,BRK-B,buy,217.8000030517578,42,9147.600128173828,"All conditions met. Flagpole: 27.8%, Vol: 0.02",105961.75225639343,61736.01291847229
2020-09-10 10:30:00-04:00,ALGN,buy,323.9200134277344,24,7774.080322265625,"All conditions met. Flagpole: 31.0%, Vol: 0.03",106500.34276008606,52540.11304664612
2020-09-10 10:30:00-04:00,ACGL,buy,31.549999237060547,249,7855.949810028076,"All conditions met. Flagpole: 29.0%, Vol: 0.01",106500.34276008606,52540.11304664612
2020-09-10 10:30:00-04:00,ADM,buy,46.04999923706055,171,7874.5498695373535,"All conditions met. Flagpole: 24.4%, Vol: 0.02",106500.34276008606,52540.11304664612
2020-09-17 10:30:00-04:00,AOS,buy,51.75,135,6986.25,"All conditions met. Flagpole: 22.4%, Vol: 0.02",106109.2225074768,46583.50254249573
2020-09-17 10:30:00-04:00,BAC,buy,25.600000381469727,272,6963.200103759766,"All conditions met. Flagpole: 23.9%, Vol: 0.02",106109.2225074768,46583.50254249573
2020-09-17 10:30:00-04:00,COF,buy,76.16999816894531,91,6931.469833374023,"All conditions met. Flagpole: 34.1%, Vol: 0.05",106109.2225074768,46583.50254249573
2020-09-28 10:30:00-04:00,AWK,buy,144.22999572753906,84,12115.319641113281,"All conditions met. Flagpole: 16.9%, Vol: 0.01",103314.74237442017,81715.06218147278
2020-09-29 10:30:00-04:00,CZR,buy,58.209999084472656,179,10419.589836120605,"All conditions met. Flagpole: 106.7%, Vol: 0.08",103313.26216125488,69579.58207893372
2020-09-30 10:30:00-04:00,CARR,buy,30.5,292,8906.0,"All conditions met. Flagpole: 35.7%, Vol: 0.02",103236.17311286926,59503.67191505433
2020-10-01 10:30:00-04:00,ABT,buy,108.83000183105469,69,7509.270126342773,"All conditions met. Flagpole: 24.8%, Vol: 0.02",103517.85093688965,50565.55173683167
2020-10-01 10:30:00-04:00,AVY,buy,127.83999633789062,59,7542.559783935547,"All conditions met. Flagpole: 18.0%, Vol: 0.04",103517.85093688965,50565.55173683167
2020-10-02 10:30:00-04:00,APTV,buy,93.95999908447266,56,5261.759948730469,"All conditions met. Flagpole: 28.3%, Vol: 0.04",102350.66216659546,35438.24131965637
2020-10-02 10:30:00-04:00,AXON,buy,95.61000061035156,55,5258.550033569336,"All conditions met. Flagpole: 25.2%, Vol: 0.04",102350.66216659546,35438.24131965637
2020-10-02 10:30:00-04:00,BBY,buy,114.08999633789062,46,5248.139831542969,"All conditions met. Flagpole: 42.1%, Vol: 0.02",102350.66216659546,35438.24131965637
2020-10-30 10:30:00-04:00,AIG,buy,31.290000915527344,225,7040.250205993652,"All conditions met. Flagpole: 30.2%, Vol: 0.03",105777.1217288971,46973.34121131896
2020-10-30 10:30:00-04:00,BG,buy,58.290000915527344,120,6994.800109863281,"All conditions met. Flagpole: 39.4%, Vol: 0.07",105777.1217288971,46973.34121131896
2020-11-03 09:30:00-05:00,ALGN,buy,458.44000244140625,13,5959.720031738281,"All conditions met. Flagpole: 64.2%, Vol: 0.16",107757.96144676208,41278.74100875854
2020-11-03 09:30:00-05:00,LNT,buy,56.689998626708984,109,6179.209850311279,"All conditions met. Flagpole: 17.7%, Vol: 0.02",107757.96144676208,41278.74100875854
2020-11-03 09:30:00-05:00,AEP,buy,91.2300033569336,67,6112.410224914551,"All conditions met. Flagpole: 21.9%, Vol: 0.01",107757.96144676208,41278.74100875854
2020-11-20 09:30:00-05:00,A,buy,108.68000030517578,63,6846.840019226074,"All conditions met. Flagpole: 24.0%, Vol: 0.03",109704.63118743896,45871.550930023186
2020-11-20 09:30:00-05:00,XYZ,buy,191.66000366210938,35,6708.100128173828,"All conditions met. Flagpole: 50.2%, Vol: 0.07",109704.63118743896,45871.550930023186
2020-11-20 09:30:00-05:00,BA,buy,205.6699981689453,33,6787.109939575195,"All conditions met. Flagpole: 57.5%, Vol: 0.13",109704.63118743896,45871.550930023186
2020-12-01 09:30:00-05:00,ACN,buy,249.08999633789062,27,6725.429901123047,"All conditions met. Flagpole: 19.2%, Vol: 0.03",111211.1203918457,45692.88067245483
2020-12-01 09:30:00-05:00,AMD,buy,92.66000366210938,73,6764.180267333984,"All conditions met. Flagpole: 25.7%, Vol: 0.05",111211.1203918457,45692.88067245483
2020-12-01 09:30:00-05:00,ALGN,buy,481.2900085449219,14,6738.060119628906,"All conditions met. Flagpole: 70.5%, Vol: 0.03",111211.1203918457,45692.88067245483
2020-12-22 09:30:00-05:00,ARE,buy,174.6199951171875,44,7683.27978515625,"All conditions met. Flagpole: 19.8%, Vol: 0.03",113346.60982131958,51559.87055587768
2020-12-22 09:30:00-05:00,AON,buy,209.14999389648438,36,7529.3997802734375,"All conditions met. Flagpole: 20.6%, Vol: 0.01",113346.60982131958,51559.87055587768
2020-12-22 09:30:00-05:00,AAPL,buy,128.22999572753906,60,7693.799743652344,"All conditions met. Flagpole: 20.7%, Vol: 0.04",113346.60982131958,51559.87055587768
2021-01-20 09:30:00-05:00,ABBV,buy,112.18000030517578,56,6282.080017089844,"All conditions met. Flagpole: 43.4%, Vol: 0.03",116418.06106758118,42252.23023605346
2021-01-20 09:30:00-05:00,AKAM,buy,110.01000213623047,57,6270.570121765137,"All conditions met. Flagpole: 16.9%, Vol: 0.02",116418.06106758118,42252.23023605346
2021-01-20 09:30:00-05:00,GOOGL,buy,89.22350311279297,71,6334.868721008301,"All conditions met. Flagpole: 22.2%, Vol: 0.01",116418.06106758118,42252.23023605346
2021-01-28 09:30:00-05:00,MMM,buy,156.06187438964844,67,10456.145584106445,"All conditions met. Flagpole: 19.3%, Vol: 0.03",112621.96767807007,70039.52744674683
2021-01-28 09:30:00-05:00,ANET,buy,19.10562515258789,549,10488.988208770752,"All conditions met. Flagpole: 59.9%, Vol: 0.04",112621.96767807007,70039.52744674683
2021-01-28 09:30:00-05:00,CAH,buy,55.290000915527344,190,10505.100173950195,"All conditions met. Flagpole: 31.1%, Vol: 0.02",112621.96767807007,70039.52744674683
2021-01-29 09:30:00-05:00,AFL,buy,46.119998931884766,169,7794.279819488525,"All conditions met. Flagpole: 38.3%, Vol: 0.03",111803.54428100586,52001.49206733703
2021-01-29 09:30:00-05:00,MO,buy,42.650001525878906,182,7762.300277709961,"All conditions met. Flagpole: 21.4%, Vol: 0.01",111803.54428100586,52001.49206733703
2021-01-29 09:30:00-05:00,AMP,buy,206.66000366210938,37,7646.420135498047,"All conditions met. Flagpole: 32.5%, Vol: 0.04",111803.54428100586,52001.49206733703
2021-02-10 09:30:00-05:00,A,buy,123.23999786376953,47,5792.279899597168,"All conditions met. Flagpole: 23.0%, Vol: 0.02",113986.45001411438,39069.50205421447
2021-02-10 09:30:00-05:00,XYZ,buy,258.1199951171875,22,5678.639892578125,"All conditions met. Flagpole: 52.7%, Vol: 0.06",113986.45001411438,39069.50205421447
2021-02-10 09:30:00-05:00,BG,buy,75.43000030517578,77,5808.110023498535,"All conditions met. Flagpole: 31.8%, Vol: 0.04",113986.45001411438,39069.50205421447
2021-02-24 09:30:00-05:00,AXP,buy,136.94000244140625,49,6710.060119628906,"All conditions met. Flagpole: 23.4%, Vol: 0.05",112521.06241226196,45285.79863739013
2021-02-24 09:30:00-05:00,AME,buy,119.94000244140625,56,6716.64013671875,"All conditions met. Flagpole: 17.6%, Vol: 0.03",112521.06241226196,45285.79863739013
2021-02-24 09:30:00-05:00,APA,buy,19.75,343,6774.25,"All conditions met. Flagpole: 62.7%, Vol: 0.09",112521.06241226196,45285.79863739013
2021-03-22 10:30:00-04:00,ABT,buy,120.25,52,6253.0,"All conditions met. Flagpole: 20.2%, Vol: 0.02",113775.32320022583,42175.83935546874
2021-03-22 10:30:00-04:00,ADI,buy,151.91000366210938,41,6228.310150146484,"All conditions met. Flagpole: 15.6%, Vol: 0.03",113775.32320022583,42175.83935546874
2021-03-22 10:30:00-04:00,AIZ,buy,143.7100067138672,44,6323.240295410156,"All conditions met. Flagpole: 19.0%, Vol: 0.05",113775.32320022583,42175.83935546874
2021-04-21 10:30:00-04:00,ARE,buy,179.24000549316406,37,6631.88020324707,"All conditions met. Flagpole: 16.3%, Vol: 0.02",116459.11572647095,44233.909004211426
2021-04-21 10:30:00-04:00,LNT,buy,57.41999816894531,115,6603.299789428711,"All conditions met. Flagpole: 25.2%, Vol: 0.02",116459.11572647095,44233.909004211426
2021-04-21 10:30:00-04:00,AEP,buy,90.13999938964844,73,6580.219955444336,"All conditions met. Flagpole: 21.1%, Vol: 0.02",116459.11572647095,44233.909004211426
2021-05-13 10:30:00-04:00,AKAM,buy,111.30000305175781,60,6678.000183105469,"All conditions met. Flagpole: 23.0%, Vol: 0.02",116454.32014083862,44757.07410812378
2021-05-13 10:30:00-04:00,CBOE,buy,111.16000366210938,60,6669.6002197265625,"All conditions met. Flagpole: 18.5%, Vol: 0.02",116454.32014083862,44757.07410812378
2021-05-13 10:30:00-04:00,CHTR,buy,681.97998046875,9,6137.81982421875,"All conditions met. Flagpole: 20.3%, Vol: 0.03",116454.32014083862,44757.07410812378
2021-05-20 10:30:00-04:00,AEE,buy,84.20999908447266,96,8084.159912109375,"All conditions met. Flagpole: 23.5%, Vol: 0.01",117134.76890182495,54248.5739402771
2021-05-20 10:30:00-04:00,AXP,buy,154.72999572753906,52,8045.959777832031,"All conditions met. Flagpole: 20.1%, Vol: 0.02",117134.76890182495,54248.5739402771
2021-05-20 10:30:00-04:00,ACGL,buy,40.0,203,8120.0,"All conditions met. Flagpole: 17.6%, Vol: 0.01",117134.76890182495,54248.5739402771
2021-06-21 10:30:00-04:00,ADBE,buy,565.5900268554688,19,10746.210510253906,"All conditions met. Flagpole: 28.0%, Vol: 0.05",115448.07638168335,72795.66633605957
2021-06-22 10:30:00-04:00,ALLE,buy,137.77000427246094,67,9230.590286254883,"All conditions met. Flagpole: 17.0%, Vol: 0.01",116254.58660507202,62041.856521606445
2021-06-22 10:30:00-04:00,BX,buy,98.30999755859375,94,9241.139770507812,"All conditions met. Flagpole: 37.5%, Vol: 0.02",116254.58660507202,62041.856521606445
2021-06-22 10:30:00-04:00,CBRE,buy,89.0,104,9256.0,"All conditions met. Flagpole: 18.2%, Vol: 0.01",116254.58660507202,62041.856521606445
2021-06-25 10:30:00-04:00,AMD,buy,86.0999984741211,73,6285.29988861084,"All conditions met. Flagpole: 23.0%, Vol: 0.02",116823.2265548706,42143.19645690918
2021-06-25 10:30:00-04:00,BRO,buy,53.220001220703125,118,6279.960144042969,"All conditions met. Flagpole: 19.4%, Vol: 0.01",116823.2265548706,42143.19645690918
2021-07-08 10:30:00-04:00,A,buy,149.49000549316406,44,6577.560241699219,"All conditions met. Flagpole: 17.7%, Vol: 0.02",116458.72682571411,44767.815952301025
2021-07-08 10:30:00-04:00,AMT,buy,278.1700134277344,24,6676.080322265625,"All conditions met. Flagpole: 16.1%, Vol: 0.01",116458.72682571411,44767.815952301025
2021-07-08 10:30:00-04:00,AAPL,buy,144.57000732421875,46,6650.2203369140625,"All conditions met. Flagpole: 18.5%, Vol: 0.04",116458.72682571411,44767.815952301025
2021-08-05 10:30:00-04:00,AWK,buy,176.47000122070312,39,6882.330047607422,"All conditions met. Flagpole: 18.8%, Vol: 0.03",119845.09513473511,46559.405406951904
2021-08-05 10:30:00-04:00,APO,buy,60.88999938964844,114,6941.459930419922,"All conditions met. Flagpole: 17.4%, Vol: 0.02",119845.09513473511,46559.405406951904
2021-08-05 10:30:00-04:00,ANET,buy,23.88249969482422,292,6973.689910888672,"All conditions met. Flagpole: 22.6%, Vol: 0.02",119845.09513473511,46559.405406951904
2021-08-20 10:30:00-04:00,ADSK,buy,330.3500061035156,22,7267.700134277344,"All conditions met. Flagpole: 23.8%, Vol: 0.02",120357.66543197632,49160.015338897705
2021-08-20 10:30:00-04:00,BALL,buy,92.5,79,7307.5,"All conditions met. Flagpole: 19.1%, Vol: 0.05",120357.66543197632,49160.015338897705
2021-08-20 10:30:00-04:00,CDNS,buy,153.27000427246094,48,7356.960205078125,"All conditions met. Flagpole: 26.2%, Vol: 0.02",120357.66543197632,49160.015338897705
2021-09-21 10:30:00-04:00,ALGN,buy,709.6400146484375,16,11354.240234375,"All conditions met. Flagpole: 24.8%, Vol: 0.01",119583.87671279907,77532.71670913696
2021-09-22 10:30:00-04:00,ABNB,buy,169.2899932861328,58,9818.819610595703,"All conditions met. Flagpole: 30.5%, Vol: 0.03",119160.96591567993,66058.47647476196
2021-09-22 10:30:00-04:00,CRL,buy,439.95001220703125,22,9678.900268554688,"All conditions met. Flagpole: 23.6%, Vol: 0.01",119160.96591567993,66058.47647476196
2021-09-23 10:30:00-04:00,APA,buy,20.1200008392334,435,8752.200365066528,"All conditions met. Flagpole: 45.4%, Vol: 0.04",119831.74374771118,58387.80365371704
2021-09-23 10:30:00-04:00,BKNG,buy,2406.110107421875,3,7218.330322265625,"All conditions met. Flagpole: 18.2%, Vol: 0.01",119831.74374771118,58387.80365371704
2021-09-23 10:30:00-04:00,BLDR,buy,53.959999084472656,162,8741.51985168457,"All conditions met. Flagpole: 40.6%, Vol: 0.02",119831.74374771118,58387.80365371704
2021-09-28 10:30:00-04:00,CZR,buy,116.3499984741211,52,6050.199920654297,"All conditions met. Flagpole: 45.8%, Vol: 0.04",119347.87237548828,40390.32402610779
2021-09-28 10:30:00-04:00,SCHW,buy,77.37999725341797,78,6035.639785766602,"All conditions met. Flagpole: 18.2%, Vol: 0.03",119347.87237548828,40390.32402610779
2021-09-29 10:30:00-04:00,CF,buy,56.63999938964844,168,9515.519897460938,"All conditions met. Flagpole: 32.2%, Vol: 0.08",118149.09423828125,63494.08400535583
2021-09-30 10:30:00-04:00,AZO,buy,1737.0,4,6948.0,"All conditions met. Flagpole: 15.7%, Vol: 0.04",117527.25387573242,53951.684133529656
2021-09-30 10:30:00-04:00,KMX,buy,146.4499969482422,55,8054.74983215332,"All conditions met. Flagpole: 20.6%, Vol: 0.05",117527.25387573242,53951.684133529656
2021-10-04 10:30:00-04:00,AIG,buy,55.47999954223633,126,6990.479942321777,"All conditions met. Flagpole: 29.2%, Vol: 0.02",118772.37489318848,46810.77390098571
2021-10-04 10:30:00-04:00,AON,buy,291.0799865722656,24,6985.919677734375,"All conditions met. Flagpole: 35.5%, Vol: 0.01",118772.37489318848,46810.77390098571
2021-10-04 10:30:00-04:00,APO,buy,61.869998931884766,113,6991.3098793029785,"All conditions met. Flagpole: 16.0%, Vol: 0.02",118772.37489318848,46810.77390098571
2021-10-29 10:30:00-04:00,APD,buy,301.44000244140625,25,7536.000061035156,"All conditions met. Flagpole: 19.6%, Vol: 0.06",122343.05338287354,51645.56387519836
2021-10-29 10:30:00-04:00,ALB,buy,246.2100067138672,31,7632.510208129883,"All conditions met. Flagpole: 21.5%, Vol: 0.04",122343.05338287354,51645.56387519836
2021-10-29 10:30:00-04:00,AMP,buy,303.5299987792969,25,7588.249969482422,"All conditions met. Flagpole: 22.3%, Vol: 0.04",122343.05338287354,51645.56387519836
2021-11-18 09:30:00-05:00,BG,buy,95.62999725341797,88,8415.439758300781,"All conditions met. Flagpole: 30.6%, Vol: 0.03",125351.16388320923,56251.44381141662
2021-11-18 09:30:00-05:00,CPT,buy,166.5,50,8325.0,"All conditions met. Flagpole: 18.4%, Vol: 0.02",125351.16388320923,56251.44381141662
2021-11-18 09:30:00-05:00,CNC,buy,76.18000030517578,110,8379.800033569336,"All conditions met. Flagpole: 28.7%, Vol: 0.04",125351.16388320923,56251.44381141662
2021-11-24 09:30:00-05:00,ABBV,buy,118.87999725341797,63,7489.439826965332,"All conditions met. Flagpole: 15.1%, Vol: 0.02",124433.36368560791,50292.14348602294
2021-11-24 09:30:00-05:00,AAPL,buy,161.41000366210938,46,7424.860168457031,"All conditions met. Flagpole: 19.8%, Vol: 0.03",124433.36368560791,50292.14348602294
2021-11-24 09:30:00-05:00,AJG,buy,164.77999877929688,45,7415.099945068359,"All conditions met. Flagpole: 18.2%, Vol: 0.01",124433.36368560791,50292.14348602294
2021-12-03 09:30:00-05:00,ADBE,buy,671.8800048828125,16,10750.080078125,"All conditions met. Flagpole: 26.7%, Vol: 0.02",122932.61466217041,72542.87431335449
2021-12-03 09:30:00-05:00,ADP,buy,232.42999267578125,46,10691.779663085938,"All conditions met. Flagpole: 23.0%, Vol: 0.02",122932.61466217041,72542.87431335449
2021-12-03 09:30:00-05:00,CDNS,buy,184.66000366210938,58,10710.280212402344,"All conditions met. Flagpole: 30.3%, Vol: 0.02",122932.61466217041,72542.87431335449
2021-12-06 09:30:00-05:00,CHRW,buy,97.0,62,6014.0,"All conditions met. Flagpole: 17.3%, Vol: 0.02",121718.98357391357,40608.45487976074
2021-12-07 09:30:00-05:00,ABT,buy,132.47000122070312,50,6623.500061035156,"All conditions met. Flagpole: 16.5%, Vol: 0.02",123679.38356781006,44435.534240722656
2021-12-07 09:30:00-05:00,AVGO,buy,56.49800109863281,117,6610.266128540039,"All conditions met. Flagpole: 22.1%, Vol: 0.01",123679.38356781006,44435.534240722656
2022-01-11 09:30:00-05:00,AFL,buy,62.90999984741211,183,11512.529972076416,"All conditions met. Flagpole: 17.7%, Vol: 0.03",125197.96593856812,77036.47538375854
2022-01-11 09:30:00-05:00,MO,buy,50.540000915527344,228,11523.120208740234,"All conditions met. Flagpole: 19.1%, Vol: 0.03",125197.96593856812,77036.47538375854
2022-01-11 09:30:00-05:00,AIG,buy,61.40999984741211,188,11545.079971313477,"All conditions met. Flagpole: 21.0%, Vol: 0.04",125197.96593856812,77036.47538375854
2022-01-12 09:30:00-05:00,APA,buy,32.0,199,6368.0,"All conditions met. Flagpole: 40.1%, Vol: 0.08",125191.50695800781,42467.35612869262
2022-01-12 09:30:00-05:00,AMAT,buy,152.4499969482422,41,6250.44987487793,"All conditions met. Flagpole: 25.6%, Vol: 0.03",125191.50695800781,42467.35612869262
2022-01-12 09:30:00-05:00,BKR,buy,26.959999084472656,236,6362.559783935547,"All conditions met. Flagpole: 22.1%, Vol: 0.04",125191.50695800781,42467.35612869262
2022-01-19 09:30:00-05:00,ALL,buy,123.22000122070312,57,7023.540069580078,"All conditions met. Flagpole: 22.5%, Vol: 0.04",124705.23598861694,47411.97622299194
2022-01-19 09:30:00-05:00,AMGN,buy,233.8300018310547,30,7014.900054931641,"All conditions met. Flagpole: 18.7%, Vol: 0.02",124705.23598861694,47411.97622299194
2022-01-19 09:30:00-05:00,ATO,buy,105.41000366210938,67,7062.470245361328,"All conditions met. Flagpole: 21.0%, Vol: 0.02",124705.23598861694,47411.97622299194
2022-01-25 09:30:00-05:00,ACGL,buy,45.70000076293945,166,7586.200126647949,"All conditions met. Flagpole: 18.2%, Vol: 0.02",120791.82762527466,50722.15659713745
2022-01-25 09:30:00-05:00,BAX,buy,85.95999908447266,88,7564.479919433594,"All conditions met. Flagpole: 19.6%, Vol: 0.01",120791.82762527466,50722.15659713745
2022-01-25 09:30:00-05:00,COR,buy,131.5500030517578,57,7498.350173950195,"All conditions met. Flagpole: 20.5%, Vol: 0.01",120791.82762527466,50722.15659713745
2022-01-27 09:30:00-05:00,ADM,buy,72.2699966430664,100,7226.999664306641,"All conditions met. Flagpole: 17.3%, Vol: 0.02",122347.18636322021,48202.68641281128
2022-02-04 09:30:00-05:00,BDX,buy,263.9804992675781,27,7127.473480224609,"All conditions met. Flagpole: 15.4%, Vol: 0.02",123543.50581359863,47641.83660507202
2022-02-04 09:30:00-05:00,CNC,buy,81.52999877929688,87,7093.109893798828,"All conditions met. Flagpole: 22.9%, Vol: 0.02",123543.50581359863,47641.83660507202
2022-02-18 09:30:00-05:00,AIG,buy,61.380001068115234,114,6997.320121765137,"All conditions met. Flagpole: 22.9%, Vol: 0.03",123784.86769485474,46898.86657714844
2022-02-18 09:30:00-05:00,CPB,buy,44.189998626708984,159,7026.2097816467285,"All conditions met. Flagpole: 17.4%, Vol: 0.01",123784.86769485474,46898.86657714844
2022-02-25 09:30:00-05:00,AIZ,buy,163.5,47,7684.5,"All conditions met. Flagpole: 16.8%, Vol: 0.04",122385.82566833496,51429.46614456177
2022-02-25 09:30:00-05:00,BMY,buy,67.0999984741211,114,7649.399826049805,"All conditions met. Flagpole: 28.5%, Vol: 0.02",122385.82566833496,51429.46614456177
2022-02-25 09:30:00-05:00,BG,buy,101.91000366210938,75,7643.250274658203,"All conditions met. Flagpole: 23.1%, Vol: 0.02",122385.82566833496,51429.46614456177
2022-03-14 10:30:00-04:00,CVX,buy,170.89999389648438,42,7177.799743652344,"All conditions met. Flagpole: 57.8%, Vol: 0.10",126684.40645980835,48719.24603652955
2022-04-18 10:30:00-04:00,ALL,buy,141.16000366210938,54,7622.640197753906,"All conditions met. Flagpole: 24.9%, Vol: 0.02",133545.15636062622,51682.97613906861
2022-04-18 10:30:00-04:00,CAT,buy,227.80999755859375,34,7745.5399169921875,"All conditions met. Flagpole: 27.6%, Vol: 0.02",133545.15636062622,51682.97613906861
2022-04-26 10:30:00-04:00,AXP,buy,184.10000610351562,53,9757.300323486328,"All conditions met. Flagpole: 28.1%, Vol: 0.02",130658.51665878297,65735.9359931946
2022-04-28 10:30:00-04:00,CHRW,buy,102.83000183105469,105,10797.150192260742,"All conditions met. Flagpole: 28.7%, Vol: 0.02",129956.00670242312,72645.87634658816
2022-04-29 10:30:00-04:00,BXP,buy,123.52999877929688,74,9141.219909667969,"All conditions met. Flagpole: 19.7%, Vol: 0.02",129849.11709976199,61438.176570892356
2022-04-29 10:30:00-04:00,CPB,buy,48.27000045776367,190,9171.300086975098,"All conditions met. Flagpole: 15.7%, Vol: 0.02",129849.11709976199,61438.176570892356
2022-05-02 10:30:00-04:00,BMY,buy,75.2699966430664,102,7677.539657592773,"All conditions met. Flagpole: 24.3%, Vol: 0.02",128061.65579605105,51671.296031951926
2022-05-04 10:30:00-04:00,AMCR,buy,11.970000267028809,988,11826.360263824463,"All conditions met. Flagpole: 15.2%, Vol: 0.02",128231.62547683719,78899.9555397034
2022-05-05 10:30:00-04:00,MMM,buy,128.95484924316406,77,9929.523391723633,"All conditions met. Flagpole: 17.5%, Vol: 0.02",129143.31535339358,66381.99546432498
2022-05-05 10:30:00-04:00,ADI,buy,164.77000427246094,60,9886.200256347656,"All conditions met. Flagpole: 19.3%, Vol: 0.02",129143.31535339358,66381.99546432498
2022-05-05 10:30:00-04:00,APA,buy,45.20000076293945,220,9944.00016784668,"All conditions met. Flagpole: 51.2%, Vol: 0.04",129143.31535339358,66381.99546432498
2022-05-06 10:30:00-04:00,ALB,buy,236.5,23,5439.5,"All conditions met. Flagpole: 45.9%, Vol: 0.06",127409.14864349368,36936.91585922244
2022-05-11 10:30:00-04:00,COR,buy,159.64999389648438,37,5907.049774169922,"All conditions met. Flagpole: 24.1%, Vol: 0.03",125394.82205581668,39926.615657806426
2022-05-17 10:30:00-04:00,CVX,buy,173.00999450683594,59,10207.58967590332,"All conditions met. Flagpole: 34.1%, Vol: 0.03",125696.06455612186,68904.32552719119
2022-05-18 10:30:00-04:00,ADI,buy,163.83999633789062,53,8683.519805908203,"All conditions met. Flagpole: 19.3%, Vol: 0.02",125997.58181762698,58588.765743255644
2022-05-23 10:30:00-04:00,AEE,buy,92.63999938964844,112,10375.679931640625,"All conditions met. Flagpole: 18.1%, Vol: 0.01",123334.30971908572,69216.77582168582
2022-05-23 10:30:00-04:00,AMGN,buy,247.5,41,10147.5,"All conditions met. Flagpole: 16.4%, Vol: 0.03",123334.30971908572,69216.77582168582
2022-06-01 10:30:00-04:00,T,buy,21.290000915527344,341,7259.890312194824,"All conditions met. Flagpole: 25.0%, Vol: 0.03",125136.62012481692,48494.4558143616
2022-06-01 10:30:00-04:00,BG,buy,118.31999969482422,61,7217.519981384277,"All conditions met. Flagpole: 24.7%, Vol: 0.03",125136.62012481692,48494.4558143616
2022-06-01 10:30:00-04:00,CHRW,buy,108.51000213623047,67,7270.170143127441,"All conditions met. Flagpole: 15.2%, Vol: 0.02",125136.62012481692,48494.4558143616
2022-06-27 10:30:00-04:00,AMT,buy,261.6499938964844,68,17792.199584960938,"All conditions met. Flagpole: 22.3%, Vol: 0.04",119056.41528701785,119056.41528701785
2022-06-27 10:30:00-04:00,AZO,buy,2158.909912109375,8,17271.279296875,"All conditions met. Flagpole: 33.1%, Vol: 0.02",119056.41528701785,119056.41528701785
2022-06-27 10:30:00-04:00,BF-B,buy,71.51000213623047,249,17805.990531921387,"All conditions met. Flagpole: 18.8%, Vol: 0.02",119056.41528701785,119056.41528701785
2022-07-07 10:30:00-04:00,AMCR,buy,12.649999618530273,781,9879.649702072144,"All conditions met. Flagpole: 19.9%, Vol: 0.04",118393.85461807254,65938.62491989139
2022-07-18 10:30:00-04:00,CNC,buy,89.66000366210938,93,8338.380340576172,"All conditions met. Flagpole: 20.1%, Vol: 0.04",118824.30616569522,56019.925068855315
2022-07-20 10:30:00-04:00,ADP,buy,218.9499969482422,32,7006.39990234375,"All conditions met. Flagpole: 18.4%, Vol: 0.02",118917.01554393771,47663.87521076205
2022-07-20 10:30:00-04:00,BA,buy,156.1300048828125,45,7025.8502197265625,"All conditions met. Flagpole: 61.6%, Vol: 0.04",118917.01554393771,47663.87521076205
2022-07-20 10:30:00-04:00,BR,buy,152.33999633789062,46,7007.639831542969,"All conditions met. Flagpole: 17.0%, Vol: 0.03",118917.01554393771,47663.87521076205
2022-07-22 10:30:00-04:00,A,buy,127.19000244140625,31,3942.8900756835938,"All conditions met. Flagpole: 16.6%, Vol: 0.02",118759.18350696567,26636.775052070643
2022-07-22 10:30:00-04:00,CHTR,buy,492.739990234375,8,3941.919921875,"All conditions met. Flagpole: 26.5%, Vol: 0.02",118759.18350696567,26636.775052070643
2022-07-29 10:30:00-04:00,AOS,buy,60.9900016784668,54,3293.460090637207,"All conditions met. Flagpole: 20.0%, Vol: 0.03",120906.03499221805,22301.624752998378
2022-07-29 10:30:00-04:00,AMZN,buy,122.27999877929688,27,3301.5599670410156,"All conditions met. Flagpole: 27.4%, Vol: 0.05",120906.03499221805,22301.624752998378
2022-07-29 10:30:00-04:00,AWK,buy,155.50999450683594,21,3265.7098846435547,"All conditions met. Flagpole: 21.5%, Vol: 0.02",120906.03499221805,22301.624752998378
2022-08-25 10:30:00-04:00,AVB,buy,209.97000122070312,23,4829.310028076172,"All conditions met. Flagpole: 20.2%, Vol: 0.03",123572.5140295029,32487.004874229457
2022-08-25 10:30:00-04:00,CNP,buy,32.27000045776367,151,4872.770069122314,"All conditions met. Flagpole: 22.1%, Vol: 0.01",123572.5140295029,32487.004874229457
2022-08-25 10:30:00-04:00,CF,buy,112.5,43,4837.5,"All conditions met. Flagpole: 42.5%, Vol: 0.05",123572.5140295029,32487.004874229457
2022-08-30 10:30:00-04:00,CPB,buy,51.13999938964844,209,10688.259872436523,"All conditions met. Flagpole: 16.4%, Vol: 0.02",120514.3538770676,71391.63430309299
2022-09-01 10:30:00-04:00,CAH,buy,70.72000122070312,177,12517.440216064453,"All conditions met. Flagpole: 43.8%, Vol: 0.05",118538.14378833774,83596.61395168307
2022-09-02 10:30:00-04:00,MO,buy,45.369998931884766,309,14019.329669952393,"All conditions met. Flagpole: 27.4%, Vol: 0.01",118867.54445743564,93463.64428234103
2022-09-02 10:30:00-04:00,AEP,buy,102.37999725341797,136,13923.679626464844,"All conditions met. Flagpole: 20.4%, Vol: 0.02",118867.54445743564,93463.64428234103
2022-09-06 10:30:00-04:00,CF,buy,106.86000061035156,91,9724.260055541992,"All conditions met. Flagpole: 51.0%, Vol: 0.05",118186.02339267734,65375.88447856907
2022-09-08 10:30:00-04:00,AES,buy,27.18000030517578,400,10872.000122070312,"All conditions met. Flagpole: 46.1%, Vol: 0.03",118027.94453334813,72490.72416973118
2022-09-08 10:30:00-04:00,ADM,buy,87.2300033569336,124,10816.520416259766,"All conditions met. Flagpole: 30.6%, Vol: 0.02",118027.94453334813,72490.72416973118
2022-09-09 10:30:00-04:00,BSX,buy,42.709999084472656,178,7602.379837036133,"All conditions met. Flagpole: 22.4%, Vol: 0.02",118828.01544475558,50872.76430034641
2022-09-12 10:30:00-04:00,A,buy,137.6300048828125,47,6468.6102294921875,"All conditions met. Flagpole: 32.4%, Vol: 0.03",118929.56420803073,43254.36443614963
2022-09-12 10:30:00-04:00,ABNB,buy,123.4800033569336,52,6420.960174560547,"All conditions met. Flagpole: 46.6%, Vol: 0.04",118929.56420803073,43254.36443614963
2022-09-12 10:30:00-04:00,ALB,buy,300.3699951171875,21,6307.7698974609375,"All conditions met. Flagpole: 59.9%, Vol: 0.04",118929.56420803073,43254.36443614963
2022-09-15 10:30:00-04:00,AXP,buy,156.3000030517578,46,7189.800140380859,"All conditions met. Flagpole: 23.8%, Vol: 0.03",115784.81399822238,48883.85393047335
2022-09-15 10:30:00-04:00,APO,buy,57.41999816894531,127,7292.339767456055,"All conditions met. Flagpole: 30.9%, Vol: 0.03",115784.81399822238,48883.85393047335
2022-09-15 10:30:00-04:00,ANET,buy,30.565000534057617,239,7305.0351276397705,"All conditions met. Flagpole: 45.5%, Vol: 0.04",115784.81399822238,48883.85393047335
2022-09-19 10:30:00-04:00,ALL,buy,129.4199981689453,51,6600.419906616211,"All conditions met. Flagpole: 19.2%, Vol: 0.02",112575.52177333835,44599.92163562777
2022-09-19 10:30:00-04:00,BAC,buy,34.119998931884766,196,6687.519790649414,"All conditions met. Flagpole: 24.5%, Vol: 0.02",112575.52177333835,44599.92163562777
2022-09-19 10:30:00-04:00,CCL,buy,10.760000228881836,621,6681.96014213562,"All conditions met. Flagpole: 40.5%, Vol: 0.05",112575.52177333835,44599.92163562777
2022-09-29 10:30:00-04:00,SCHW,buy,73.25,211,15455.75,"All conditions met. Flagpole: 29.9%, Vol: 0.02",109790.39219188692,103361.33231639864
2022-10-03 10:30:00-04:00,BIIB,buy,267.0,49,13083.0,"All conditions met. Flagpole: 46.4%, Vol: 0.12",109914.67181682588,88087.04244518281
2022-10-05 10:30:00-04:00,ACGL,buy,48.689998626708984,230,11198.699684143066,"All conditions met. Flagpole: 18.7%, Vol: 0.04",110523.12234783174,74906.04244518281
2022-10-05 10:30:00-04:00,CAH,buy,69.81999969482422,160,11171.199951171875,"All conditions met. Flagpole: 39.1%, Vol: 0.02",110523.12234783174,74906.04244518281
2022-10-06 10:30:00-04:00,APA,buy,40.52000045776367,195,7901.400089263916,"All conditions met. Flagpole: 41.4%, Vol: 0.08",110362.65227794647,52723.74264049531
2022-10-06 10:30:00-04:00,AXON,buy,123.29000091552734,64,7890.56005859375,"All conditions met. Flagpole: 50.4%, Vol: 0.03",110362.65227794647,52723.74264049531
2022-10-10 10:30:00-04:00,AMP,buy,271.8599853515625,20,5437.19970703125,"All conditions met. Flagpole: 31.7%, Vol: 0.04",109715.66140270233,36978.212927818306
2022-10-13 10:30:00-04:00,ADM,buy,86.02999877929688,54,4645.619934082031,"All conditions met. Flagpole: 26.7%, Vol: 0.03",106730.56278514862,31487.21317195893
2022-10-14 10:30:00-04:00,SCHW,buy,74.06999969482422,94,6962.579971313477,"All conditions met. Flagpole: 27.0%, Vol: 0.02",109913.64350414276,46864.39326381684
2022-10-24 10:30:00-04:00,AZO,buy,2301.030029296875,3,6903.090087890625,"All conditions met. Flagpole: 15.2%, Vol: 0.03",110196.01320171356,52456.45313930512
2022-10-25 10:30:00-04:00,AMGN,buy,261.32000732421875,26,6794.3201904296875,"All conditions met. Flagpole: 17.1%, Vol: 0.05",111537.68344783783,45494.1130514145
2022-10-27 10:30:00-04:00,BMY,buy,74.44999694824219,78,5807.099761962891,"All conditions met. Flagpole: 15.2%, Vol: 0.02",113432.2523984909,38721.37330532075
2022-10-28 10:30:00-04:00,AMP,buy,300.0299987792969,16,4800.47998046875,"All conditions met. Flagpole: 20.9%, Vol: 0.04",114891.22420787811,32927.53340053559
2022-10-28 10:30:00-04:00,SCHW,buy,77.33000183105469,63,4871.790115356445,"All conditions met. Flagpole: 18.9%, Vol: 0.04",114891.22420787811,32927.53340053559
2022-12-05 09:30:00-05:00,APD,buy,318.44000244140625,17,5413.480041503906,"All conditions met. Flagpole: 42.7%, Vol: 0.04",121878.50292110443,36874.863417625435
2022-12-05 09:30:00-05:00,AMCR,buy,12.5,442,5525.0,"All conditions met. Flagpole: 20.2%, Vol: 0.04",121878.50292110443,36874.863417625435
2022-12-05 09:30:00-05:00,AME,buy,144.38999938964844,38,5486.819976806641,"All conditions met. Flagpole: 30.8%, Vol: 0.02",121878.50292110443,36874.863417625435
2022-12-13 09:30:00-05:00,MMM,buy,106.06187438964844,74,7848.578704833984,"All conditions met. Flagpole: 25.1%, Vol: 0.01",120156.44425678253,52577.28407382966
2022-12-13 09:30:00-05:00,ACN,buy,292.3399963378906,26,7600.839904785156,"All conditions met. Flagpole: 25.6%, Vol: 0.02",120156.44425678253,52577.28407382966
2022-12-13 09:30:00-05:00,AXP,buy,157.30999755859375,50,7865.4998779296875,"All conditions met. Flagpole: 22.0%, Vol: 0.01",120156.44425678253,52577.28407382966
2022-12-19 09:30:00-05:00,MO,buy,46.560001373291016,253,11779.680347442627,"All conditions met. Flagpole: 18.7%, Vol: 0.02",116148.1897249222,78743.51921176912
2022-12-19 09:30:00-05:00,AIG,buy,62.56999969482422,188,11763.159942626953,"All conditions met. Flagpole: 37.7%, Vol: 0.02",116148.1897249222,78743.51921176912
2022-12-19 09:30:00-05:00,BA,buy,184.6999969482422,63,11636.099807739258,"All conditions met. Flagpole: 58.0%, Vol: 0.03",116148.1897249222,78743.51921176912
2022-12-21 09:30:00-05:00,ADBE,buy,338.2200012207031,19,6426.180023193359,"All conditions met. Flagpole: 29.5%, Vol: 0.02",116843.82800579074,43526.06859683993
2022-12-22 09:30:00-05:00,CAT,buy,241.72999572753906,22,5318.059906005859,"All conditions met. Flagpole: 47.9%, Vol: 0.01",117009.17973995212,37060.55843448641
2022-12-28 09:30:00-05:00,AEE,buy,90.27999877929688,52,4694.5599365234375,"All conditions met. Flagpole: 26.1%, Vol: 0.01",117167.47841167453,31777.258568763755
2023-01-04 09:30:00-05:00,AOS,buy,58.91999816894531,100,5891.999816894531,"All conditions met. Flagpole: 33.9%, Vol: 0.02",116420.26791095737,39305.378533363364
2023-01-04 09:30:00-05:00,AME,buy,140.52000427246094,41,5761.320175170898,"All conditions met. Flagpole: 31.4%, Vol: 0.01",116420.26791095737,39305.378533363364
2023-01-20 09:30:00-05:00,ABT,buy,111.80000305175781,58,6484.400177001953,"All conditions met. Flagpole: 21.3%, Vol: 0.02",116320.24805164339,43863.0288591385
2023-01-20 09:30:00-05:00,AON,buy,318.9599914550781,20,6379.1998291015625,"All conditions met. Flagpole: 17.7%, Vol: 0.02",116320.24805164339,43863.0288591385
2023-01-20 09:30:00-05:00,AXON,buy,184.05999755859375,35,6442.099914550781,"All conditions met. Flagpole: 49.7%, Vol: 0.04",116320.24805164339,43863.0288591385
2023-02-06 09:30:00-05:00,ALLE,buy,122.93000030517578,73,8973.890022277832,"All conditions met. Flagpole: 19.7%, Vol: 0.03",117672.78789234161,59887.08829975129
2023-02-06 09:30:00-05:00,AXP,buy,178.86000061035156,50,8943.000030517578,"All conditions met. Flagpole: 26.4%, Vol: 0.06",117672.78789234161,59887.08829975129
2023-02-06 09:30:00-05:00,AAPL,buy,154.5,58,8961.0,"All conditions met. Flagpole: 26.7%, Vol: 0.05",117672.78789234161,59887.08829975129
2023-02-13 09:30:00-05:00,ADI,buy,178.4600067138672,37,6603.020248413086,"All conditions met. Flagpole: 15.3%, Vol: 0.03",116881.84762859344,44733.9474515915
2023-02-13 09:30:00-05:00,BG,buy,98.88999938964844,67,6625.629959106445,"All conditions met. Flagpole: 15.7%, Vol: 0.02",116881.84762859344,44733.9474515915
2023-02-13 09:30:00-05:00,CBRE,buy,87.30000305175781,76,6634.800231933594,"All conditions met. Flagpole: 22.9%, Vol: 0.02",116881.84762859344,44733.9474515915
2023-02-21 09:30:00-05:00,ACGL,buy,67.80999755859375,97,6577.569763183594,"All conditions met. Flagpole: 19.1%, Vol: 0.03",116081.96650981903,44058.937006950386
2023-02-21 09:30:00-05:00,AVB,buy,179.27000427246094,36,6453.720153808594,"All conditions met. Flagpole: 17.8%, Vol: 0.02",116081.96650981903,44058.937006950386
2023-02-21 09:30:00-05:00,CDNS,buy,194.44000244140625,33,6416.520080566406,"All conditions met. Flagpole: 31.0%, Vol: 0.03",116081.96650981903,44058.937006950386
2023-03-01 09:30:00-05:00,AXON,buy,200.30999755859375,38,7611.7799072265625,"All conditions met. Flagpole: 26.2%, Vol: 0.03",114303.82666301727,52018.03690624238
2023-03-01 09:30:00-05:00,BLDR,buy,84.77999877929688,92,7799.7598876953125,"All conditions met. Flagpole: 42.7%, Vol: 0.02",114303.82666301727,52018.03690624238
2023-03-03 09:30:00-05:00,AVGO,buy,59.8650016784668,143,8560.695240020752,"All conditions met. Flagpole: 19.6%, Vol: 0.02",115103.93651103973,57373.486727714546
2023-03-06 09:30:00-05:00,AMAT,buy,118.95999908447266,61,7256.559944152832,"All conditions met. Flagpole: 33.3%, Vol: 0.03",116078.93660640717,48540.37666225434
2023-03-06 09:30:00-05:00,BK,buy,51.33000183105469,141,7237.530258178711,"All conditions met. Flagpole: 23.7%, Vol: 0.01",116078.93660640717,48540.37666225434
2023-03-06 09:30:00-05:00,BKNG,buy,2620.39990234375,2,5240.7998046875,"All conditions met. Flagpole: 37.8%, Vol: 0.03",116078.93660640717,48540.37666225434
2023-03-15 10:30:00-04:00,AMD,buy,87.44999694824219,108,9444.599670410156,"All conditions met. Flagpole: 48.1%, Vol: 0.04",112539.93666744234,63278.10682582857
2023-03-15 10:30:00-04:00,AAPL,buy,152.58999633789062,62,9460.579772949219,"All conditions met. Flagpole: 26.7%, Vol: 0.02",112539.93666744234,63278.10682582857
2023-03-15 10:30:00-04:00,ANET,buy,38.287498474121094,247,9457.01212310791,"All conditions met. Flagpole: 40.7%, Vol: 0.04",112539.93666744234,63278.10682582857
2023-03-16 10:30:00-04:00,ALGN,buy,318.1700134277344,18,5727.060241699219,"All conditions met. Flagpole: 91.1%, Vol: 0.04",112776.08107662204,40039.404284477256
2023-03-16 10:30:00-04:00,GOOGL,buy,96.11000061035156,62,5958.820037841797,"All conditions met. Flagpole: 27.5%, Vol: 0.02",112776.08107662204,40039.404284477256
2023-04-12 10:30:00-04:00,ALGN,buy,339.0,25,8475.0,"All conditions met. Flagpole: 60.3%, Vol: 0.03",115452.99726390842,57187.62472057345
2023-04-12 10:30:00-04:00,BLDR,buy,92.37000274658203,92,8498.040252685547,"All conditions met. Flagpole: 37.1%, Vol: 0.04",115452.99726390842,57187.62472057345
2023-04-14 10:30:00-04:00,AMZN,buy,102.4000015258789,58,5939.200088500977,"All conditions met. Flagpole: 29.4%, Vol: 0.02",115458.20818996432,40021.524317741416
2023-04-14 10:30:00-04:00,ACGL,buy,70.5,85,5992.5,"All conditions met. Flagpole: 19.1%, Vol: 0.03",115458.20818996432,40021.524317741416
2023-04-26 10:30:00-04:00,BRO,buy,63.0099983215332,105,6616.049823760986,"All conditions met. Flagpole: 21.5%, Vol: 0.03",114338.20532894137,44279.45439052584
2023-04-27 10:30:00-04:00,BIIB,buy,288.0400085449219,23,6624.920196533203,"All conditions met. Flagpole: 15.9%, Vol: 0.02",113569.41125774386,44369.964232444785
2023-04-28 10:30:00-04:00,APD,buy,291.3800048828125,23,6701.7401123046875,"All conditions met. Flagpole: 21.4%, Vol: 0.01",114315.94687938693,45794.714537620566
2023-04-28 10:30:00-04:00,GOOG,buy,108.37000274658203,63,6827.310173034668,"All conditions met. Flagpole: 23.4%, Vol: 0.02",114315.94687938693,45794.714537620566
2023-04-28 10:30:00-04:00,AON,buy,332.8599853515625,20,6657.19970703125,"All conditions met. Flagpole: 19.2%, Vol: 0.02",114315.94687938693,45794.714537620566
2023-05-26 10:30:00-04:00,ACN,buy,291.760009765625,34,9919.84033203125,"All conditions met. Flagpole: 20.7%, Vol: 0.03",120614.75820064548,66247.51433467868
2023-05-26 10:30:00-04:00,AMD,buy,120.3499984741211,82,9868.69987487793,"All conditions met. Flagpole: 57.5%, Vol: 0.10",120614.75820064548,66247.51433467868
2023-05-26 10:30:00-04:00,AKAM,buy,89.05999755859375,111,9885.659729003906,"All conditions met. Flagpole: 26.5%, Vol: 0.05",120614.75820064548,66247.51433467868
2023-05-30 10:30:00-04:00,AMAT,buy,136.05999755859375,40,5442.39990234375,"All conditions met. Flagpole: 25.4%, Vol: 0.06",124028.64037990573,36310.81437587741
2023-06-26 10:30:00-04:00,AXP,buy,168.07000732421875,53,8907.710388183594,"All conditions met. Flagpole: 21.0%, Vol: 0.04",123154.85189723971,59861.673842430144
2023-06-26 10:30:00-04:00,AME,buy,156.05999755859375,57,8895.419860839844,"All conditions met. Flagpole: 19.1%, Vol: 0.03",123154.85189723971,59861.673842430144
2023-06-26 10:30:00-04:00,KMX,buy,86.20999908447266,104,8965.839904785156,"All conditions met. Flagpole: 49.5%, Vol: 0.05",123154.85189723971,59861.673842430144
2023-06-28 10:30:00-04:00,BK,buy,43.84000015258789,163,7145.920024871826,"All conditions met. Flagpole: 19.1%, Vol: 0.03",123353.8022603989,47713.873061180144
2023-06-28 10:30:00-04:00,BXP,buy,57.75,123,7103.25,"All conditions met. Flagpole: 24.2%, Vol: 0.05",123353.8022603989,47713.873061180144
2023-06-28 10:30:00-04:00,CCL,buy,15.890000343322754,450,7150.500154495239,"All conditions met. Flagpole: 88.5%, Vol: 0.13",123353.8022603989,47713.873061180144
2023-07-24 10:30:00-04:00,ABNB,buy,148.77000427246094,38,5653.260162353516,"All conditions met. Flagpole: 44.8%, Vol: 0.06",126263.80334186557,38665.09326648715
2023-07-24 10:30:00-04:00,ACGL,buy,82.2699966430664,70,5758.899765014648,"All conditions met. Flagpole: 19.5%, Vol: 0.05",126263.80334186557,38665.09326648715
2023-07-24 10:30:00-04:00,BKR,buy,35.43000030517578,163,5775.090049743652,"All conditions met. Flagpole: 33.8%, Vol: 0.06",126263.80334186557,38665.09326648715
2023-07-27 10:30:00-04:00,MMM,buy,94.18060302734375,72,6781.00341796875,"All conditions met. Flagpole: 22.4%, Vol: 0.04",127388.0835733414,45630.963452339194
2023-07-27 10:30:00-04:00,ARE,buy,127.3499984741211,53,6749.549919128418,"All conditions met. Flagpole: 17.4%, Vol: 0.03",127388.0835733414,45630.963452339194
2023-07-27 10:30:00-04:00,APH,buy,44.29999923706055,154,6822.199882507324,"All conditions met. Flagpole: 22.1%, Vol: 0.01",127388.0835733414,45630.963452339194
2023-08-10 10:30:00-04:00,CRL,buy,215.8000030517578,33,7121.400100708008,"All conditions met. Flagpole: 17.9%, Vol: 0.02",125333.57982730868,47508.739941597014
2023-08-11 10:30:00-04:00,AKAM,buy,103.94999694824219,75,7796.249771118164,"All conditions met. Flagpole: 25.9%, Vol: 0.03",124505.43135166171,52579.69529438022
2023-08-17 10:30:00-04:00,BRO,buy,72.33000183105469,118,8534.940216064453,"All conditions met. Flagpole: 18.3%, Vol: 0.01",123180.28314304355,57231.91364002231
2023-08-21 10:30:00-04:00,ADP,buy,251.0500030517578,58,14560.900177001953,"All conditions met. Flagpole: 24.6%, Vol: 0.01",120454.28330707554,98681.413807869
2023-08-24 10:30:00-04:00,GOOG,buy,133.2100067138672,94,12521.740631103516,"All conditions met. Flagpole: 15.7%, Vol: 0.01",120817.99298191075,84159.95409107213
2023-08-24 10:30:00-04:00,BR,buy,182.5,69,12592.5,"All conditions met. Flagpole: 27.4%, Vol: 0.04",120817.99298191075,84159.95409107213
2023-08-28 10:30:00-04:00,CBOE,buy,151.22999572753906,58,8771.339752197266,"All conditions met. Flagpole: 16.4%, Vol: 0.03",120887.84580707554,58869.30524158482
2023-08-30 10:30:00-04:00,BX,buy,104.30000305175781,72,7509.6002197265625,"All conditions met. Flagpole: 30.4%, Vol: 0.02",121618.94599246983,50133.34552478795
2023-08-30 10:30:00-04:00,AVGO,buy,88.99299621582031,84,7475.411682128906,"All conditions met. Flagpole: 18.9%, Vol: 0.03",121618.94599246983,50133.34552478795
2023-08-30 10:30:00-04:00,BXP,buy,67.12000274658203,112,7517.4403076171875,"All conditions met. Flagpole: 40.8%, Vol: 0.03",121618.94599246983,50133.34552478795
2023-09-22 10:30:00-04:00,AIZ,buy,143.0399932861328,50,7151.999664306641,"All conditions met. Flagpole: 19.5%, Vol: 0.01",119657.72294712071,48365.053898811384
2023-09-26 10:30:00-04:00,AVY,buy,185.0500030517578,53,9807.650161743164,"All conditions met. Flagpole: 15.4%, Vol: 0.02",119590.64199924473,66118.95302677159
2023-09-28 10:30:00-04:00,ACGL,buy,81.08000183105469,133,10783.640243530273,"All conditions met. Flagpole: 17.3%, Vol: 0.02",118883.57288455968,72387.47339725499
2023-10-05 10:30:00-04:00,GOOG,buy,136.27000427246094,81,11037.870346069336,"All conditions met. Flagpole: 17.9%, Vol: 0.02",118917.4029245377,73910.59392642979
2023-10-05 10:30:00-04:00,ANET,buy,46.50749969482422,238,11068.784927368164,"All conditions met. Flagpole: 33.3%, Vol: 0.03",118917.4029245377,73910.59392642979
2023-10-09 10:30:00-04:00,GOOGL,buy,137.5800018310547,56,7704.4801025390625,"All conditions met. Flagpole: 17.7%, Vol: 0.02",119529.18924808507,51840.26849460606
2023-10-09 10:30:00-04:00,AMGN,buy,267.4700012207031,29,7756.630035400391,"All conditions met. Flagpole: 22.0%, Vol: 0.01",119529.18924808507,51840.26849460606
2023-10-09 10:30:00-04:00,CDW,buy,205.6300048828125,37,7608.3101806640625,"All conditions met. Flagpole: 16.6%, Vol: 0.02",119529.18924808507,51840.26849460606
2023-10-25 10:30:00-04:00,ALL,buy,124.29000091552734,45,5593.0500411987305,"All conditions met. Flagpole: 23.9%, Vol: 0.05",117979.5989542008,37891.17828464513
2023-11-06 09:30:00-05:00,AMD,buy,112.25,111,12459.75,"All conditions met. Flagpole: 21.8%, Vol: 0.05",118752.08933353428,83313.70865726475
2023-11-06 09:30:00-05:00,CAH,buy,100.20999908447266,124,12426.03988647461,"All conditions met. Flagpole: 20.4%, Vol: 0.02",118752.08933353428,83313.70865726475
2023-11-07 09:30:00-05:00,CNC,buy,71.83999633789062,122,8764.479553222656,"All conditions met. Flagpole: 20.8%, Vol: 0.02",118860.63889408116,58477.10882663731
2023-11-08 09:30:00-05:00,ADBE,buy,585.2000122070312,12,7022.400146484375,"All conditions met. Flagpole: 18.1%, Vol: 0.03",119260.05821323399,49695.54841709141
2023-11-09 09:30:00-05:00,AXON,buy,229.5800018310547,27,6198.660049438477,"All conditions met. Flagpole: 22.5%, Vol: 0.03",118747.09855747227,42627.54841709141
2023-11-13 09:30:00-05:00,AVGO,buy,95.75199890136719,57,5457.86393737793,"All conditions met. Flagpole: 20.6%, Vol: 0.04",119958.91838169102,36411.33853244786
2023-11-13 09:30:00-05:00,CDNS,buy,261.55999755859375,20,5231.199951171875,"All conditions met. Flagpole: 20.5%, Vol: 0.04",119958.91838169102,36411.33853244786
2023-11-13 09:30:00-05:00,COR,buy,197.57000732421875,27,5334.390197753906,"All conditions met. Flagpole: 15.9%, Vol: 0.02",119958.91838169102,36411.33853244786
2023-12-08 09:30:00-05:00,AOS,buy,78.01000213623047,80,6240.8001708984375,"All conditions met. Flagpole: 21.6%, Vol: 0.02",122479.24282932286,41795.39383029942
2023-12-08 09:30:00-05:00,ABNB,buy,139.83999633789062,44,6152.9598388671875,"All conditions met. Flagpole: 28.7%, Vol: 0.05",122479.24282932286,41795.39383029942
2023-12-08 09:30:00-05:00,ADI,buy,184.3800048828125,34,6268.920166015625,"All conditions met. Flagpole: 20.6%, Vol: 0.03",122479.24282932286,41795.39383029942
2023-12-18 09:30:00-05:00,MMM,buy,89.44815826416016,88,7871.437927246094,"All conditions met. Flagpole: 26.1%, Vol: 0.04",123902.64350986485,52950.61373996739
2023-12-18 09:30:00-05:00,ACN,buy,344.1499938964844,23,7915.449859619141,"All conditions met. Flagpole: 20.3%, Vol: 0.01",123902.64350986485,52950.61373996739
2023-12-18 09:30:00-05:00,AKAM,buy,119.13999938964844,66,7863.239959716797,"All conditions met. Flagpole: 18.3%, Vol: 0.02",123902.64350986485,52950.61373996739
