timestamp,symbol,action,price,quantity,value,reason,portfolio_value,strategy
2015-01-02 09:30:00-05:00,AAPL,buy,27.594999313354492,543.0,14984.08462715149,"FAIR: 40, 3-6M: 45.4%",100000.0,consolidation_conviction
2015-01-02 09:30:00-05:00,AVGO,buy,10.059000015258789,1491.0,14997.969022750854,"FAIR: 45, 3-6M: 56.2%",100000.0,consolidation_conviction
2015-01-08 09:30:00-05:00,HD,buy,104.41000366210938,190.0,19837.90069580078,"GOOD: 50, 3-6M: 31.4%, ATR: 1.00",99647.1405954361,consolidation_conviction
2015-01-30 09:30:00-05:00,META,buy,78.0,260.0,20280.0,"GOOD: 50, 3-6M: 32.0%, ATR: 0.92",101789.78319072723,consolidation_conviction
2015-01-30 09:30:00-05:00,NFLX,buy,63.400001525878906,240.0,15216.000366210938,"FAIR: 35, 3-6M: 36.0%",101789.78319072723,consolidation_conviction
2015-02-02 09:30:00-05:00,UNH,buy,106.25,135.0,14343.75,"FAIR: 40, 3-6M: 35.9%",100576.90578365326,consolidation_conviction
2015-03-26 10:30:00-04:00,AVGO,sell,12.026000022888184,1491.0,17930.76603412628,Trailing Stop | P&L: 19.6%,107590.7506570816,consolidation_conviction
2015-03-27 10:30:00-04:00,NKE,buy,49.665000915527344,360.0,17879.400329589844,"GOOD: 55, 3-6M: 32.2%, ATR: 0.94",107691.85024356842,consolidation_conviction
2015-03-27 10:30:00-04:00,AVGO,buy,12.470999717712402,1435.0,17895.884594917297,"GOOD: 60, 3-6M: 73.8%, ATR: 1.12",107691.85024356842,consolidation_conviction
2015-06-11 10:30:00-04:00,NFLX,sell,96.88999938964844,240.0,23253.599853515625,PROFIT TARGET | P&L: 52.8%,120707.27177810669,consolidation_conviction
2015-06-12 10:30:00-04:00,NFLX,buy,95.09428405761719,56.0,5325.2799072265625,"FAIR: 45, 3-6M: 45.7%",119960.71604919434,consolidation_conviction
2015-07-02 10:30:00-04:00,AAPL,sell,31.607500076293945,543.0,17162.872541427612,Time Exit | P&L: 14.5%,122559.9228067398,consolidation_conviction
2015-07-06 10:30:00-04:00,TSLA,buy,18.667999267578125,922.0,17211.89532470703,"GOOD: 50, 3-6M: 37.4%, ATR: 0.78",121218.03878879547,consolidation_conviction
2015-07-06 10:30:00-04:00,LLY,buy,86.13999938964844,199.0,17141.85987854004,"FAIR: 35, 3-6M: 30.7%",121218.03878879547,consolidation_conviction
2015-07-08 10:30:00-04:00,HD,sell,111.72000122070312,190.0,21226.800231933594,Time Exit | P&L: 7.0%,120087.75491905212,consolidation_conviction
2015-07-09 10:30:00-04:00,AMZN,buy,21.485000610351562,201.0,4318.485122680664,"GOOD: 60, 3-6M: 32.4%, ATR: 0.90",120362.40192985535,consolidation_conviction
2015-07-28 10:30:00-04:00,TSLA,sell,17.049999237060547,922.0,15720.099296569824,Stop Loss | P&L: -8.7%,122815.30031681061,consolidation_conviction
2015-07-29 10:30:00-04:00,TSLA,buy,17.654666900634766,888.0,15677.344207763672,"FAIR: 45, 3-6M: 33.7%",124450.05424690247,consolidation_conviction
2015-07-29 10:30:00-04:00,MA,buy,95.16000366210938,164.0,15606.240600585938,"GOOD: 60, 3-6M: 35.0%, ATR: 0.98",124450.05424690247,consolidation_conviction
2015-08-03 10:30:00-04:00,UNH,sell,121.61000061035156,135.0,16417.35008239746,Time Exit | P&L: 14.5%,124713.06791114807,consolidation_conviction
2015-08-07 10:30:00-04:00,TSLA,sell,16.238666534423828,888.0,14419.93588256836,Stop Loss | P&L: -8.0%,122944.8513212204,consolidation_conviction
2015-08-10 10:30:00-04:00,SCHW,buy,35.029998779296875,439.0,15378.169464111328,"FAIR: 45, 3-6M: 34.7%",123746.58538341522,consolidation_conviction
2015-08-10 10:30:00-04:00,ACN,buy,103.73999786376953,148.0,15353.51968383789,"GOOD: 50, 3-6M: 33.9%, ATR: 1.06",123746.58538341522,consolidation_conviction
2015-08-21 10:30:00-04:00,META,sell,87.5199966430664,260.0,22755.199127197266,Time Exit | P&L: 12.2%,115778.64610862732,consolidation_conviction
2015-08-21 10:30:00-04:00,AVGO,sell,11.274999618530273,1435.0,16179.624452590942,Stop Loss | P&L: -9.6%,115778.64610862732,consolidation_conviction
2015-08-21 10:30:00-04:00,AMZN,sell,25.368000030517578,201.0,5098.968006134033,Trailing Stop | P&L: 18.1%,115778.64610862732,consolidation_conviction
2015-08-21 10:30:00-04:00,SCHW,sell,31.809999465942383,439.0,13964.589765548706,Stop Loss | P&L: -9.2%,115778.64610862732,consolidation_conviction
2015-08-24 10:30:00-04:00,MA,sell,85.5,164.0,14022.0,Stop Loss | P&L: -10.2%,109207.66472434998,consolidation_conviction
2015-08-24 10:30:00-04:00,ACN,sell,91.33999633789062,148.0,13518.319458007812,Stop Loss | P&L: -12.0%,109207.66472434998,consolidation_conviction
2015-08-24 10:30:00-04:00,AMZN,buy,24.723499298095703,662.0,16366.956535339355,"FAIR: 40, 3-6M: 66.8%",109207.66472434998,consolidation_conviction
2015-08-27 10:30:00-04:00,AVGO,buy,11.619999885559082,1474.0,17127.879831314087,"FAIR: 35, 3-6M: 35.3%",114191.21735572813,consolidation_conviction
2015-09-28 10:30:00-04:00,CRM,buy,72.44000244140625,243.0,17602.92059326172,"FAIR: 45, 3-6M: 30.9%",117375.67106056212,consolidation_conviction
2015-10-06 10:30:00-04:00,NFLX,sell,110.33000183105469,56.0,6178.4801025390625,Trailing Stop | P&L: 16.0%,119204.0490875244,consolidation_conviction
2015-10-07 10:30:00-04:00,NFLX,buy,108.33000183105469,163.0,17657.790298461914,"FAIR: 35, 3-6M: 123.0%",118121.31697082518,consolidation_conviction
2015-10-12 10:30:00-04:00,LLY,sell,78.58000183105469,199.0,15637.420364379883,Stop Loss | P&L: -8.8%,118134.51716804503,consolidation_conviction
2015-10-19 10:30:00-04:00,NFLX,sell,98.06999969482422,163.0,15985.409950256348,Stop Loss | P&L: -9.5%,118919.08598709105,consolidation_conviction
2015-10-20 10:30:00-04:00,NFLX,buy,101.69000244140625,233.0,23693.770568847656,"GOOD: 55, 3-6M: 114.9%, ATR: 1.19",118721.48653411862,consolidation_conviction
2015-10-26 10:30:00-04:00,META,buy,102.19000244140625,155.0,15839.450378417969,"FAIR: 40, 3-6M: 31.5%",120543.19353485105,consolidation_conviction
2015-10-26 10:30:00-04:00,GOOGL,buy,35.96649932861328,441.0,15861.226203918457,"FAIR: 40, 3-6M: 43.7%",120543.19353485105,consolidation_conviction
2015-12-22 09:30:00-05:00,NFLX,sell,117.30000305175781,233.0,27330.90071105957,Trailing Stop | P&L: 15.4%,130928.0750083923,consolidation_conviction
2015-12-23 09:30:00-05:00,NFLX,buy,116.23999786376953,98.0,11391.519790649414,"GOOD: 50, 3-6M: 84.8%, ATR: 0.91",132006.2521076202,consolidation_conviction
2015-12-23 09:30:00-05:00,GOOG,buy,37.5,306.0,11475.0,"GOOD: 55, 3-6M: 36.4%, ATR: 0.88",132006.2521076202,consolidation_conviction
2016-01-04 09:30:00-05:00,NKE,sell,61.11000061035156,360.0,21999.600219726562,Trailing Stop | P&L: 23.0%,126571.613451004,consolidation_conviction
2016-01-06 09:30:00-05:00,AMZN,sell,31.100000381469727,662.0,20588.20025253296,Trailing Stop | P&L: 25.8%,123035.62434196469,consolidation_conviction
2016-01-06 09:30:00-05:00,NFLX,sell,105.29000091552734,98.0,10318.42008972168,Stop Loss | P&L: -9.4%,123035.62434196469,consolidation_conviction
2016-01-07 09:30:00-05:00,AMZN,buy,31.63249969482422,772.0,24420.289764404297,"GOOD: 50, 3-6M: 69.1%, ATR: 0.95",122233.26811027524,consolidation_conviction
2016-01-07 09:30:00-05:00,NFLX,buy,117.68000030517578,207.0,24359.760063171387,"GOOD: 60, 3-6M: 88.0%, ATR: 0.79",122233.26811027524,consolidation_conviction
2016-01-14 09:30:00-05:00,AMZN,sell,29.012500762939453,772.0,22397.650588989258,Stop Loss | P&L: -8.3%,115116.06958961484,consolidation_conviction
2016-01-14 09:30:00-05:00,NFLX,sell,105.6500015258789,207.0,21869.550315856934,Stop Loss | P&L: -10.2%,115116.06958961484,consolidation_conviction
2016-01-15 09:30:00-05:00,META,sell,93.9800033569336,155.0,14566.900520324707,Stop Loss | P&L: -8.0%,113101.0194969177,consolidation_conviction
2016-01-15 09:30:00-05:00,MSFT,buy,53.11000061035156,319.0,16942.09019470215,"FAIR: 45, 3-6M: 30.4%",113101.0194969177,consolidation_conviction
2016-01-15 09:30:00-05:00,NFLX,buy,107.05999755859375,158.0,16915.479614257812,"FAIR: 45, 3-6M: 81.4%",113101.0194969177,consolidation_conviction
2016-01-19 09:30:00-05:00,AMZN,buy,28.509000778198242,605.0,17247.945470809937,"FAIR: 35, 3-6M: 53.2%",115061.2900600433,consolidation_conviction
2016-01-20 09:30:00-05:00,GOOG,sell,34.43050003051758,306.0,10535.733009338379,Stop Loss | P&L: -8.2%,112638.38524246213,consolidation_conviction
2016-01-21 09:30:00-05:00,GOOG,buy,34.92250061035156,363.0,12676.867721557617,"FAIR: 40, 3-6M: 30.4%",114790.37211227414,consolidation_conviction
2016-01-27 09:30:00-05:00,NFLX,sell,96.61000061035156,158.0,15264.380096435547,Stop Loss | P&L: -9.8%,114242.57165718076,consolidation_conviction
2016-01-29 09:30:00-05:00,CRM,sell,66.48999786376953,243.0,16157.069480895996,Stop Loss | P&L: -8.2%,114992.71127891538,consolidation_conviction
2016-02-08 09:30:00-05:00,AMZN,sell,24.32349967956543,605.0,14715.717306137085,Stop Loss | P&L: -14.7%,107885.46646118161,consolidation_conviction
2016-02-11 09:30:00-05:00,MSFT,sell,48.68000030517578,319.0,15528.920097351074,Stop Loss | P&L: -8.3%,106382.43563652036,consolidation_conviction
2016-02-24 09:30:00-05:00,AVGO,sell,12.651000022888184,1474.0,18647.574033737183,Time Exit | P&L: 8.9%,108425.21017074582,consolidation_conviction
2016-03-15 10:30:00-04:00,META,buy,109.88999938964844,150.0,16483.499908447266,"FAIR: 45, 3-6M: 38.8%",109895.70130538939,consolidation_conviction
2016-03-15 10:30:00-04:00,AMZN,buy,28.668500900268555,574.0,16455.71951675415,"FAIR: 45, 3-6M: 33.6%",109895.70130538939,consolidation_conviction
2016-04-25 10:30:00-04:00,GOOGL,sell,36.76750183105469,441.0,16214.468307495117,Time Exit | P&L: 2.2%,110887.05361557004,consolidation_conviction
2016-04-26 10:30:00-04:00,GOOGL,buy,37.11050033569336,840.0,31172.820281982422,"HIGH: 65, 3-6M: 33.5%, ATR: 0.56",111423.5831069946,consolidation_conviction
2016-05-24 10:30:00-04:00,NVDA,buy,1.1100000143051147,15267.0,16946.370218396187,"FAIR: 45, 3-6M: 93.2%",112979.08684158324,consolidation_conviction
2016-06-07 10:30:00-04:00,AVGO,buy,16.284000396728516,951.0,15486.084377288818,"FAIR: 40, 3-6M: 41.6%",115944.78827166556,consolidation_conviction
2016-06-27 10:30:00-04:00,GOOGL,sell,34.1245002746582,840.0,28664.58023071289,Stop Loss | P&L: -8.0%,108639.88009274004,consolidation_conviction
2016-06-27 10:30:00-04:00,AVGO,sell,14.649999618530273,951.0,13932.14963722229,Stop Loss | P&L: -10.0%,108639.88009274004,consolidation_conviction
2016-06-28 10:30:00-04:00,CVX,buy,100.36000061035156,304.0,30509.440185546875,"HIGH: 65, 3-6M: 32.4%, ATR: 0.69",109159.10745501515,consolidation_conviction
2016-07-19 10:30:00-04:00,AVGO,buy,16.232999801635742,726.0,11785.157855987549,"FAIR: 40, 3-6M: 32.9%",116327.75239014624,consolidation_conviction
2016-07-19 10:30:00-04:00,JNJ,buy,123.13999938964844,95.0,11698.299942016602,"GOOD: 50, 3-6M: 32.2%, ATR: 1.17",116327.75239014624,consolidation_conviction
2016-07-20 10:30:00-04:00,GOOG,sell,36.86650085449219,363.0,13382.539810180664,Time Exit | P&L: 5.6%,117516.84893691538,consolidation_conviction
2016-09-12 10:30:00-04:00,META,sell,125.95999908447266,150.0,18893.9998626709,Time Exit | P&L: 14.6%,118141.4774955511,consolidation_conviction
2016-09-28 10:30:00-04:00,NVDA,sell,1.6660000085830688,15267.0,25434.822131037712,PROFIT TARGET | P&L: 50.1%,123431.40157508849,consolidation_conviction
2016-09-29 10:30:00-04:00,NVDA,buy,1.6694999933242798,14894.0,24865.532900571823,"GOOD: 50, 3-6M: 105.0%, ATR: 1.28",124334.40450096127,consolidation_conviction
2016-10-25 10:30:00-04:00,UNH,buy,144.69000244140625,130.0,18809.700317382812,"FAIR: 40, 3-6M: 32.0%",125670.84502887723,consolidation_conviction
2016-10-25 10:30:00-04:00,META,buy,133.27999877929688,158.0,21058.239807128906,"GOOD: 55, 3-6M: 36.7%, ATR: 0.81",125670.84502887723,consolidation_conviction
2016-11-03 10:30:00-04:00,META,sell,122.0,158.0,19276.0,Stop Loss | P&L: -8.5%,121730.63055086133,consolidation_conviction
2016-11-08 09:30:00-05:00,CSCO,buy,30.940000534057617,14.0,433.16000747680664,"GOOD: 55, 3-6M: 30.4%, ATR: 1.03",124303.99064230916,consolidation_conviction
2016-11-11 09:30:00-05:00,AMZN,sell,36.7864990234375,574.0,21115.450439453125,Trailing Stop | P&L: 28.3%,126412.01120758054,consolidation_conviction
2016-11-16 09:30:00-05:00,AMZN,buy,37.1619987487793,524.0,19472.88734436035,"FAIR: 35, 3-6M: 40.0%",129896.41887521741,consolidation_conviction
2016-11-22 09:30:00-05:00,CRM,buy,76.1500015258789,22.0,1675.300033569336,"FAIR: 45, 3-6M: 32.8%",134371.31509304044,consolidation_conviction
2016-11-22 09:30:00-05:00,NFLX,buy,117.95999908447266,14.0,1651.4399871826172,"FAIR: 35, 3-6M: 37.0%",134371.31509304044,consolidation_conviction
2016-11-23 09:30:00-05:00,JNJ,sell,112.25,95.0,10663.75,Stop Loss | P&L: -8.8%,134305.03568553922,consolidation_conviction
2016-12-02 09:30:00-05:00,CRM,sell,66.58999633789062,22.0,1464.9799194335938,Stop Loss | P&L: -12.6%,131402.2618770599,consolidation_conviction
2016-12-06 09:30:00-05:00,BAC,buy,21.84000015258789,482.0,10526.880073547363,"FAIR: 35, 3-6M: 79.6%",133830.45038843152,consolidation_conviction
2016-12-06 09:30:00-05:00,SCHW,buy,39.0,270.0,10530.0,"FAIR: 35, 3-6M: 61.6%",133830.45038843152,consolidation_conviction
2016-12-20 09:30:00-05:00,NVDA,sell,2.614500045776367,14894.0,38940.36368179321,PROFIT TARGET | P&L: 56.6%,142074.6075801849,consolidation_conviction
2017-01-11 09:30:00-05:00,CVX,sell,115.1500015258789,304.0,35005.60046386719,Time Exit | P&L: 14.7%,142518.51910972592,consolidation_conviction
2017-01-12 09:30:00-05:00,JPM,buy,87.08000183105469,327.0,28475.160598754883,"GOOD: 55, 3-6M: 45.8%, ATR: 1.06",142606.85429191586,consolidation_conviction
2017-01-12 09:30:00-05:00,NVDA,buy,2.628999948501587,8136.0,21389.54358100891,"FAIR: 40, 3-6M: 194.1%",142606.85429191586,consolidation_conviction
2017-01-17 09:30:00-05:00,AVGO,sell,17.947999954223633,726.0,13030.247966766357,Time Exit | P&L: 10.6%,142285.27292633054,consolidation_conviction
2017-04-11 10:30:00-04:00,NVDA,sell,2.413749933242798,8136.0,19638.269456863403,Stop Loss | P&L: -8.2%,143558.44097518918,consolidation_conviction
2017-04-12 10:30:00-04:00,ADBE,buy,129.9499969482422,221.0,28718.949325561523,"GOOD: 50, 3-6M: 43.0%, ATR: 1.12",143760.1405830383,consolidation_conviction
2017-04-12 10:30:00-04:00,AVGO,buy,21.7549991607666,1321.0,28738.35389137268,"GOOD: 60, 3-6M: 51.5%, ATR: 0.91",143760.1405830383,consolidation_conviction
2017-05-08 10:30:00-04:00,CSCO,sell,34.459999084472656,14.0,482.4399871826172,Time Exit | P&L: 11.4%,149676.76654243466,consolidation_conviction
2017-06-05 10:30:00-04:00,BAC,sell,22.440000534057617,482.0,10816.080257415771,Time Exit | P&L: 2.7%,155453.5293998718,consolidation_conviction
2017-06-05 10:30:00-04:00,SCHW,sell,39.0,270.0,10530.0,Time Exit | P&L: 0.0%,155453.5293998718,consolidation_conviction
2017-06-06 10:30:00-04:00,TSLA,buy,23.154666900634766,474.0,10975.312110900879,"FAIR: 35, 3-6M: 55.4%",154811.02211189267,consolidation_conviction
2017-06-06 10:30:00-04:00,PYPL,buy,53.79999923706055,204.0,10975.199844360352,"FAIR: 40, 3-6M: 40.8%",154811.02211189267,consolidation_conviction
2017-06-15 10:30:00-04:00,NFLX,sell,149.44000244140625,14.0,2092.1600341796875,Trailing Stop | P&L: 26.7%,151708.9601230621,consolidation_conviction
2017-07-06 10:30:00-04:00,TSLA,sell,21.150667190551758,474.0,10025.416248321533,Stop Loss | P&L: -8.7%,153555.9394817352,consolidation_conviction
2017-07-07 10:30:00-04:00,BAC,buy,24.709999084472656,50.0,1235.4999542236328,"GOOD: 55, 3-6M: 58.4%, ATR: 0.93",154933.81458663938,consolidation_conviction
2017-07-07 10:30:00-04:00,NVDA,buy,3.5869998931884766,344.0,1233.927963256836,"FAIR: 40, 3-6M: 127.4%",154933.81458663938,consolidation_conviction
2017-07-12 10:30:00-04:00,JPM,sell,92.61000061035156,327.0,30283.47019958496,Time Exit | P&L: 6.4%,157573.35156631467,consolidation_conviction
2017-07-13 10:30:00-04:00,NFLX,buy,158.75,150.0,23812.5,"FAIR: 45, 3-6M: 67.9%",158854.7490558624,consolidation_conviction
2017-07-13 10:30:00-04:00,JPM,buy,92.51000213623047,313.0,28955.630668640137,"GOOD: 55, 3-6M: 40.6%, ATR: 0.92",158854.7490558624,consolidation_conviction
2017-08-11 10:30:00-04:00,AMZN,sell,48.0,524.0,25152.0,Trailing Stop | P&L: 29.2%,159075.22043228147,consolidation_conviction
2017-10-10 10:30:00-04:00,AVGO,sell,24.753000259399414,1321.0,32698.713342666626,Time Exit | P&L: 13.8%,169582.26409339902,consolidation_conviction
2017-10-11 10:30:00-04:00,MA,buy,145.64999389648438,232.0,33790.798583984375,"GOOD: 50, 3-6M: 39.1%, ATR: 1.16",169285.92795753476,consolidation_conviction
2017-10-11 10:30:00-04:00,AVGO,buy,24.599000930786133,1376.0,33848.22528076172,"GOOD: 60, 3-6M: 35.2%, ATR: 0.87",169285.92795753476,consolidation_conviction
2017-11-13 09:30:00-05:00,NVDA,sell,5.403500080108643,344.0,1858.804027557373,PROFIT TARGET | P&L: 50.6%,181546.02183723447,consolidation_conviction
2017-11-29 09:30:00-05:00,UNH,sell,217.6999969482422,130.0,28300.999603271484,PROFIT TARGET | P&L: 50.5%,190613.39324760434,consolidation_conviction
2017-12-05 09:30:00-05:00,PYPL,sell,69.80999755859375,204.0,14241.239501953125,Trailing Stop | P&L: 29.8%,179530.17981910703,consolidation_conviction
2017-12-06 09:30:00-05:00,ADBE,sell,166.7899932861328,221.0,36860.58851623535,Trailing Stop | P&L: 28.3%,179076.22144889832,consolidation_conviction
2017-12-06 09:30:00-05:00,WMT,buy,32.61000061035156,336.0,10956.960205078125,"FAIR: 40, 3-6M: 36.4%",179076.22144889832,consolidation_conviction
2017-12-06 09:30:00-05:00,NVDA,buy,4.69350004196167,2335.0,10959.3225979805,"FAIR: 35, 3-6M: 69.5%",179076.22144889832,consolidation_conviction
2017-12-07 09:30:00-05:00,PYPL,buy,73.13999938964844,355.0,25964.699783325195,"GOOD: 50, 3-6M: 72.0%, ATR: 1.58",181970.1207885742,consolidation_conviction
2017-12-07 09:30:00-05:00,ABBV,buy,94.4000015258789,275.0,25960.0004196167,"GOOD: 55, 3-6M: 52.4%, ATR: 1.13",181970.1207885742,consolidation_conviction
2018-01-23 09:30:00-05:00,NFLX,sell,255.0500030517578,150.0,38257.50045776367,PROFIT TARGET | P&L: 60.7%,209303.41154670712,consolidation_conviction
2018-02-06 09:30:00-05:00,AVGO,sell,22.562000274658203,1376.0,31045.312377929688,Stop Loss | P&L: -8.3%,193101.99590730664,consolidation_conviction
2018-02-07 09:30:00-05:00,ABT,buy,58.86000061035156,512.0,30136.3203125,"FAIR: 45, 3-6M: 33.4%",201204.14868354794,consolidation_conviction
2018-02-07 09:30:00-05:00,UNH,buy,225.17999267578125,134.0,30174.119018554688,"FAIR: 45, 3-6M: 30.7%",201204.14868354794,consolidation_conviction
2018-03-02 09:30:00-05:00,WMT,sell,29.09000015258789,336.0,9774.240051269531,Stop Loss | P&L: -10.8%,201696.15365123746,consolidation_conviction
2018-03-28 10:30:00-04:00,NVDA,sell,5.603250026702881,2335.0,13083.588812351227,Trailing Stop | P&L: 19.4%,194403.93448877332,consolidation_conviction
2018-03-29 10:30:00-04:00,BAC,sell,29.56999969482422,50.0,1478.499984741211,Trailing Stop | P&L: 19.7%,194415.2749199867,consolidation_conviction
2018-03-29 10:30:00-04:00,CSCO,buy,41.65999984741211,156.0,6498.959976196289,"FAIR: 35, 3-6M: 31.4%",194415.2749199867,consolidation_conviction
2018-03-29 10:30:00-04:00,NFLX,buy,285.7699890136719,22.0,6286.939758300781,"FAIR: 40, 3-6M: 87.1%",194415.2749199867,consolidation_conviction
2018-05-04 10:30:00-04:00,JPM,sell,106.43000030517578,313.0,33312.59009552002,Trailing Stop | P&L: 15.0%,199409.3660225868,consolidation_conviction
2018-05-07 10:30:00-04:00,ADBE,buy,228.50999450683594,124.0,28335.239318847656,"FAIR: 45, 3-6M: 52.4%",202157.56877374646,consolidation_conviction
2018-05-07 10:30:00-04:00,AMZN,buy,79.04750061035156,359.0,28378.05271911621,"FAIR: 35, 3-6M: 53.7%",202157.56877374646,consolidation_conviction
2018-06-06 10:30:00-04:00,ABBV,sell,99.25,275.0,27293.75,Time Exit | P&L: 5.1%,217607.16049432755,consolidation_conviction
2018-06-08 10:30:00-04:00,PYPL,sell,83.2300033569336,355.0,29546.651191711426,Time Exit | P&L: 13.8%,215652.00757074353,consolidation_conviction
2018-06-11 10:30:00-04:00,HD,buy,198.3300018310547,142.0,28162.860260009766,"GOOD: 55, 3-6M: 33.0%, ATR: 0.65",217016.5271935463,consolidation_conviction
2018-06-11 10:30:00-04:00,V,buy,134.74000549316406,210.0,28295.401153564453,"GOOD: 60, 3-6M: 30.6%, ATR: 0.60",217016.5271935463,consolidation_conviction
2018-07-17 10:30:00-04:00,NFLX,sell,346.95001220703125,22.0,7632.9002685546875,Trailing Stop | P&L: 21.4%,219477.96690607068,consolidation_conviction
2018-08-07 10:30:00-04:00,ABT,sell,65.18000030517578,512.0,33372.16015625,Time Exit | P&L: 10.7%,223109.38125848767,consolidation_conviction
2018-08-07 10:30:00-04:00,UNH,sell,257.6400146484375,134.0,34523.761962890625,Time Exit | P&L: 14.4%,223109.38125848767,consolidation_conviction
2018-08-08 10:30:00-04:00,COST,buy,223.86000061035156,199.0,44548.14012145996,"GOOD: 55, 3-6M: 39.2%, ATR: 0.84",223222.57702875134,consolidation_conviction
2018-08-08 10:30:00-04:00,MSFT,buy,108.87999725341797,410.0,44640.79887390137,"GOOD: 55, 3-6M: 38.2%, ATR: 0.88",223222.57702875134,consolidation_conviction
2018-09-17 10:30:00-04:00,MA,sell,219.97000122070312,232.0,51033.040283203125,PROFIT TARGET | P&L: 51.0%,239588.65267419812,consolidation_conviction
2018-09-18 10:30:00-04:00,NKE,buy,83.26000213623047,109.0,9075.340232849121,"GOOD: 55, 3-6M: 37.8%, ATR: 0.98",236564.573618412,consolidation_conviction
2018-09-18 10:30:00-04:00,LLY,buy,105.70999908447266,86.0,9091.059921264648,"GOOD: 55, 3-6M: 30.7%, ATR: 1.11",236564.573618412,consolidation_conviction
2018-10-09 10:30:00-04:00,CSCO,sell,47.529998779296875,156.0,7414.6798095703125,Time Exit | P&L: 14.1%,229895.04577875134,consolidation_conviction
2018-10-11 10:30:00-04:00,NKE,sell,74.7699966430664,109.0,8149.929634094238,Stop Loss | P&L: -10.2%,219700.18556451795,consolidation_conviction
2018-10-12 10:30:00-04:00,NFLX,buy,321.1000061035156,20.0,6422.0001220703125,"FAIR: 35, 3-6M: 72.4%",225003.05683374402,consolidation_conviction
2018-10-18 10:30:00-04:00,AMZN,sell,91.07450103759766,359.0,32695.74587249756,Trailing Stop | P&L: 15.2%,227880.7612252235,consolidation_conviction
2018-10-19 10:30:00-04:00,HD,sell,180.33999633789062,142.0,25608.27947998047,Stop Loss | P&L: -9.1%,225665.71830224988,consolidation_conviction
2018-10-19 10:30:00-04:00,MA,buy,203.6199951171875,159.0,32375.579223632812,"FAIR: 40, 3-6M: 30.7%",225665.71830224988,consolidation_conviction
2018-10-30 10:30:00-04:00,NFLX,sell,275.57000732421875,20.0,5511.400146484375,Stop Loss | P&L: -14.2%,215425.25672388074,consolidation_conviction
2018-11-05 09:30:00-05:00,ADBE,sell,240.0,124.0,29760.0,Time Exit | P&L: 5.0%,220755.96500635144,consolidation_conviction
2018-11-20 09:30:00-05:00,MA,sell,181.97999572753906,159.0,28934.81932067871,Stop Loss | P&L: -10.6%,213540.87182092664,consolidation_conviction
2018-12-10 09:30:00-05:00,V,sell,136.25,210.0,28612.5,Time Exit | P&L: 1.1%,215832.57146692273,consolidation_conviction
2018-12-18 09:30:00-05:00,COST,sell,203.08999633789062,199.0,40414.909271240234,Stop Loss | P&L: -9.3%,210774.90098047254,consolidation_conviction
2018-12-24 09:30:00-05:00,MSFT,sell,97.68000030517578,410.0,40048.80012512207,Stop Loss | P&L: -10.3%,208279.3209481239,consolidation_conviction
2019-02-15 09:30:00-05:00,PG,buy,98.45999908447266,425.0,41845.49961090088,"GOOD: 55, 3-6M: 36.8%, ATR: 0.98",209296.7011055946,consolidation_conviction
2019-04-12 10:30:00-04:00,AVGO,buy,30.94099998474121,1371.0,42420.1109790802,"GOOD: 50, 3-6M: 30.3%, ATR: 0.81",212110.86219263074,consolidation_conviction
2019-04-12 10:30:00-04:00,TMO,buy,280.510009765625,151.0,42357.011474609375,"GOOD: 60, 3-6M: 36.7%, ATR: 0.75",212110.86219263074,consolidation_conviction
2019-04-15 10:30:00-04:00,CSCO,buy,56.290000915527344,755.0,42498.950691223145,"GOOD: 60, 3-6M: 33.0%, ATR: 0.73",212521.16998720166,consolidation_conviction
2019-04-17 10:30:00-04:00,LLY,sell,120.0,86.0,10320.0,Time Exit | P&L: 13.5%,212049.76890993115,consolidation_conviction
2019-04-18 10:30:00-04:00,LLY,buy,116.5,336.0,39144.0,"GOOD: 50, 3-6M: 35.7%, ATR: 0.74",210007.14923143384,consolidation_conviction
2019-04-23 10:30:00-04:00,TMO,sell,255.0,151.0,38505.0,Stop Loss | P&L: -9.1%,207875.62378168103,consolidation_conviction
2019-04-26 10:30:00-04:00,NFLX,buy,368.3299865722656,104.0,38306.318603515625,"GOOD: 55, 3-6M: 38.0%, ATR: 0.75",207434.68143892285,consolidation_conviction
2019-04-26 10:30:00-04:00,META,buy,193.25999450683594,161.0,31114.859115600586,"FAIR: 45, 3-6M: 34.2%",207434.68143892285,consolidation_conviction
2019-05-14 10:30:00-04:00,CSCO,sell,51.45000076293945,755.0,38844.75057601929,Stop Loss | P&L: -8.6%,197885.5242962837,consolidation_conviction
2019-05-16 10:30:00-04:00,PYPL,buy,111.5,73.0,8139.5,"GOOD: 50, 3-6M: 35.3%, ATR: 1.04",200004.60995721814,consolidation_conviction
2019-05-16 10:30:00-04:00,MA,buy,249.14999389648438,32.0,7972.7998046875,"GOOD: 55, 3-6M: 30.3%, ATR: 0.98",200004.60995721814,consolidation_conviction
2019-05-20 10:30:00-04:00,AVGO,sell,27.799999237060547,1371.0,38113.79895401001,Stop Loss | P&L: -10.2%,196769.8687138557,consolidation_conviction
2019-06-03 10:30:00-04:00,META,sell,175.0,161.0,28175.0,Stop Loss | P&L: -9.4%,193240.69437456128,consolidation_conviction
2019-06-07 10:30:00-04:00,AVGO,buy,27.27899932861328,1086.0,29624.993270874023,"FAIR: 35, 3-6M: 32.0%",197538.25621843335,consolidation_conviction
2019-06-21 10:30:00-04:00,DIS,buy,142.02000427246094,200.0,28404.000854492188,"GOOD: 50, 3-6M: 30.1%, ATR: 1.02",199816.41191911694,consolidation_conviction
2019-07-18 10:30:00-04:00,NFLX,sell,323.760009765625,104.0,33671.041015625,Stop Loss | P&L: -12.1%,195923.93745470044,consolidation_conviction
2019-07-22 10:30:00-04:00,LLY,sell,106.91999816894531,336.0,35925.119384765625,Stop Loss | P&L: -8.2%,196224.69639635083,consolidation_conviction
2019-08-02 10:30:00-04:00,V,buy,179.1699981689453,217.0,38879.88960266113,"GOOD: 60, 3-6M: 30.6%, ATR: 0.90",194758.37176561353,consolidation_conviction
2019-08-30 10:30:00-04:00,META,buy,185.57000732421875,167.0,30990.19122314453,"GOOD: 50, 3-6M: 31.1%, ATR: 1.04",198144.80125474927,consolidation_conviction
2019-09-27 10:30:00-04:00,DIS,sell,130.10000610351562,200.0,26020.001220703125,Stop Loss | P&L: -8.4%,193787.23889589307,consolidation_conviction
2019-09-30 10:30:00-04:00,HD,buy,229.86000061035156,112.0,25744.320068359375,"GOOD: 55, 3-6M: 31.9%, ATR: 1.06",192476.7911801338,consolidation_conviction
2019-10-01 10:30:00-04:00,AAPL,buy,55.99250030517578,2.0,111.98500061035156,"GOOD: 50, 3-6M: 31.0%, ATR: 0.96",193049.2789006233,consolidation_conviction
2019-10-02 10:30:00-04:00,PYPL,sell,101.80999755859375,73.0,7432.129821777344,Stop Loss | P&L: -8.7%,190694.32833147046,consolidation_conviction
2019-10-11 10:30:00-04:00,MSFT,buy,139.10000610351562,53.0,7372.300323486328,"GOOD: 60, 3-6M: 38.3%, ATR: 0.99",193673.73071718213,consolidation_conviction
2019-10-11 10:30:00-04:00,WMT,buy,39.869998931884766,186.0,7415.819801330566,"GOOD: 60, 3-6M: 32.3%, ATR: 0.92",193673.73071718213,consolidation_conviction
2019-11-13 09:30:00-05:00,MA,sell,276.510009765625,32.0,8848.3203125,Time Exit | P&L: 11.0%,199069.7948117256,consolidation_conviction
2019-12-05 09:30:00-05:00,AVGO,sell,31.05900001525879,1086.0,33730.074016571045,Time Exit | P&L: 13.9%,200126.36196565625,consolidation_conviction
2019-12-06 09:30:00-05:00,COST,buy,293.1000061035156,120.0,35172.000732421875,"GOOD: 60, 3-6M: 35.5%, ATR: 0.70",200831.5813260078,consolidation_conviction
2019-12-06 09:30:00-05:00,ABBV,buy,86.72000122070312,347.0,30091.840423583984,"FAIR: 45, 3-6M: 30.2%",200831.5813260078,consolidation_conviction
2019-12-11 09:30:00-05:00,HD,sell,211.02999877929688,112.0,23635.35986328125,Stop Loss | P&L: -8.2%,200309.87004518506,consolidation_conviction
2020-01-30 09:30:00-05:00,V,sell,204.0,217.0,44268.0,Time Exit | P&L: 13.9%,207211.50722932813,consolidation_conviction
2020-01-31 09:30:00-05:00,MA,buy,324.4599914550781,115.0,37312.899017333984,"GOOD: 55, 3-6M: 35.1%, ATR: 0.88",207557.5784344673,consolidation_conviction
2020-01-31 09:30:00-05:00,ADBE,buy,356.739990234375,104.0,37100.958984375,"GOOD: 60, 3-6M: 31.4%, ATR: 0.80",207557.5784344673,consolidation_conviction
2020-02-24 09:30:00-05:00,MSFT,sell,167.77000427246094,53.0,8891.81022644043,Trailing Stop | P&L: 20.6%,209824.24870729444,consolidation_conviction
2020-02-26 09:30:00-05:00,AAPL,sell,71.63249969482422,2.0,143.26499938964844,Trailing Stop | P&L: 27.9%,202653.42909669873,consolidation_conviction
2020-02-27 09:30:00-05:00,META,sell,191.82000732421875,167.0,32033.94122314453,Time Exit | P&L: 3.4%,196205.70506715772,consolidation_conviction
2020-02-27 09:30:00-05:00,MA,sell,285.0299987792969,115.0,32778.44985961914,Stop Loss | P&L: -12.2%,196205.70506715772,consolidation_conviction
2020-02-28 09:30:00-05:00,PG,sell,109.45999908447266,425.0,46520.49961090088,Time Exit | P&L: 11.2%,186990.5431256294,consolidation_conviction
2020-02-28 09:30:00-05:00,WMT,sell,35.89666748046875,186.0,6676.7801513671875,Stop Loss | P&L: -10.0%,186990.5431256294,consolidation_conviction
2020-02-28 09:30:00-05:00,ADBE,sell,324.4200134277344,104.0,33739.681396484375,Stop Loss | P&L: -9.1%,186990.5431256294,consolidation_conviction
2020-02-28 09:30:00-05:00,TSLA,buy,45.266666412353516,619.0,28020.066509246826,"FAIR: 35, 3-6M: 192.3%",186990.5431256294,consolidation_conviction
2020-02-28 09:30:00-05:00,NVDA,buy,6.315000057220459,4441.0,28044.91525411606,"FAIR: 40, 3-6M: 55.9%",186990.5431256294,consolidation_conviction
2020-03-02 09:30:00-05:00,NFLX,buy,369.0299987792969,79.0,29153.369903564453,"FAIR: 40, 3-6M: 32.7%",196396.62297487256,consolidation_conviction
2020-03-09 10:30:00-04:00,TSLA,sell,40.35933303833008,619.0,24982.42715072632,Stop Loss | P&L: -10.8%,185084.24639844891,consolidation_conviction
2020-03-12 10:30:00-04:00,ABBV,sell,78.8499984741211,347.0,27360.94947052002,Stop Loss | P&L: -9.1%,178473.35531568524,consolidation_conviction
2020-03-12 10:30:00-04:00,NVDA,sell,5.636499881744385,4441.0,25031.695974826813,Stop Loss | P&L: -10.7%,178473.35531568524,consolidation_conviction
2020-03-12 10:30:00-04:00,NFLX,sell,326.5,79.0,25793.5,Stop Loss | P&L: -11.5%,178473.35531568524,consolidation_conviction
2020-03-12 10:30:00-04:00,TSLA,buy,42.28200149536133,633.0,26764.50694656372,"FAIR: 35, 3-6M: 236.1%",178473.35531568524,consolidation_conviction
2020-03-16 10:30:00-04:00,TSLA,sell,31.299999237060547,633.0,19812.899517059326,Stop Loss | P&L: -26.0%,173939.493827343,consolidation_conviction
2020-03-27 10:30:00-04:00,NVDA,buy,6.431000232696533,4071.0,26180.601947307587,"FAIR: 35, 3-6M: 76.0%",174575.49602460858,consolidation_conviction
2020-04-13 10:30:00-04:00,TSLA,buy,38.20000076293945,695.0,26549.00053024292,"FAIR: 35, 3-6M: 161.3%",177023.2203879356,consolidation_conviction
2020-05-01 10:30:00-04:00,TSLA,sell,50.33333206176758,695.0,34981.66578292847,Trailing Stop | P&L: 31.8%,187467.05055141446,consolidation_conviction
2020-05-11 10:30:00-04:00,AAPL,buy,77.53250122070312,369.0,28609.492950439453,"FAIR: 40, 3-6M: 49.8%",190774.8637833595,consolidation_conviction
2020-05-11 10:30:00-04:00,TSLA,buy,54.62799835205078,523.0,28570.44313812256,"FAIR: 35, 3-6M: 258.1%",190774.8637833595,consolidation_conviction
2020-05-12 10:30:00-04:00,MSFT,buy,186.74000549316406,156.0,29131.440856933594,"FAIR: 40, 3-6M: 32.1%",194855.17095232007,consolidation_conviction
2020-05-26 10:30:00-04:00,ABBV,buy,92.0999984741211,324.0,29840.399505615234,"FAIR: 45, 3-6M: 40.7%",199194.73041486737,consolidation_conviction
2020-05-26 10:30:00-04:00,AMZN,buy,121.84400177001953,305.0,37162.42053985596,"GOOD: 50, 3-6M: 33.0%, ATR: 1.01",199194.73041486737,consolidation_conviction
2020-06-04 10:30:00-04:00,COST,sell,310.8500061035156,120.0,37302.000732421875,Time Exit | P&L: 6.1%,198994.09722185132,consolidation_conviction
2020-06-05 10:30:00-04:00,NFLX,buy,414.3299865722656,16.0,6629.27978515625,"GOOD: 50, 3-6M: 38.6%, ATR: 0.79",199028.2568182945,consolidation_conviction
2020-06-05 10:30:00-04:00,LLY,buy,150.7100067138672,44.0,6631.240295410156,"GOOD: 60, 3-6M: 35.8%, ATR: 0.75",199028.2568182945,consolidation_conviction
2020-07-06 10:30:00-04:00,NVDA,sell,9.74174976348877,4071.0,39658.66328716278,PROFIT TARGET | P&L: 51.5%,236477.2959656715,consolidation_conviction
2020-07-06 10:30:00-04:00,TSLA,sell,85.11266326904297,523.0,44513.92288970947,PROFIT TARGET | P&L: 55.8%,236477.2959656715,consolidation_conviction
2020-07-07 10:30:00-04:00,ADBE,buy,452.5899963378906,105.0,47521.949615478516,"GOOD: 50, 3-6M: 60.9%, ATR: 0.64",239140.32322549817,consolidation_conviction
2020-07-07 10:30:00-04:00,NVDA,buy,9.839249610900879,6805.0,66956.09360218048,"HIGH: 65, 3-6M: 122.4%, ATR: 0.74",239140.32322549817,consolidation_conviction
2020-07-17 10:30:00-04:00,NFLX,sell,494.8699951171875,16.0,7917.919921875,Trailing Stop | P&L: 19.4%,238418.6467604637,consolidation_conviction
2020-08-21 10:30:00-04:00,AAPL,sell,119.26249694824219,369.0,44007.86137390137,PROFIT TARGET | P&L: 53.8%,268758.7284941673,consolidation_conviction
2020-08-24 10:30:00-04:00,NFLX,buy,492.30999755859375,29.0,14276.989929199219,"HIGH: 65, 3-6M: 70.6%, ATR: 0.86",273732.1518769264,consolidation_conviction
2020-08-24 10:30:00-04:00,TMO,buy,428.57000732421875,33.0,14142.810241699219,"GOOD: 50, 3-6M: 45.5%, ATR: 0.81",273732.1518769264,consolidation_conviction
2020-09-04 10:30:00-04:00,NVDA,sell,12.7837495803833,6805.0,86993.41589450836,Trailing Stop | P&L: 29.9%,275423.3679394722,consolidation_conviction
2020-09-08 10:30:00-04:00,AMZN,sell,157.1999969482422,305.0,47945.99906921387,Trailing Stop | P&L: 29.0%,266887.2076458931,consolidation_conviction
2020-09-08 10:30:00-04:00,META,buy,282.7300109863281,141.0,39864.931549072266,"FAIR: 40, 3-6M: 43.1%",266887.2076458931,consolidation_conviction
2020-09-08 10:30:00-04:00,AAPL,buy,120.95999908447266,330.0,39916.79969787598,"FAIR: 45, 3-6M: 83.8%",266887.2076458931,consolidation_conviction
2020-09-17 10:30:00-04:00,META,sell,258.2799987792969,141.0,36417.47982788086,Stop Loss | P&L: -8.6%,261205.15140199658,consolidation_conviction
2020-09-17 10:30:00-04:00,AAPL,sell,109.72000122070312,330.0,36207.60040283203,Stop Loss | P&L: -9.3%,261205.15140199658,consolidation_conviction
2020-09-18 10:30:00-04:00,AVGO,buy,36.59199905395508,1077.0,39409.58298110962,"FAIR: 40, 3-6M: 36.3%",262917.8380475044,consolidation_conviction
2020-09-18 10:30:00-04:00,AAPL,buy,110.33999633789062,357.0,39391.37869262695,"FAIR: 40, 3-6M: 70.1%",262917.8380475044,consolidation_conviction
2020-10-20 10:30:00-04:00,ABBV,sell,84.19000244140625,324.0,27277.560791015625,Stop Loss | P&L: -8.6%,270609.4802517891,consolidation_conviction
2020-10-21 10:30:00-04:00,HD,buy,286.0400085449219,141.0,40331.641204833984,"FAIR: 45, 3-6M: 30.9%",269509.4591565132,consolidation_conviction
2020-10-21 10:30:00-04:00,AMZN,buy,160.85049438476562,335.0,53884.915618896484,"GOOD: 50, 3-6M: 68.7%, ATR: 1.07",269509.4591565132,consolidation_conviction
2020-10-27 10:30:00-04:00,LLY,sell,133.02000427246094,44.0,5852.880187988281,Stop Loss | P&L: -11.7%,265047.1347851753,consolidation_conviction
2020-11-10 09:30:00-05:00,MSFT,sell,214.5,156.0,33462.0,Time Exit | P&L: 14.9%,261230.9122662544,consolidation_conviction
2020-11-11 09:30:00-05:00,CRM,buy,247.66000366210938,45.0,11144.700164794922,"GOOD: 50, 3-6M: 36.2%, ATR: 0.94",261167.57440233228,consolidation_conviction
2020-11-11 09:30:00-05:00,NVDA,buy,12.770000457763672,882.0,11263.140403747559,"GOOD: 55, 3-6M: 108.0%, ATR: 0.93",261167.57440233228,consolidation_conviction
2020-12-02 09:30:00-05:00,CRM,sell,225.47999572753906,45.0,10146.599807739258,Stop Loss | P&L: -9.0%,270236.02644586563,consolidation_conviction
2020-12-08 09:30:00-05:00,HD,sell,261.7200012207031,141.0,36902.52017211914,Stop Loss | P&L: -8.5%,272168.5374302864,consolidation_conviction
2020-12-09 09:30:00-05:00,GOOGL,buy,90.56649780273438,390.0,35320.934143066406,"GOOD: 50, 3-6M: 30.3%, ATR: 0.86",272476.86492204666,consolidation_conviction
2020-12-09 09:30:00-05:00,META,buy,283.3999938964844,124.0,35141.59924316406,"GOOD: 55, 3-6M: 43.7%, ATR: 0.76",272476.86492204666,consolidation_conviction
2021-01-04 09:30:00-05:00,ADBE,sell,500.29998779296875,105.0,52531.49871826172,Time Exit | P&L: 10.5%,278274.4574913978,consolidation_conviction
2021-01-11 09:30:00-05:00,META,sell,260.4800109863281,124.0,32299.521362304688,Stop Loss | P&L: -8.1%,274073.6313633918,consolidation_conviction
2021-01-12 09:30:00-05:00,JPM,buy,138.0500030517578,297.0,41000.85090637207,"FAIR: 45, 3-6M: 51.5%",273687.14372301096,consolidation_conviction
2021-01-12 09:30:00-05:00,ACN,buy,260.3500061035156,191.0,49726.851165771484,"GOOD: 55, 3-6M: 59.8%, ATR: 0.93",273687.14372301096,consolidation_conviction
2021-02-18 09:30:00-05:00,AAPL,sell,129.1999969482422,357.0,46124.39891052246,Trailing Stop | P&L: 17.1%,289462.0020241737,consolidation_conviction
2021-02-22 09:30:00-05:00,NFLX,sell,534.989990234375,29.0,15514.709716796875,Time Exit | P&L: 8.7%,286792.2839417457,consolidation_conviction
2021-02-22 09:30:00-05:00,TMO,sell,474.7699890136719,33.0,15667.409637451172,Time Exit | P&L: 10.8%,286792.2839417457,consolidation_conviction
2021-02-23 09:30:00-05:00,TMO,buy,463.2799987792969,77.0,35672.55990600586,"FAIR: 35, 3-6M: 36.6%",283821.73114061356,consolidation_conviction
2021-02-23 09:30:00-05:00,LLY,buy,200.67999267578125,179.0,35921.718688964844,"FAIR: 40, 3-6M: 33.7%",283821.73114061356,consolidation_conviction
2021-03-09 09:30:00-05:00,AVGO,sell,43.569000244140625,1077.0,46923.81326293945,Trailing Stop | P&L: 19.1%,277939.18287706375,consolidation_conviction
2021-03-10 09:30:00-05:00,BRK-B,buy,259.0199890136719,44.0,11396.879516601562,"FAIR: 45, 3-6M: 48.1%",281238.69369363785,consolidation_conviction
2021-03-10 09:30:00-05:00,AVGO,buy,44.36000061035156,260.0,11533.600158691406,"FAIR: 40, 3-6M: 60.3%",281238.69369363785,consolidation_conviction
2021-03-22 10:30:00-04:00,LLY,sell,184.0500030517578,179.0,32944.95054626465,Stop Loss | P&L: -8.3%,276955.21237039566,consolidation_conviction
2021-04-20 10:30:00-04:00,AMZN,sell,168.67999267578125,335.0,56507.79754638672,Time Exit | P&L: 4.9%,297241.66107034683,consolidation_conviction
2021-04-21 10:30:00-04:00,PYPL,buy,264.42999267578125,223.0,58967.88836669922,"GOOD: 50, 3-6M: 50.1%, ATR: 0.86",295684.09252405167,consolidation_conviction
2021-04-21 10:30:00-04:00,SCHW,buy,63.689998626708984,928.0,59104.31872558594,"GOOD: 55, 3-6M: 86.2%, ATR: 1.03",295684.09252405167,consolidation_conviction
2021-05-11 10:30:00-04:00,NVDA,sell,13.824999809265137,882.0,12193.64983177185,Time Exit | P&L: 8.3%,295799.1133160591,consolidation_conviction
2021-05-11 10:30:00-04:00,PYPL,sell,235.0,223.0,52405.0,Stop Loss | P&L: -11.1%,295799.1133160591,consolidation_conviction
2021-05-12 10:30:00-04:00,UNH,buy,411.70001220703125,60.0,24702.000732421875,"GOOD: 50, 3-6M: 37.9%, ATR: 0.84",295124.79417848587,consolidation_conviction
2021-05-12 10:30:00-04:00,XOM,buy,60.59000015258789,411.0,24902.490062713623,"GOOD: 55, 3-6M: 47.0%, ATR: 0.76",295124.79417848587,consolidation_conviction
2021-07-12 10:30:00-04:00,JPM,sell,154.35000610351562,297.0,45841.95181274414,Time Exit | P&L: 11.8%,309548.5589375496,consolidation_conviction
2021-07-19 10:30:00-04:00,XOM,sell,55.63999938964844,411.0,22868.039749145508,Stop Loss | P&L: -8.2%,304039.6840443611,consolidation_conviction
2021-07-20 10:30:00-04:00,JPM,buy,146.97000122070312,302.0,44384.940368652344,"GOOD: 55, 3-6M: 51.6%, ATR: 0.94",303424.15189409256,consolidation_conviction
2021-07-20 10:30:00-04:00,DIS,buy,172.9499969482422,257.0,44448.14921569824,"HIGH: 65, 3-6M: 40.3%, ATR: 0.72",303424.15189409256,consolidation_conviction
2021-07-28 10:30:00-04:00,GOOGL,sell,136.31199645996094,390.0,53161.678619384766,PROFIT TARGET | P&L: 50.5%,314458.22802019113,consolidation_conviction
2021-09-07 10:30:00-04:00,BRK-B,sell,281.9100036621094,44.0,12404.040161132812,Time Exit | P&L: 8.8%,329782.7576222419,consolidation_conviction
2021-09-07 10:30:00-04:00,AVGO,sell,49.7599983215332,260.0,12937.599563598633,Time Exit | P&L: 12.2%,329782.7576222419,consolidation_conviction
2021-09-08 10:30:00-04:00,GOOGL,buy,144.28050231933594,236.0,34050.19854736328,"GOOD: 60, 3-6M: 64.1%, ATR: 0.98",330481.4472432136,consolidation_conviction
2021-09-08 10:30:00-04:00,MSFT,buy,300.17999267578125,113.0,33920.33917236328,"GOOD: 55, 3-6M: 41.3%, ATR: 0.99",330481.4472432136,consolidation_conviction
2021-11-09 09:30:00-05:00,UNH,sell,462.6199951171875,60.0,27757.19970703125,Time Exit | P&L: 12.4%,356394.6167225837,consolidation_conviction
2021-11-16 09:30:00-05:00,DIS,sell,159.05999755859375,257.0,40878.419372558594,Stop Loss | P&L: -8.0%,352710.0037617683,consolidation_conviction
2021-11-17 09:30:00-05:00,BAC,buy,47.08000183105469,739.0,34792.121353149414,"GOOD: 55, 3-6M: 49.1%, ATR: 0.99",354104.91523027414,consolidation_conviction
2021-11-17 09:30:00-05:00,CRM,buy,307.0899963378906,113.0,34701.16958618164,"GOOD: 55, 3-6M: 30.8%, ATR: 0.98",354104.91523027414,consolidation_conviction
2021-12-01 09:30:00-05:00,CRM,sell,271.260009765625,113.0,30652.381103515625,Stop Loss | P&L: -11.7%,342294.6032032966,consolidation_conviction
2021-12-16 09:30:00-05:00,ACN,sell,413.07000732421875,191.0,78896.37139892578,PROFIT TARGET | P&L: 58.7%,356892.0250439643,consolidation_conviction
2021-12-17 09:30:00-05:00,AAPL,buy,172.25999450683594,307.0,52883.81831359863,"FAIR: 35, 3-6M: 41.9%",353659.3046193122,consolidation_conviction
2021-12-17 09:30:00-05:00,UNH,buy,492.8599853515625,107.0,52736.01843261719,"FAIR: 40, 3-6M: 42.0%",353659.3046193122,consolidation_conviction
2021-12-20 09:30:00-05:00,BAC,sell,43.27000045776367,739.0,31976.530338287354,Stop Loss | P&L: -8.1%,346949.6984524726,consolidation_conviction
2021-12-21 09:30:00-05:00,PFE,buy,61.02000045776367,33.0,2013.6600151062012,"FAIR: 35, 3-6M: 77.1%",349569.77615022653,consolidation_conviction
2021-12-21 09:30:00-05:00,GOOG,buy,142.40150451660156,14.0,1993.6210632324219,"FAIR: 40, 3-6M: 38.7%",349569.77615022653,consolidation_conviction
2022-01-05 09:30:00-05:00,PFE,sell,55.84000015258789,33.0,1842.7200050354004,Stop Loss | P&L: -8.5%,362668.4816555976,consolidation_conviction
2022-01-14 09:30:00-05:00,TMO,sell,597.9299926757812,77.0,46040.609436035156,Trailing Stop | P&L: 29.1%,352305.97950410837,consolidation_conviction
2022-01-18 09:30:00-05:00,JPM,sell,155.77999877929688,302.0,47045.559631347656,Time Exit | P&L: 6.0%,351875.37237215036,consolidation_conviction
2022-01-18 09:30:00-05:00,NVDA,buy,26.941999435424805,1704.0,45909.16703796387,"FAIR: 35, 3-6M: 92.6%",351875.37237215036,consolidation_conviction
2022-01-18 09:30:00-05:00,XOM,buy,71.87000274658203,638.0,45853.061752319336,"FAIR: 35, 3-6M: 32.9%",351875.37237215036,consolidation_conviction
2022-01-21 09:30:00-05:00,GOOGL,sell,132.593505859375,236.0,31292.0673828125,Stop Loss | P&L: -8.1%,340443.6902585029,consolidation_conviction
2022-01-21 09:30:00-05:00,NVDA,sell,23.506999969482422,1704.0,40055.92794799805,Stop Loss | P&L: -12.7%,340443.6902585029,consolidation_conviction
2022-01-24 09:30:00-05:00,GOOG,sell,126.02749633789062,14.0,1764.3849487304688,Stop Loss | P&L: -11.5%,331473.96656465525,consolidation_conviction
2022-01-24 09:30:00-05:00,LLY,buy,243.05999755859375,204.0,49584.239501953125,"FAIR: 35, 3-6M: 31.7%",331473.96656465525,consolidation_conviction
2022-01-25 09:30:00-05:00,CVX,buy,127.18000030517578,199.0,25308.82006072998,"GOOD: 50, 3-6M: 30.7%, ATR: 1.03",331330.8193325996,consolidation_conviction
2022-01-27 09:30:00-05:00,PFE,buy,53.0099983215332,1.0,53.0099983215332,"FAIR: 35, 3-6M: 42.6%",341491.1344647407,consolidation_conviction
2022-02-09 09:30:00-05:00,SCHW,sell,95.63999938964844,928.0,88753.91943359375,PROFIT TARGET | P&L: 50.2%,358282.1766133308,consolidation_conviction
2022-02-10 09:30:00-05:00,SCHW,buy,94.5199966430664,564.0,53309.27810668945,"FAIR: 40, 3-6M: 35.3%",355868.1347203254,consolidation_conviction
2022-02-10 09:30:00-05:00,COST,buy,528.8300170898438,100.0,52883.001708984375,"FAIR: 35, 3-6M: 43.1%",355868.1347203254,consolidation_conviction
2022-02-18 09:30:00-05:00,SCHW,sell,85.7300033569336,564.0,48351.72189331055,Stop Loss | P&L: -9.3%,343552.2632527351,consolidation_conviction
2022-02-22 09:30:00-05:00,PFE,sell,47.540000915527344,1.0,47.540000915527344,Stop Loss | P&L: -10.3%,342655.5037083625,consolidation_conviction
2022-02-23 09:30:00-05:00,NVDA,buy,23.389999389648438,1380.0,32278.199157714844,"FAIR: 35, 3-6M: 64.0%",340481.73245286936,consolidation_conviction
2022-02-24 09:30:00-05:00,MSFT,sell,272.510009765625,113.0,30793.631103515625,Stop Loss | P&L: -9.2%,328322.5917897224,consolidation_conviction
2022-02-24 09:30:00-05:00,AAPL,sell,152.5800018310547,307.0,46842.06056213379,Stop Loss | P&L: -11.4%,328322.5917897224,consolidation_conviction
2022-02-24 09:30:00-05:00,UNH,sell,449.5199890136719,107.0,48098.63882446289,Stop Loss | P&L: -8.8%,328322.5917897224,consolidation_conviction
2022-02-24 09:30:00-05:00,COST,sell,483.2699890136719,100.0,48326.99890136719,Stop Loss | P&L: -8.6%,328322.5917897224,consolidation_conviction
2022-02-24 09:30:00-05:00,NVDA,sell,21.014999389648438,1380.0,29000.699157714844,Stop Loss | P&L: -10.2%,328322.5917897224,consolidation_conviction
2022-02-25 09:30:00-05:00,NVDA,buy,23.74799919128418,2073.0,49229.602323532104,"FAIR: 35, 3-6M: 72.6%",328223.426887989,consolidation_conviction
2022-02-25 09:30:00-05:00,COST,buy,505.5799865722656,97.0,49041.258697509766,"FAIR: 45, 3-6M: 35.8%",328223.426887989,consolidation_conviction
2022-03-01 09:30:00-05:00,TSLA,buy,290.1433410644531,172.0,49904.65466308594,"FAIR: 40, 3-6M: 47.6%",334347.2638096809,consolidation_conviction
2022-03-01 09:30:00-05:00,ABBV,buy,147.77000427246094,339.0,50094.03144836426,"FAIR: 35, 3-6M: 36.3%",334347.2638096809,consolidation_conviction
2022-03-03 09:30:00-05:00,AVGO,buy,58.577999114990234,69.0,4041.881938934326,"FAIR: 35, 3-6M: 35.1%",340612.9241547584,consolidation_conviction
2022-03-08 09:30:00-05:00,NVDA,sell,21.30900001525879,2073.0,44173.55703163147,Stop Loss | P&L: -10.3%,337795.2992959022,consolidation_conviction
2022-03-08 09:30:00-05:00,TSLA,sell,265.1766662597656,172.0,45610.38659667969,Stop Loss | P&L: -8.6%,337795.2992959022,consolidation_conviction
2022-03-10 09:30:00-05:00,TSLA,buy,286.3233337402344,175.0,50106.583404541016,"FAIR: 35, 3-6M: 42.1%",335530.44599008554,consolidation_conviction
2022-03-14 10:30:00-04:00,TSLA,sell,260.2033386230469,175.0,45535.5842590332,Stop Loss | P&L: -9.1%,332837.5565094947,consolidation_conviction
2022-03-15 10:30:00-04:00,PFE,buy,52.25,946.0,49428.5,"FAIR: 45, 3-6M: 34.9%",329636.17448663706,consolidation_conviction
2022-03-29 10:30:00-04:00,AAPL,buy,175.60000610351562,204.0,35822.40124511719,"FAIR: 35, 3-6M: 34.6%",345363.82430887216,consolidation_conviction
2022-03-29 10:30:00-04:00,TSLA,buy,363.9466552734375,98.0,35666.772216796875,"FAIR: 45, 3-6M: 76.8%",345363.82430887216,consolidation_conviction
2022-04-11 10:30:00-04:00,TSLA,sell,326.79998779296875,98.0,32026.398803710938,Stop Loss | P&L: -10.2%,356051.0831627845,consolidation_conviction
2022-04-25 10:30:00-04:00,CVX,sell,155.72999572753906,199.0,30990.269149780273,Trailing Stop | P&L: 22.4%,325997.14283227915,consolidation_conviction
2022-04-25 10:30:00-04:00,PFE,sell,47.849998474121094,946.0,45266.098556518555,Stop Loss | P&L: -8.4%,325997.14283227915,consolidation_conviction
2022-04-25 10:30:00-04:00,AAPL,sell,161.1199951171875,204.0,32868.47900390625,Stop Loss | P&L: -8.2%,325997.14283227915,consolidation_conviction
2022-04-26 10:30:00-04:00,TSLA,buy,332.67333984375,147.0,48902.98095703125,"FAIR: 40, 3-6M: 45.5%",327810.0632271766,consolidation_conviction
2022-04-26 10:30:00-04:00,CVX,buy,157.49000549316406,312.0,49136.88171386719,"FAIR: 40, 3-6M: 51.0%",327810.0632271766,consolidation_conviction
2022-04-27 10:30:00-04:00,TSLA,sell,299.52667236328125,147.0,44030.420837402344,Stop Loss | P&L: -10.0%,321282.8823266029,consolidation_conviction
2022-05-05 10:30:00-04:00,TSLA,buy,317.5400085449219,156.0,49536.24133300781,"FAIR: 35, 3-6M: 45.4%",330269.31138086313,consolidation_conviction
2022-05-09 10:30:00-04:00,TSLA,sell,278.8166809082031,156.0,43495.40222167969,Stop Loss | P&L: -12.2%,317876.35933160776,consolidation_conviction
2022-05-18 10:30:00-04:00,COST,sell,460.0,97.0,44620.0,Stop Loss | P&L: -9.0%,320906.4725327491,consolidation_conviction
2022-05-23 10:30:00-04:00,AVGO,sell,52.400001525878906,69.0,3615.6001052856445,Stop Loss | P&L: -10.5%,318072.4343018531,consolidation_conviction
2022-06-16 10:30:00-04:00,XOM,sell,92.41000366210938,638.0,58957.58233642578,Trailing Stop | P&L: 28.6%,307708.16838693613,consolidation_conviction
2022-06-17 10:30:00-04:00,XOM,buy,91.38999938964844,670.0,61231.29959106445,"GOOD: 50, 3-6M: 70.0%, ATR: 1.01",306450.0329957008,consolidation_conviction
2022-06-30 10:30:00-04:00,CVX,sell,144.5500030517578,312.0,45099.60095214844,Stop Loss | P&L: -8.2%,311828.3789429664,consolidation_conviction
2022-07-05 10:30:00-04:00,CVX,buy,146.50999450683594,319.0,46736.688247680664,"FAIR: 35, 3-6M: 50.5%",311595.08495187754,consolidation_conviction
2022-07-06 10:30:00-04:00,XOM,sell,83.76000213623047,670.0,56119.201431274414,Stop Loss | P&L: -8.3%,311284.6137299537,consolidation_conviction
2022-07-14 10:30:00-04:00,CVX,sell,134.30999755859375,319.0,42844.889221191406,Stop Loss | P&L: -8.3%,304867.0431122779,consolidation_conviction
2022-07-19 10:30:00-04:00,CVX,buy,139.5800018310547,329.0,45921.82060241699,"FAIR: 40, 3-6M: 37.6%",306579.53082895273,consolidation_conviction
2022-07-19 10:30:00-04:00,UNH,buy,519.3699951171875,88.0,45704.5595703125,"FAIR: 35, 3-6M: 32.9%",306579.53082895273,consolidation_conviction
2022-07-20 10:30:00-04:00,XOM,buy,88.2699966430664,526.0,46430.01823425293,"FAIR: 35, 3-6M: 44.9%",309702.3683228492,consolidation_conviction
2022-08-29 10:30:00-04:00,ABBV,sell,136.1999969482422,339.0,46171.7989654541,Time Exit | P&L: -7.8%,313677.80562448496,consolidation_conviction
2022-11-04 10:30:00-04:00,LLY,sell,365.20001220703125,204.0,74500.80249023438,PROFIT TARGET | P&L: 50.3%,340797.5166230201,consolidation_conviction
2022-11-08 09:30:00-05:00,LLY,buy,365.07000732421875,140.0,51109.801025390625,"FAIR: 40, 3-6M: 51.8%",341207.9220032692,consolidation_conviction
2022-11-22 09:30:00-05:00,SCHW,buy,80.0,632.0,50560.0,"FAIR: 40, 3-6M: 30.6%",337196.68948984146,consolidation_conviction
2023-01-17 09:30:00-05:00,UNH,sell,491.20001220703125,88.0,43225.60107421875,Time Exit | P&L: -5.4%,334743.6236481666,consolidation_conviction
2023-01-31 09:30:00-05:00,NFLX,buy,353.1099853515625,137.0,48376.06799316406,"FAIR: 35, 3-6M: 49.1%",324656.31189584726,consolidation_conviction
2023-01-31 09:30:00-05:00,ORCL,buy,87.3499984741211,743.0,64901.04886627197,"GOOD: 55, 3-6M: 30.9%, ATR: 0.81",324656.31189584726,consolidation_conviction
2023-02-02 09:30:00-05:00,LLY,sell,334.0,140.0,46760.0,Stop Loss | P&L: -8.5%,330696.92288827896,consolidation_conviction
2023-02-14 09:30:00-05:00,NKE,buy,125.1500015258789,376.0,47056.40057373047,"GOOD: 55, 3-6M: 37.4%, ATR: 0.80",331055.9963288307,consolidation_conviction
2023-02-16 09:30:00-05:00,CVX,sell,168.19000244140625,329.0,55334.510803222656,Trailing Stop | P&L: 20.5%,327567.5381913185,consolidation_conviction
2023-02-24 09:30:00-05:00,NFLX,sell,319.29998779296875,137.0,43744.09832763672,Stop Loss | P&L: -9.6%,316128.11009836197,consolidation_conviction
2023-02-27 09:30:00-05:00,NFLX,buy,317.1499938964844,151.0,47889.64907836914,"FAIR: 45, 3-6M: 78.5%",320004.26315927505,consolidation_conviction
2023-02-28 09:30:00-05:00,AVGO,buy,58.54499816894531,865.0,50641.423416137695,"GOOD: 55, 3-6M: 34.6%, ATR: 0.83",317281.9092621803,consolidation_conviction
2023-03-09 09:30:00-05:00,SCHW,sell,72.61000061035156,632.0,45889.52038574219,Stop Loss | P&L: -9.2%,316647.9808602333,consolidation_conviction
2023-03-13 10:30:00-04:00,XOM,sell,105.33999633789062,526.0,55408.83807373047,Trailing Stop | P&L: 19.3%,302690.63175821304,consolidation_conviction
2023-03-13 10:30:00-04:00,NFLX,sell,287.3399963378906,151.0,43388.339447021484,Stop Loss | P&L: -9.4%,302690.63175821304,consolidation_conviction
2023-03-14 10:30:00-04:00,META,buy,180.89999389648438,339.0,61325.0979309082,"GOOD: 50, 3-6M: 90.0%, ATR: 1.06",307235.49325037,consolidation_conviction
2023-03-14 10:30:00-04:00,NFLX,buy,293.510009765625,157.0,46081.071533203125,"FAIR: 35, 3-6M: 56.3%",307235.49325037,consolidation_conviction
2023-03-15 10:30:00-04:00,NVDA,buy,24.062999725341797,1440.0,34650.71960449219,"FAIR: 40, 3-6M: 82.0%",305757.6918702125,consolidation_conviction
2023-04-11 10:30:00-04:00,XOM,buy,114.54000091552734,3.0,343.62000274658203,"FAIR: 40, 3-6M: 34.4%",337231.7377724647,consolidation_conviction
2023-05-16 10:30:00-04:00,XOM,sell,104.62999725341797,3.0,313.8899917602539,Stop Loss | P&L: -8.7%,346097.47079324716,consolidation_conviction
2023-05-17 10:30:00-04:00,TSLA,buy,166.52000427246094,2.0,333.0400085449219,"FAIR: 45, 3-6M: 47.3%",349088.55061960215,consolidation_conviction
2023-05-17 10:30:00-04:00,MSFT,buy,311.739990234375,1.0,311.739990234375,"FAIR: 45, 3-6M: 38.6%",349088.55061960215,consolidation_conviction
2023-05-19 10:30:00-04:00,NKE,sell,114.55999755859375,376.0,43074.55908203125,Stop Loss | P&L: -8.5%,365783.0127625465,consolidation_conviction
2023-05-22 10:30:00-04:00,CRM,buy,210.36000061035156,203.0,42703.08012390137,"GOOD: 55, 3-6M: 45.2%, ATR: 0.79",363660.66569375986,consolidation_conviction
2023-05-22 10:30:00-04:00,AAPL,buy,175.16000366210938,244.0,42739.04089355469,"GOOD: 60, 3-6M: 31.2%, ATR: 0.79",363660.66569375986,consolidation_conviction
2023-05-25 10:30:00-04:00,NVDA,sell,38.52299880981445,1440.0,55473.11828613281,PROFIT TARGET | P&L: 60.1%,375774.81756448746,consolidation_conviction
2023-06-02 10:30:00-04:00,META,sell,272.6600036621094,339.0,92431.74124145508,PROFIT TARGET | P&L: 50.7%,404769.22791147226,consolidation_conviction
2023-06-05 10:30:00-04:00,LLY,buy,442.3299865722656,137.0,60599.20816040039,"FAIR: 45, 3-6M: 39.6%",405440.01666879654,consolidation_conviction
2023-06-05 10:30:00-04:00,META,buy,272.6099853515625,223.0,60792.02673339844,"FAIR: 45, 3-6M: 92.7%",405440.01666879654,consolidation_conviction
2023-06-13 10:30:00-04:00,TSLA,sell,253.50999450683594,2.0,507.0199890136719,PROFIT TARGET | P&L: 52.2%,429766.60886240005,consolidation_conviction
2023-06-15 10:30:00-04:00,AVGO,sell,88.44100189208984,865.0,76501.46663665771,PROFIT TARGET | P&L: 51.1%,431745.81341409683,consolidation_conviction
2023-06-15 10:30:00-04:00,NFLX,sell,444.1000061035156,157.0,69723.70095825195,PROFIT TARGET | P&L: 51.3%,431745.81341409683,consolidation_conviction
2023-06-16 10:30:00-04:00,NVDA,buy,42.65299987792969,1551.0,66154.80281066895,"FAIR: 35, 3-6M: 175.7%",441271.422850132,consolidation_conviction
2023-06-16 10:30:00-04:00,TSLA,buy,255.89999389648438,258.0,66022.19842529297,"FAIR: 35, 3-6M: 30.0%",441271.422850132,consolidation_conviction
2023-07-10 10:30:00-04:00,ORCL,sell,114.27999877929688,743.0,84910.03909301758,Trailing Stop | P&L: 30.8%,436712.69622659683,consolidation_conviction
2023-07-11 10:30:00-04:00,AMZN,buy,127.12999725341797,647.0,82253.10822296143,"GOOD: 50, 3-6M: 37.9%, ATR: 1.05",436271.9287171364,consolidation_conviction
2023-07-11 10:30:00-04:00,NFLX,buy,441.7099914550781,186.0,82158.05841064453,"GOOD: 50, 3-6M: 86.5%, ATR: 1.15",436271.9287171364,consolidation_conviction
2023-08-16 10:30:00-04:00,TSLA,sell,228.02000427246094,258.0,58829.16110229492,Stop Loss | P&L: -10.9%,441233.3956360817,consolidation_conviction
2023-08-18 10:30:00-04:00,NFLX,sell,399.3299865722656,186.0,74275.3775024414,Stop Loss | P&L: -9.6%,421140.0355210304,consolidation_conviction
2023-08-21 10:30:00-04:00,ADBE,buy,508.1300048828125,100.0,50813.00048828125,"GOOD: 50, 3-6M: 60.8%, ATR: 1.14",429719.5814728737,consolidation_conviction
2023-08-21 10:30:00-04:00,NFLX,buy,404.5299987792969,126.0,50970.779846191406,"FAIR: 40, 3-6M: 41.1%",429719.5814728737,consolidation_conviction
2023-10-02 10:30:00-04:00,LLY,sell,536.010009765625,137.0,73433.37133789062,Trailing Stop | P&L: 21.2%,422297.5471215248,consolidation_conviction
2023-10-06 10:30:00-04:00,NFLX,sell,368.42999267578125,126.0,46422.17907714844,Stop Loss | P&L: -8.9%,420164.3538155556,consolidation_conviction
2023-10-09 10:30:00-04:00,LLY,buy,565.219970703125,122.0,68956.83642578125,"GOOD: 50, 3-6M: 57.2%, ATR: 1.14",427486.0203385353,consolidation_conviction
2023-10-09 10:30:00-04:00,GOOGL,buy,137.5800018310547,503.0,69202.74092102051,"GOOD: 60, 3-6M: 54.5%, ATR: 0.88",427486.0203385353,consolidation_conviction
2023-10-26 10:30:00-04:00,GOOGL,sell,123.2699966430664,503.0,62004.8083114624,Stop Loss | P&L: -10.4%,408132.41509866714,consolidation_conviction
2023-11-20 09:30:00-05:00,CRM,sell,221.42999267578125,203.0,44950.288513183594,Time Exit | P&L: 5.3%,463042.5717072487,consolidation_conviction
2023-11-20 09:30:00-05:00,AAPL,sell,189.88999938964844,244.0,46333.15985107422,Time Exit | P&L: 8.4%,463042.5717072487,consolidation_conviction
2023-11-21 09:30:00-05:00,CRM,buy,225.1300048828125,310.0,69790.30151367188,"FAIR: 40, 3-6M: 33.2%",465673.3081231117,consolidation_conviction
2023-11-21 09:30:00-05:00,AVGO,buy,99.57099914550781,701.0,69799.27040100098,"FAIR: 40, 3-6M: 65.6%",465673.3081231117,consolidation_conviction
2023-12-05 09:30:00-05:00,AVGO,sell,91.16000366210938,701.0,63903.16256713867,Stop Loss | P&L: -8.4%,454265.5124192238,consolidation_conviction
2023-12-06 09:30:00-05:00,NFLX,buy,455.1499938964844,24.0,10923.599853515625,"GOOD: 60, 3-6M: 34.9%, ATR: 0.66",462763.97005319595,consolidation_conviction
2023-12-06 09:30:00-05:00,AAPL,buy,193.4199981689453,57.0,11024.939895629883,"GOOD: 60, 3-6M: 30.3%, ATR: 0.72",462763.97005319595,consolidation_conviction
2023-12-14 09:30:00-05:00,NVDA,sell,48.38999938964844,1551.0,75052.88905334473,Time Exit | P&L: 13.5%,469953.42110681534,consolidation_conviction
2024-02-02 09:30:00-05:00,META,sell,459.6000061035156,223.0,102490.80136108398,PROFIT TARGET | P&L: 68.6%,531829.4802193642,consolidation_conviction
2024-02-05 09:30:00-05:00,COST,buy,709.47998046875,151.0,107131.47705078125,"GOOD: 50, 3-6M: 43.0%, ATR: 0.95",537555.9482369423,consolidation_conviction
2024-02-05 09:30:00-05:00,AVGO,buy,122.43399810791016,658.0,80561.57075500488,"FAIR: 45, 3-6M: 93.0%",537555.9482369423,consolidation_conviction
2024-02-20 09:30:00-05:00,ADBE,sell,531.5,100.0,53150.0,Time Exit | P&L: 4.6%,542219.9883828163,consolidation_conviction
2024-03-04 09:30:00-05:00,AAPL,sell,176.14999389648438,57.0,10040.54965209961,Stop Loss | P&L: -8.9%,572827.3418679237,consolidation_conviction
2024-03-05 09:30:00-05:00,ADBE,buy,567.9400024414062,73.0,41459.620178222656,"FAIR: 45, 3-6M: 59.3%",571274.216989994,consolidation_conviction
2024-03-05 09:30:00-05:00,SCHW,buy,67.63999938964844,615.0,41598.59962463379,"FAIR: 45, 3-6M: 35.7%",571274.216989994,consolidation_conviction
2024-03-15 10:30:00-04:00,ADBE,sell,499.6400146484375,73.0,36473.72106933594,Stop Loss | P&L: -12.0%,543888.2377266884,consolidation_conviction
2024-04-15 10:30:00-04:00,CRM,sell,282.94000244140625,310.0,87711.40075683594,Trailing Stop | P&L: 25.7%,557451.9462761879,consolidation_conviction
2024-04-16 10:30:00-04:00,META,buy,500.2300109863281,166.0,83038.18182373047,"GOOD: 55, 3-6M: 77.7%, ATR: 1.25",547615.1119713783,consolidation_conviction
2024-04-16 10:30:00-04:00,NVDA,buy,86.0009994506836,969.0,83334.9684677124,"GOOD: 50, 3-6M: 110.7%, ATR: 1.78",547615.1119713783,consolidation_conviction
2024-04-19 10:30:00-04:00,NFLX,sell,567.8800048828125,24.0,13629.1201171875,Trailing Stop | P&L: 24.8%,537674.936937809,consolidation_conviction
2024-04-22 10:30:00-04:00,NVDA,sell,78.10399627685547,969.0,75682.77239227295,Stop Loss | P&L: -9.2%,525427.5666680336,consolidation_conviction
2024-04-23 10:30:00-04:00,BAC,buy,37.72999954223633,164.0,6187.719924926758,"GOOD: 55, 3-6M: 32.2%, ATR: 1.02",528932.4239068031,consolidation_conviction
2024-04-23 10:30:00-04:00,JPM,buy,189.41000366210938,32.0,6061.1201171875,"FAIR: 45, 3-6M: 31.2%",528932.4239068031,consolidation_conviction
2024-04-25 10:30:00-04:00,META,sell,421.3999938964844,166.0,69952.3989868164,Stop Loss | P&L: -15.8%,514467.68391656876,consolidation_conviction
2024-06-10 10:30:00-04:00,LLY,sell,853.97998046875,122.0,104185.5576171875,PROFIT TARGET | P&L: 51.1%,566263.200357914,consolidation_conviction
2024-06-11 10:30:00-04:00,NFLX,buy,644.5,177.0,114076.5,"GOOD: 55, 3-6M: 58.4%, ATR: 0.98",570497.677675724,consolidation_conviction
2024-06-11 10:30:00-04:00,GOOGL,buy,175.00999450683594,651.0,113931.5064239502,"GOOD: 55, 3-6M: 34.9%, ATR: 0.89",570497.677675724,consolidation_conviction
2024-06-18 10:30:00-04:00,AVGO,sell,183.95899963378906,658.0,121045.0217590332,PROFIT TARGET | P&L: 50.3%,603706.7394433022,consolidation_conviction
2024-06-27 10:30:00-04:00,AMZN,sell,195.00999450683594,647.0,126171.46644592285,PROFIT TARGET | P&L: 53.4%,614650.7138161659,consolidation_conviction
2024-06-28 10:30:00-04:00,AMZN,buy,197.85000610351562,466.0,92198.10284423828,"FAIR: 45, 3-6M: 40.1%",614708.4450173378,consolidation_conviction
2024-06-28 10:30:00-04:00,NVDA,buy,123.98999786376953,743.0,92124.56841278076,"FAIR: 40, 3-6M: 176.3%",614708.4450173378,consolidation_conviction
2024-07-19 10:30:00-04:00,AMZN,sell,181.13999938964844,466.0,84411.23971557617,Stop Loss | P&L: -8.4%,588699.5554833412,consolidation_conviction
2024-07-25 10:30:00-04:00,NVDA,sell,113.04000091552734,743.0,83988.72068023682,Stop Loss | P&L: -8.8%,576377.0001244545,consolidation_conviction
2024-07-26 10:30:00-04:00,MSFT,sell,418.20001220703125,1.0,418.20001220703125,Trailing Stop | P&L: 34.2%,572161.2082467079,consolidation_conviction
2024-07-26 10:30:00-04:00,META,buy,453.4100036621094,189.0,85694.49069213867,"FAIR: 40, 3-6M: 42.4%",572161.2082467079,consolidation_conviction
2024-07-26 10:30:00-04:00,LLY,buy,821.1900024414062,104.0,85403.76025390625,"FAIR: 35, 3-6M: 43.6%",572161.2082467079,consolidation_conviction
2024-08-05 10:30:00-04:00,COST,sell,798.0,151.0,120498.0,Time Exit | P&L: 12.5%,538782.6063370705,consolidation_conviction
2024-08-05 10:30:00-04:00,SCHW,sell,61.619998931884766,615.0,37896.29934310913,Stop Loss | P&L: -8.9%,538782.6063370705,consolidation_conviction
2024-08-05 10:30:00-04:00,NFLX,sell,587.0399780273438,177.0,103906.07611083984,Stop Loss | P&L: -8.9%,538782.6063370705,consolidation_conviction
2024-08-05 10:30:00-04:00,GOOGL,sell,155.5,651.0,101230.5,Stop Loss | P&L: -11.1%,538782.6063370705,consolidation_conviction
2024-08-06 10:30:00-04:00,COST,buy,801.8300170898438,102.0,81786.66174316406,"FAIR: 40, 3-6M: 39.5%",547454.2164139748,consolidation_conviction
2024-08-06 10:30:00-04:00,NFLX,buy,598.5499877929688,137.0,82001.34832763672,"FAIR: 45, 3-6M: 72.9%",547454.2164139748,consolidation_conviction
2024-08-13 10:30:00-04:00,NVDA,buy,109.0199966430664,795.0,86670.8973312378,"FAIR: 35, 3-6M: 160.9%",578099.0069870949,consolidation_conviction
2024-08-16 10:30:00-04:00,ABBV,buy,193.39999389648438,463.0,89544.19717407227,"FAIR: 35, 3-6M: 36.3%",597194.0484757423,consolidation_conviction
2024-08-16 10:30:00-04:00,CRM,buy,262.7900085449219,340.0,89348.60290527344,"FAIR: 45, 3-6M: 31.9%",597194.0484757423,consolidation_conviction
2024-10-21 10:30:00-04:00,BAC,sell,42.25,164.0,6929.0,Time Exit | P&L: 12.0%,639545.7934250832,consolidation_conviction
2024-11-12 09:30:00-05:00,ABBV,sell,176.00999450683594,463.0,81492.62745666504,Stop Loss | P&L: -9.0%,661874.1394028664,consolidation_conviction
2024-11-13 09:30:00-05:00,BAC,buy,45.86000061035156,402.0,18435.720245361328,"GOOD: 50, 3-6M: 31.8%, ATR: 0.94",665123.3022141457,consolidation_conviction
2024-11-13 09:30:00-05:00,WMT,buy,84.98999786376953,217.0,18442.82953643799,"GOOD: 60, 3-6M: 54.0%, ATR: 0.94",665123.3022141457,consolidation_conviction
2024-11-18 09:30:00-05:00,LLY,sell,733.1900024414062,104.0,76251.76025390625,Stop Loss | P&L: -10.7%,634794.70651865,consolidation_conviction
2024-11-25 09:30:00-05:00,NFLX,sell,902.0499877929688,137.0,123580.84832763672,PROFIT TARGET | P&L: 50.7%,663768.806707859,consolidation_conviction
2024-11-26 09:30:00-05:00,PYPL,buy,87.7699966430664,1126.0,98829.01622009277,"FAIR: 40, 3-6M: 46.1%",658943.488424778,consolidation_conviction
2024-11-26 09:30:00-05:00,NFLX,buy,865.5900268554688,152.0,131569.68408203125,"GOOD: 50, 3-6M: 55.2%, ATR: 0.98",658943.488424778,consolidation_conviction
2024-12-16 09:30:00-05:00,NVDA,sell,134.17999267578125,795.0,106673.0941772461,Trailing Stop | P&L: 23.1%,686076.9474244118,consolidation_conviction
