symbol,entry_date,exit_date,entry_price,exit_price,shares,pnl,pnl_pct,exit_reason,conviction_level,holding_days,exit_month,exit_year
CBA.AX,2020-11-18,2021-08-11,63.56498499298095,88.94648350067826,3146,79850.19430521571,39.93000000000002,PROFIT_TARGET,2,266,2021-08,2021
CBA.AX,2024-10-21,2026-03-20,138.5032990722656,175.55217938995364,1805,66873.2289734269,26.74945691969213,END_OF_PERIOD,3,515,2026-03,2026
ANZ.AX,2017-01-10,2017-05-29,19.04308612060547,17.510879411341556,15753,-24136.852291034433,-8.045999999999987,STOP_LOSS,4,139,2017-05,2017
ANZ.AX,2020-06-24,2020-08-03,13.620689960002899,12.524769245821066,18354,-20114.52878809337,-8.045999999999998,STOP_LOSS,3,40,2020-08,2020
ANZ.AX,2020-11-10,2021-03-04,15.075027185440062,21.094485540586277,16583,99820.67790338967,39.92999999999998,PROFIT_TARGET,3,114,2021-03,2021
ANZ.AX,2021-03-05,2022-03-07,21.533621003150937,19.801025857237416,9287,-16090.61112009887,-8.045999999999987,STOP_LOSS,2,367,2022-03,2022
ANZ.AX,2025-10-09,2026-03-20,34.07355444717407,36.581698474884035,7337,18402.25273130803,7.360969726825739,END_OF_PERIOD,3,162,2026-03,2026
WBC.AX,2020-11-19,2024-01-23,15.225597962379455,21.305179228757574,16419,99820.64481266233,39.93000000000002,PROFIT_TARGET,3,1160,2024-01,2024
WBC.AX,2024-03-08,2025-08-14,25.072142080307007,35.083448412973596,7976,79850.1793093487,39.93,PROFIT_TARGET,2,524,2025-08,2025
WBC.AX,2025-09-15,2026-03-20,38.00733263969421,40.67965076255798,6577,17575.836294075023,7.031059370035475,END_OF_PERIOD,3,186,2026-03,2026
NAB.AX,2017-01-10,2018-06-06,19.707749722480774,18.12206417980997,15222,-24137.305330534953,-8.045999999999998,STOP_LOSS,4,512,2018-06,2018
NAB.AX,2020-06-22,2020-08-03,14.514555935382843,13.34671476482194,13779,-16091.683489158686,-8.045999999999998,STOP_LOSS,2,42,2020-08,2020
NAB.AX,2020-11-10,2021-09-06,16.440033917427062,23.004539460655685,15206,99819.87129033444,39.92999999999998,PROFIT_TARGET,3,300,2021-09,2021
NAB.AX,2025-09-12,2026-03-20,42.70603854560852,45.54721469497681,5853,16629.404002252588,6.65286747759104,END_OF_PERIOD,3,189,2026-03,2026
MQG.AX,2017-01-10,2018-05-16,61.86285185050964,86.56468859441814,4849,119779.20637121232,39.93,PROFIT_TARGET,4,491,2018-05,2018
MQG.AX,2018-06-28,2018-10-11,96.81386278152465,89.02421938212318,2065,-16085.613619764035,-8.045999999999998,STOP_LOSS,2,105,2018-10,2018
MQG.AX,2020-06-19,2021-08-27,100.84426595306395,141.1113813481224,2479,99822.17906434987,39.93,PROFIT_TARGET,3,434,2021-08,2021
MQG.AX,2021-11-05,2022-01-27,173.25314822387693,159.3131999177838,1442,-20101.405457386292,-8.045999999999998,STOP_LOSS,3,83,2022-01,2022
MQG.AX,2024-10-17,2025-03-07,225.89501081085203,207.7194982410109,1106,-20102.116902244277,-8.045999999999987,STOP_LOSS,3,141,2025-03,2025
MQG.AX,2025-07-09,2025-11-07,220.22387221527097,202.5046594568303,1362,-24133.567776996202,-8.045999999999987,STOP_LOSS,4,121,2025-11,2025
ASX.AX,2019-05-02,2020-03-16,59.38190237045288,54.60403450572624,4210,-20114.823710499142,-8.045999999999998,STOP_LOSS,3,319,2020-03,2020
ASX.AX,2020-06-17,2020-12-10,69.65291971206665,64.04864579203377,4307,-24137.607773581618,-8.045999999999998,STOP_LOSS,4,176,2020-12,2020
ASX.AX,2021-08-26,2021-10-01,74.33877892684936,68.35748077439507,2690,-16089.692030102031,-8.045999999999987,STOP_LOSS,2,36,2021-10,2021
ASX.AX,2021-11-08,2022-01-21,79.33817984390258,72.95462989366219,3151,-20114.56589320748,-8.045999999999987,STOP_LOSS,3,74,2022-01,2022
AMP.AX,2020-06-10,2020-06-15,1.5420655798316,1.4179909832783497,129696,-16091.97887457036,-8.045999999999987,STOP_LOSS,2,5,2020-06,2020
AMP.AX,2020-06-17,2020-07-31,1.4543056191802024,1.3372921890609635,171903,-20114.95967778753,-8.045999999999987,STOP_LOSS,3,44,2020-07,2020
AMP.AX,2020-09-24,2021-04-07,1.2119947593212128,1.1144776609862281,206271,-20114.949390655624,-8.045999999999987,STOP_LOSS,3,195,2021-04,2021
AMP.AX,2022-04-29,2024-10-17,1.0375746164917945,1.451878160856968,192757,79859.90830119775,39.93,PROFIT_TARGET,2,902,2024-10,2024
AMP.AX,2024-10-18,2025-02-26,1.4458473077416418,1.3295144333607496,172908,-20114.884643451314,-8.045999999999987,STOP_LOSS,3,131,2025-02,2025
AMP.AX,2025-07-09,2026-02-12,1.417471329510212,1.3034215863378205,176370,-20114.953203314682,-8.045999999999987,STOP_LOSS,3,218,2026-02,2026
QBE.AX,2017-02-13,2017-08-17,9.013211400032043,8.288008410785466,33284,-24137.656294083085,-8.045999999999987,STOP_LOSS,4,185,2017-08,2017
QBE.AX,2019-04-03,2019-06-03,9.978633941173554,9.17575305426673,30064,-24137.810983966745,-8.045999999999998,STOP_LOSS,4,61,2019-06,2019
QBE.AX,2020-07-24,2020-09-09,8.59118366575241,7.899937028005972,23279,-16091.530480099338,-8.045999999999998,STOP_LOSS,2,47,2020-09,2020
QBE.AX,2020-11-10,2020-12-18,8.175324518680572,7.517537907907534,24463,-16091.433859340832,-8.045999999999987,STOP_LOSS,2,38,2020-12,2020
QBE.AX,2021-05-06,2023-02-20,8.938134970664978,12.507132264451503,22376,79859.8834457673,39.93,PROFIT_TARGET,2,655,2023-02,2023
QBE.AX,2023-04-03,2024-11-19,12.728337268352508,17.810762339605663,19641,99823.91082448322,39.93,PROFIT_TARGET,3,596,2024-11,2024
QBE.AX,2025-02-24,2026-03-20,19.429263533592223,20.569709923744202,12867,14674.123702085513,5.869735557295841,END_OF_PERIOD,3,389,2026-03,2026
IAG.AX,2018-03-14,2018-10-02,6.041388363361358,5.555298255645304,33104,-16091.526925832273,-8.045999999999998,STOP_LOSS,2,202,2018-10,2018
IAG.AX,2023-08-10,2024-11-18,5.4161106898784634,7.578763688346934,55390,119789.34958516856,39.93,PROFIT_TARGET,4,466,2024-11,2024
IAG.AX,2024-11-19,2025-04-07,7.80680462694168,7.178669126657954,25618,-16091.575246268512,-8.045999999999987,STOP_LOSS,2,139,2025-04,2025
SUN.AX,2021-02-09,2023-05-30,9.759394814014435,13.6563211632504,30739,119787.61904916434,39.93000000000002,PROFIT_TARGET,4,840,2023-05,2023
BOQ.AX,2020-06-25,2020-09-30,4.487915310144424,4.126817644290204,44564,-16091.95638112745,-8.045999999999987,STOP_LOSS,2,97,2020-09,2020
BOQ.AX,2020-10-22,2021-02-23,4.775602855682373,6.682501075956345,41879,79858.99056685365,39.93,PROFIT_TARGET,2,124,2021-02,2021
BOQ.AX,2021-03-08,2021-11-24,6.8457759518623345,6.294964818775491,29215,-16091.947253132126,-8.045999999999998,STOP_LOSS,2,261,2021-11,2021
BEN.AX,2017-01-10,2017-03-16,7.551084961652755,6.943524665638175,39729,-24137.76300036326,-8.045999999999998,STOP_LOSS,4,65,2017-03,2017
BEN.AX,2020-11-11,2021-02-15,5.449648625850677,7.625693322152852,36699,79858.66430959353,39.93,PROFIT_TARGET,2,96,2021-02,2021
BEN.AX,2021-02-16,2021-02-19,8.251280675411223,7.587382632267637,24238,-16091.56076971424,-8.045999999999987,STOP_LOSS,2,3,2021-02,2021
BEN.AX,2021-02-22,2021-11-19,7.407225206851959,6.811239866708651,27000,-16091.604183869315,-8.045999999999987,STOP_LOSS,2,270,2021-11,2021
BEN.AX,2024-05-27,2026-03-20,9.85806263065338,10.044975190639496,25359,4739.9156086879075,1.8960374567403848,END_OF_PERIOD,3,662,2026-03,2026
BHP.AX,2017-01-10,2017-05-05,11.777473165512085,10.829857674614983,25472,-24137.66178413097,-8.045999999999998,STOP_LOSS,4,115,2017-05,2017
BHP.AX,2017-12-19,2019-02-06,13.839130462646484,19.365095256381224,21677,119786.33883378796,39.93,PROFIT_TARGET,4,414,2019-02,2019
BHP.AX,2019-06-04,2020-03-09,20.6245515832901,18.96510016289858,12121,-20114.21066656561,-8.045999999999987,STOP_LOSS,3,279,2020-03,2020
BHP.AX,2020-06-10,2021-05-07,22.22199526119232,31.095237968986414,9000,79859.18437014685,39.93,PROFIT_TARGET,2,331,2021-05,2021
BHP.AX,2021-05-10,2021-05-24,32.22903141975403,29.635883551720624,7756,-20112.45486446709,-8.045999999999987,STOP_LOSS,3,14,2021-05,2021
BHP.AX,2021-05-25,2021-09-15,29.626996341705322,27.243208216051716,10125,-24135.854772242757,-8.045999999999987,STOP_LOSS,4,113,2021-09,2021
BHP.AX,2022-02-04,2022-07-15,31.33066566753387,28.8098003079241,6383,-16090.683590389173,-8.045999999999987,STOP_LOSS,2,161,2022-07,2022
BHP.AX,2023-01-09,2023-05-24,40.4671686630249,37.21118027239792,7413,-24136.641939717814,-8.045999999999998,STOP_LOSS,4,135,2023-05,2023
BHP.AX,2026-01-29,2026-03-20,50.574579614639276,47.446266220092774,3954,-12369.35116203687,-6.185545027527983,END_OF_PERIOD,2,50,2026-03,2026
RIO.AX,2017-01-19,2018-05-10,33.81035757637024,47.31083335661487,7394,99822.51791912883,39.93,PROFIT_TARGET,3,476,2018-05,2018
RIO.AX,2019-02-25,2020-12-07,55.71562617874145,77.96287571191291,3589,79845.37857455238,39.93,PROFIT_TARGET,2,651,2020-12,2020
RIO.AX,2021-01-07,2021-01-28,86.24403583145141,79.30484070845284,2319,-16091.993490233683,-8.045999999999987,STOP_LOSS,2,21,2021-01,2021
RIO.AX,2021-02-17,2021-03-17,87.48631010055541,80.44716158986473,2286,-16091.493495438894,-8.045999999999987,STOP_LOSS,2,28,2021-03,2021
RIO.AX,2021-04-19,2021-09-15,86.38564712905884,79.43505796105478,2893,-20108.05446303574,-8.045999999999975,STOP_LOSS,3,149,2021-09,2021
RIO.AX,2022-02-23,2022-05-10,91.0435458984375,83.71818219544923,2196,-16086.498691762241,-8.045999999999987,STOP_LOSS,2,76,2022-05,2022
RIO.AX,2022-05-25,2022-06-20,90.01273442459106,82.77030981278848,2777,-20112.213146975755,-8.045999999999975,STOP_LOSS,3,26,2022-06,2022
RIO.AX,2022-12-23,2025-12-04,96.53728107833862,135.08461741291921,2071,79831.53354891641,39.92999999999998,PROFIT_TARGET,2,1077,2025-12,2025
RIO.AX,2025-12-10,2026-03-20,134.52285525512696,146.84653816986085,1858,22897.402855575576,9.161032815845038,END_OF_PERIOD,3,100,2026-03,2026
FMG.AX,2017-01-10,2017-04-18,2.2790413159132004,2.0956696516348243,109695,-20114.954713016457,-8.045999999999998,STOP_LOSS,3,98,2017-04,2017
FMG.AX,2017-09-01,2017-09-18,2.4481536351442337,2.251175193660529,102117,-20114.847508991483,-8.045999999999987,STOP_LOSS,3,17,2017-09,2017
FMG.AX,2019-01-29,2019-03-18,2.181400165915489,3.0524332521655433,91684,79859.79747974999,39.92999999999998,PROFIT_TARGET,2,48,2019-03,2019
FMG.AX,2019-03-19,2019-06-27,3.1033821133375166,4.342562591193187,80557,99824.66175461923,39.93,PROFIT_TARGET,3,100,2019-06,2019
FMG.AX,2019-06-28,2019-07-25,4.39765070271492,4.0438157271744775,56848,-20114.810689523056,-8.045999999999998,STOP_LOSS,3,27,2019-07,2019
FMG.AX,2019-07-26,2019-08-05,4.041742780923843,3.716544156770711,74225,-24137.867877766235,-8.045999999999998,STOP_LOSS,4,10,2019-08,2019
FMG.AX,2019-08-06,2019-12-02,3.554198019146919,4.973389288192284,56271,79859.31190045175,39.93000000000002,PROFIT_TARGET,2,118,2019-12,2019
FMG.AX,2019-12-03,2020-05-18,4.960888991117477,6.941771965270685,40315,79859.29710298659,39.93,PROFIT_TARGET,2,167,2020-05,2020
FMG.AX,2020-05-19,2020-09-08,7.539863189935684,10.550530561677002,33157,99824.69804482689,39.93,PROFIT_TARGET,3,112,2020-09,2020
FMG.AX,2020-09-09,2020-09-17,10.33253432893753,9.501178616831218,29034,-24137.58174529466,-8.045999999999987,STOP_LOSS,4,8,2020-09,2020
FMG.AX,2020-09-18,2020-12-21,9.408346384048462,13.165099095199013,21257,79857.29238092725,39.93,PROFIT_TARGET,2,94,2020-12,2020
FMG.AX,2020-12-22,2021-03-19,13.478216109752655,12.393758841561958,14838,-16091.17694541356,-8.045999999999987,STOP_LOSS,2,87,2021-03,2021
FMG.AX,2021-03-29,2021-09-17,12.580574558258055,11.568341529300612,15897,-16091.468461336468,-8.045999999999998,STOP_LOSS,2,172,2021-09,2021
FMG.AX,2021-12-20,2022-06-20,13.235319758892059,12.170405931091606,15111,-16091.912851892643,-8.045999999999987,STOP_LOSS,2,182,2022-06,2022
FMG.AX,2022-12-07,2023-12-14,16.23872138214111,22.722842830030057,12316,79858.43975220025,39.93,PROFIT_TARGET,2,372,2023-12,2023
FMG.AX,2023-12-15,2024-03-13,23.24653032875061,21.376114498499337,8603,-16091.187387651691,-8.045999999999987,STOP_LOSS,2,89,2024-03,2024
FMG.AX,2024-03-28,2024-06-11,22.328169384956357,20.53164487624277,8957,-16091.47002454761,-8.045999999999998,STOP_LOSS,2,75,2024-06,2024
FMG.AX,2025-09-16,2026-03-20,18.56852377796173,18.95051908493042,13463,5142.802817719478,2.0572195804928084,END_OF_PERIOD,3,185,2026-03,2026
S32.AX,2017-01-10,2017-01-23,1.9681787508130073,1.8098190885225929,152425,-24137.97152461642,-8.045999999999998,STOP_LOSS,4,13,2017-01,2017
S32.AX,2017-01-24,2017-02-23,1.898385456383228,1.7456413625626337,158029,-24137.996402374712,-8.045999999999998,STOP_LOSS,4,30,2017-02,2017
S32.AX,2017-03-02,2018-01-09,1.898385456383228,2.656410769117051,131690,99824.35343391715,39.93,PROFIT_TARGET,3,313,2018-01,2018
S32.AX,2018-01-10,2018-02-16,2.686371782898903,2.4702263092468577,74449,-16091.814367921112,-8.045999999999975,STOP_LOSS,2,37,2018-02,2018
S32.AX,2020-09-21,2020-09-30,1.8510414302945135,1.702106636813017,135059,-20114.984272817423,-8.045999999999987,STOP_LOSS,3,9,2020-09,2020
S32.AX,2020-12-17,2021-10-04,2.1445985559225083,3.0009367593023657,93257,79859.53183259537,39.93,PROFIT_TARGET,2,291,2021-10,2021
S32.AX,2021-10-12,2022-03-04,3.072437083125114,4.299261210416972,65094,79858.8897419362,39.93,PROFIT_TARGET,2,143,2022-03,2022
S32.AX,2022-03-07,2022-03-09,4.499525898456573,4.137494044666758,44449,-16091.95386910352,-8.045999999999998,STOP_LOSS,2,2,2022-03,2022
S32.AX,2022-03-11,2022-04-26,4.206938786745071,3.868448491963563,47540,-16091.828613912881,-8.045999999999987,STOP_LOSS,2,46,2022-04,2022
S32.AX,2022-04-29,2022-05-12,4.103700586080551,3.7735168369245105,60920,-20114.793998585996,-8.045999999999987,STOP_LOSS,3,13,2022-05,2022
S32.AX,2022-05-18,2022-06-17,4.043478858947753,3.7181405499568174,49462,-16091.88343930967,-8.045999999999987,STOP_LOSS,2,30,2022-06,2022
S32.AX,2023-01-09,2023-05-24,4.028329801082611,3.704210385287505,62060,-20114.850944244303,-8.045999999999987,STOP_LOSS,3,135,2023-05,2023
S32.AX,2024-05-20,2024-07-16,3.6754909064769743,3.379760908141837,54414,-16091.852129408164,-8.045999999999998,STOP_LOSS,2,57,2024-07,2024
S32.AX,2024-09-30,2024-12-12,3.614007314443588,3.3232242859234575,55340,-16091.932798304022,-8.045999999999987,STOP_LOSS,2,73,2024-12,2024
S32.AX,2025-12-04,2026-03-20,3.4690948923826217,3.97801001906395,57651,29339.465968305245,14.669968463497352,END_OF_PERIOD,2,106,2026-03,2026
IGO.AX,2017-10-17,2018-11-26,3.4415502183437345,3.164643087775798,58113,-16091.904078694493,-8.045999999999987,STOP_LOSS,2,405,2018-11,2018
IGO.AX,2019-02-28,2019-04-30,4.053704973936081,3.727543871733184,49337,-16091.810299384317,-8.045999999999987,STOP_LOSS,2,61,2019-04,2019
IGO.AX,2019-07-09,2020-01-08,4.0786250166893,5.707219985853338,61295,99824.72863490968,39.93,PROFIT_TARGET,3,183,2020-01,2020
IGO.AX,2020-01-09,2020-01-30,5.701738223075866,5.242976365647182,35077,-16091.989673025933,-8.045999999999987,STOP_LOSS,2,21,2020-01,2020
IGO.AX,2020-06-17,2020-08-19,4.231551115751266,3.8910805129779193,70895,-24137.663383616407,-8.045999999999998,STOP_LOSS,4,63,2020-08,2020
IGO.AX,2020-09-18,2020-09-30,3.9279080160856243,3.6118685371113752,76376,-24137.83124613725,-8.045999999999998,STOP_LOSS,4,12,2020-09,2020
IGO.AX,2020-12-11,2021-07-26,5.488154349803924,7.679574381680631,36442,79859.72880165094,39.93,PROFIT_TARGET,2,227,2021-07,2021
IGO.AX,2021-08-06,2021-08-19,8.475376431941985,7.793447644227934,23597,-16091.473603688471,-8.045999999999987,STOP_LOSS,2,13,2021-08,2021
IGO.AX,2021-08-23,2022-01-18,8.058556454658508,11.27633804700365,31022,99822.020557731,39.93,PROFIT_TARGET,3,148,2022-01,2022
IGO.AX,2022-01-19,2022-01-27,11.247981295108795,10.342968720104341,17780,-16091.123583579192,-8.045999999999998,STOP_LOSS,2,8,2022-01,2022
IGO.AX,2022-01-28,2022-05-13,10.396925219535827,9.560388616371977,24045,-20114.522623074776,-8.045999999999975,STOP_LOSS,3,105,2022-05,2022
IGO.AX,2022-09-12,2022-12-28,12.899513893604277,11.86161900572488,15504,-16091.522341682188,-8.045999999999987,STOP_LOSS,2,107,2022-12,2022
IGO.AX,2022-12-30,2023-03-14,11.90066648340225,10.943138858147707,16805,-16091.25174240261,-8.045999999999987,STOP_LOSS,2,74,2023-03,2023
IGO.AX,2025-07-10,2025-09-10,4.522259980916977,4.158398942852397,44225,-16091.754408406046,-8.045999999999998,STOP_LOSS,2,62,2025-09,2025
IGO.AX,2025-10-02,2025-12-17,5.212605038166046,7.293998229905748,47960,99823.6174758361,39.93,PROFIT_TARGET,3,76,2025-12,2025
IGO.AX,2025-12-18,2026-03-20,7.5937951526641845,6.982798394680825,26337,-16091.821615007746,-8.045999999999998,STOP_LOSS,2,92,2026-03,2026
MIN.AX,2017-01-10,2017-03-01,9.64584701013565,8.869742159700136,25917,-20114.30940873722,-8.045999999999998,STOP_LOSS,3,50,2017-03,2017
MIN.AX,2017-08-03,2017-10-05,10.19295251083374,14.262998448409652,19621,79858.37134117697,39.93,PROFIT_TARGET,2,63,2017-10,2017
MIN.AX,2017-10-06,2018-04-09,14.44000524330139,13.278162421425362,13850,-16091.523082982996,-8.045999999999987,STOP_LOSS,2,185,2018-04,2018
MIN.AX,2019-02-18,2019-02-26,14.893429321289062,13.695103998098146,16785,-20113.89054975953,-8.045999999999987,STOP_LOSS,3,8,2019-02,2019
MIN.AX,2020-01-10,2020-03-09,14.846693089485168,13.652128163505193,16838,-20114.08422365082,-8.045999999999987,STOP_LOSS,3,59,2020-03,2020
MIN.AX,2020-05-19,2020-08-04,16.899119928359983,23.646938515754123,14793,99820.4803633215,39.92999999999998,PROFIT_TARGET,3,77,2020-08,2020
MIN.AX,2020-08-05,2020-10-02,24.12269870853424,22.18178637044558,8290,-16090.163282755007,-8.045999999999987,STOP_LOSS,2,58,2020-10,2020
MIN.AX,2020-10-05,2020-12-07,22.433690869331357,31.391463633455366,11143,99816.46191063384,39.93,PROFIT_TARGET,3,63,2020-12,2020
MIN.AX,2020-12-08,2021-04-29,31.499542788505554,44.07731022395583,6349,79856.24544767378,39.93000000000002,PROFIT_TARGET,2,142,2021-04,2021
MIN.AX,2021-04-30,2021-05-21,44.44583012580871,40.869718633886144,4499,-16088.925602159632,-8.045999999999998,STOP_LOSS,2,21,2021-05,2021
MIN.AX,2021-05-24,2021-07-15,40.47130586242675,56.63149829329376,6177,99821.5086454655,39.93,PROFIT_TARGET,3,52,2021-07,2021
MIN.AX,2021-07-16,2021-08-19,55.838860525131224,51.34606580727917,3581,-16088.697884628216,-8.045999999999998,STOP_LOSS,2,34,2021-08,2021
MIN.AX,2021-08-31,2021-09-09,52.64141604423523,48.40588770931607,3799,-16090.772144357887,-8.045999999999987,STOP_LOSS,2,9,2021-09,2021
MIN.AX,2021-09-10,2021-09-17,50.963716804504394,46.86317615041398,3924,-16090.521526650793,-8.045999999999987,STOP_LOSS,2,7,2021-09,2021
MIN.AX,2021-09-23,2021-09-29,45.81557898902893,42.129257503571665,4365,-16090.793284020954,-8.045999999999987,STOP_LOSS,2,6,2021-09,2021
MIN.AX,2021-12-30,2022-02-09,55.16276428413391,50.724368269832496,3625,-16089.185551842615,-8.045999999999998,STOP_LOSS,2,41,2022-02,2022
MIN.AX,2022-04-04,2022-06-17,54.127380517959594,49.77229148148457,3694,-16087.69890073873,-8.045999999999987,STOP_LOSS,2,74,2022-06,2022
MIN.AX,2022-08-24,2022-12-01,60.96280870056152,85.30525821469573,3280,79843.2344063602,39.93,PROFIT_TARGET,2,99,2022-12,2022
MIN.AX,2022-12-02,2022-12-15,87.51245384216308,80.47120180602265,2285,-16089.260902580892,-8.045999999999998,STOP_LOSS,2,13,2022-12,2022
MIN.AX,2022-12-16,2023-04-26,79.12457975006103,72.75821606337114,3159,-20111.342886253376,-8.045999999999975,STOP_LOSS,3,131,2023-04,2023
MIN.AX,2024-04-24,2024-06-13,68.85440969467163,63.31438389063836,4357,-24137.89242817296,-8.045999999999987,STOP_LOSS,4,50,2024-06,2024
MIN.AX,2025-07-10,2025-08-11,25.522755228996274,35.71399139193449,7836,79858.52657278387,39.93000000000002,PROFIT_TARGET,2,32,2025-08,2025
MIN.AX,2025-08-12,2025-12-17,37.51875,52.49998687499999,5330,79849.99254374996,39.92999999999998,PROFIT_TARGET,2,127,2025-12,2025
MIN.AX,2025-12-18,2026-03-20,52.52625,51.664153627395635,4759,-4102.716637224162,-1.6412676949227545,END_OF_PERIOD,3,92,2026-03,2026
NST.AX,2017-03-22,2017-11-21,3.4492456859350202,4.826529488328873,57983,79859.04671420278,39.92999999999998,PROFIT_TARGET,2,244,2017-11,2017
NST.AX,2017-12-27,2018-09-19,5.094601348400116,7.128875666816282,39257,79859.50691806343,39.93,PROFIT_TARGET,2,266,2018-09,2018
NST.AX,2018-09-20,2018-11-14,7.594366212129592,6.9833235067016455,26335,-16091.809647444974,-8.045999999999998,STOP_LOSS,2,55,2018-11,2018
NST.AX,2018-11-20,2019-06-20,7.0954057474136345,9.9286012623559,28187,79859.28197967762,39.93,PROFIT_TARGET,2,212,2019-06,2019
NST.AX,2019-06-21,2019-09-10,9.951970187187195,9.151234665926115,20096,-16091.581035262665,-8.045999999999987,STOP_LOSS,2,81,2019-09,2019
NST.AX,2019-09-25,2019-10-17,9.960485032081603,9.159064406400319,25099,-20114.85628397457,-8.045999999999987,STOP_LOSS,3,22,2019-10,2019
NST.AX,2020-01-23,2020-03-13,10.878375579357147,10.003101480242073,18385,-16091.914312230645,-8.045999999999987,STOP_LOSS,2,50,2020-03,2020
NST.AX,2020-04-23,2020-05-01,11.50601811647415,10.580243898822642,17382,-16091.807451218512,-8.045999999999987,STOP_LOSS,2,8,2020-05,2020
NST.AX,2020-05-05,2021-02-17,11.014383147239684,10.12816587921278,18158,-16091.933152832524,-8.045999999999987,STOP_LOSS,2,288,2021-02,2021
NST.AX,2022-11-17,2023-04-14,9.212534530162811,12.891099568056822,21709,79857.96840764108,39.93,PROFIT_TARGET,2,148,2023-04,2023
NST.AX,2023-04-17,2023-05-25,12.98906575012207,11.943965519867248,15397,-16091.40824523348,-8.045999999999998,STOP_LOSS,2,38,2023-05,2023
NST.AX,2023-06-01,2023-06-29,12.313708022117615,11.322947074658034,20302,-20114.42875532441,-8.045999999999975,STOP_LOSS,3,28,2023-06,2023
NST.AX,2023-12-28,2024-01-10,12.98561267709732,11.94079028109807,15401,-16091.309720784438,-8.045999999999987,STOP_LOSS,2,13,2024-01,2024
NST.AX,2024-03-26,2024-07-03,13.200755633354186,12.138622835094509,15150,-16091.311893634109,-8.045999999999998,STOP_LOSS,2,99,2024-07,2024
NST.AX,2024-10-25,2024-11-07,17.62429961299896,16.206248466137065,14184,-20113.637467089124,-8.045999999999998,STOP_LOSS,3,13,2024-11,2024
NST.AX,2025-02-06,2025-07-09,17.499031016349793,16.091058980774292,17143,-24136.86460587081,-8.045999999999975,STOP_LOSS,4,153,2025-07,2025
NST.AX,2025-10-17,2025-10-22,25.85085346126556,23.77089379177214,7736,-16090.56800320112,-8.045999999999987,STOP_LOSS,2,5,2025-10,2025
NST.AX,2025-10-23,2026-03-13,23.92568557834625,22.000624916712514,10449,-20114.958853410913,-8.045999999999987,STOP_LOSS,3,141,2026-03,2026
EVN.AX,2017-03-22,2018-03-20,1.783319001674652,2.4953982790433407,112150,79859.69095689843,39.93,PROFIT_TARGET,2,363,2018-03,2018
EVN.AX,2018-03-23,2018-07-31,2.534936306476593,2.3309753312574863,98621,-20114.835337083525,-8.045999999999998,STOP_LOSS,3,130,2018-07,2018
EVN.AX,2018-12-21,2019-04-23,2.9768642942905426,2.7373457931719254,67184,-16091.810979153175,-8.046000000000008,STOP_LOSS,2,123,2019-04,2019
EVN.AX,2019-06-14,2019-12-10,3.515223806977272,3.232388899467881,56895,-16091.892062746801,-8.045999999999987,STOP_LOSS,2,179,2019-12,2019
EVN.AX,2020-05-04,2021-01-18,4.420277920246124,4.064622358783121,45246,-16091.991533955024,-8.045999999999998,STOP_LOSS,2,259,2021-01,2021
EVN.AX,2021-05-31,2021-06-09,4.8911538999080655,4.497611657121463,40890,-16091.942307544174,-8.045999999999987,STOP_LOSS,2,9,2021-06,2021
EVN.AX,2022-04-01,2022-05-02,3.9935133025646206,3.672195222240272,62601,-20114.833146384553,-8.045999999999987,STOP_LOSS,3,31,2022-05,2022
EVN.AX,2022-12-14,2023-02-27,2.7089298244714737,2.490969330794499,73829,-16091.805287677354,-8.045999999999998,STOP_LOSS,2,75,2023-02,2023
EVN.AX,2023-03-14,2023-03-17,2.6447445534467695,2.4319484066764425,94527,-20114.9813657587,-8.045999999999998,STOP_LOSS,3,3,2023-03,2023
EVN.AX,2023-03-21,2023-11-29,2.7294519460201263,3.819322108065963,91593,99824.47775226431,39.93,PROFIT_TARGET,3,253,2023-11,2023
EVN.AX,2024-04-19,2024-05-03,3.8778930823802944,3.5658778049719766,51574,-16091.875917056583,-8.045999999999987,STOP_LOSS,2,14,2024-05,2024
EVN.AX,2024-05-16,2024-06-17,3.744501319885254,3.4432187436872868,66764,-20114.82991728108,-8.045999999999987,STOP_LOSS,3,32,2024-06,2024
EVN.AX,2024-07-24,2024-08-08,3.906476827025413,3.5921617015229486,51197,-16091.991480349678,-8.045999999999998,STOP_LOSS,2,15,2024-08,2024
EVN.AX,2024-08-14,2025-01-21,3.868365406036377,5.413003712666702,64626,99823.79520429141,39.93,PROFIT_TARGET,3,160,2025-01,2025
EVN.AX,2025-01-22,2025-04-15,5.67816687297821,7.945458905358408,35222,79858.55996449535,39.92999999999998,PROFIT_TARGET,2,83,2025-04,2025
EVN.AX,2025-04-29,2025-07-09,7.791468078374862,7.164566556788821,25669,-16091.935157592092,-8.045999999999998,STOP_LOSS,2,71,2025-07,2025
EVN.AX,2025-07-10,2025-09-29,7.3624015710353845,10.302208518349813,27165,79859.85572379646,39.93,PROFIT_TARGET,2,81,2025-09,2025
EVN.AX,2025-09-30,2026-01-28,10.7127731051445,14.990383406028698,18669,79858.70670720711,39.93,PROFIT_TARGET,2,120,2026-01,2026
EVN.AX,2026-01-29,2026-02-02,15.549842378139495,14.298702060394394,16077,-20114.582888387988,-8.045999999999987,STOP_LOSS,3,4,2026-02,2026
EVN.AX,2026-02-03,2026-03-16,14.30348052549362,13.152622482412404,17478,-20114.6968769735,-8.045999999999998,STOP_LOSS,3,41,2026-03,2026
RRL.AX,2017-03-21,2018-03-07,2.6294855296611783,3.6794391016548866,95075,99824.33585730182,39.93,PROFIT_TARGET,3,351,2018-03,2018
RRL.AX,2018-04-09,2018-08-03,3.894426375031471,3.581080828896439,77033,-24137.947455419908,-8.045999999999998,STOP_LOSS,4,116,2018-08,2018
RRL.AX,2019-01-10,2019-05-03,4.166703186750412,3.831450248344474,47999,-16091.805790546594,-8.045999999999987,STOP_LOSS,2,113,2019-05,2019
RRL.AX,2019-07-18,2019-07-26,5.202708105325699,4.784098211171194,38441,-16091.78294119333,-8.045999999999987,STOP_LOSS,2,8,2019-07,2019
RRL.AX,2019-08-07,2019-08-19,5.1171364903450005,4.705411688331842,48855,-20114.81520235286,-8.045999999999998,STOP_LOSS,3,12,2019-08,2019
RRL.AX,2020-06-01,2020-06-04,4.849136899709701,4.458975344759059,51555,-20114.778965480342,-8.045999999999987,STOP_LOSS,3,3,2020-06,2020
RRL.AX,2020-06-12,2020-10-26,4.529997669696807,4.165514057193002,66225,-24137.92723806448,-8.045999999999998,STOP_LOSS,4,136,2020-10,2020
RRL.AX,2022-03-09,2022-03-15,2.1136623516082764,1.9435970787978747,94622,-16091.916243865833,-8.045999999999987,STOP_LOSS,2,6,2022-03,2022
RRL.AX,2022-11-28,2023-02-23,1.9067674357295035,1.7533489278507077,104889,-16091.913872899006,-8.045999999999998,STOP_LOSS,2,87,2023-02,2023
RRL.AX,2023-03-30,2023-06-29,1.940816915988922,1.7846587869284534,103049,-16091.939041552225,-8.045999999999998,STOP_LOSS,2,91,2023-06,2023
RRL.AX,2023-12-19,2024-02-06,2.0429649989604948,1.8785880351441335,97896,-16091.8472497665,-8.045999999999987,STOP_LOSS,2,49,2024-02,2024
RRL.AX,2024-04-02,2024-05-30,1.96027372777462,1.8025501036378742,102026,-16091.910476175637,-8.045999999999998,STOP_LOSS,2,58,2024-05,2024
RRL.AX,2024-10-16,2025-03-18,2.4904716700315475,3.4849170078751444,80306,79859.92730086789,39.93,PROFIT_TARGET,2,153,2025-03,2025
RRL.AX,2025-03-19,2025-05-30,3.482769071102142,4.873438761193228,57425,79859.20695348059,39.93,PROFIT_TARGET,2,72,2025-05,2025
RRL.AX,2025-06-02,2025-06-11,5.058770587205887,4.651741905759302,39535,-16091.878920990734,-8.045999999999987,STOP_LOSS,2,9,2025-06,2025
RRL.AX,2025-06-12,2025-06-26,4.786375699281693,4.401263910517488,52231,-20114.773838943158,-8.045999999999987,STOP_LOSS,3,14,2025-06,2025
RRL.AX,2025-06-27,2025-08-01,4.270769590616226,3.9271434693552445,46829,-16091.66763253049,-8.045999999999998,STOP_LOSS,2,35,2025-08,2025
RRL.AX,2025-08-04,2025-09-12,4.017831275939941,5.62215130442276,62222,99824.00081225792,39.93,PROFIT_TARGET,3,39,2025-09,2025
RRL.AX,2025-09-15,2026-01-19,5.462126537561416,7.64315366400969,36615,79858.30823490354,39.93,PROFIT_TARGET,2,126,2026-01,2026
RRL.AX,2026-01-20,2026-03-16,7.790407062292099,7.163590910060077,38508,-24137.436390150684,-8.045999999999987,STOP_LOSS,4,55,2026-03,2026
LYC.AX,2017-02-17,2017-02-21,1.3322347408533095,1.2250431336042524,150123,-16091.925655050196,-8.045999999999987,STOP_LOSS,2,4,2017-02,2017
LYC.AX,2017-02-23,2017-03-01,1.1842088043093681,1.0889273639146366,168889,-16091.987186825812,-8.045999999999975,STOP_LOSS,2,6,2017-03,2017
LYC.AX,2017-06-29,2017-08-02,1.0361828677654266,1.4499306868641613,193016,79859.94905116138,39.93,PROFIT_TARGET,2,34,2017-08,2017
LYC.AX,2017-08-30,2017-10-09,1.4802607966661452,2.0713289327749367,135111,79859.80693779493,39.92999999999998,PROFIT_TARGET,2,40,2017-10,2017
LYC.AX,2017-10-10,2017-10-19,2.2203915528059004,2.041738848467138,90074,-16091.96369060969,-8.045999999999987,STOP_LOSS,2,9,2017-10,2017
LYC.AX,2017-10-20,2017-12-06,1.9243396797180174,1.769507309087906,129914,-20114.892598040286,-8.045999999999987,STOP_LOSS,3,47,2017-12,2017
LYC.AX,2017-12-07,2018-03-12,1.731905520915985,2.423455395417738,173219,119789.57771131911,39.93,PROFIT_TARGET,4,95,2018-03,2018
LYC.AX,2018-04-04,2018-05-23,2.437497197985649,2.2413761734357234,82051,-16091.92618534593,-8.046000000000008,STOP_LOSS,2,49,2018-05,2018
LYC.AX,2018-06-12,2018-07-02,2.4868387395143507,2.2867476945330263,100529,-20114.952660927567,-8.045999999999987,STOP_LOSS,3,20,2018-07,2018
LYC.AX,2019-05-22,2019-11-26,2.398023487687111,2.205078517867806,104252,-20114.898993602194,-8.046000000000008,STOP_LOSS,3,188,2019-11,2019
LYC.AX,2020-06-09,2020-06-12,2.1315763009786606,1.9600696718019177,117284,-20114.98349636511,-8.045999999999998,STOP_LOSS,3,3,2020-06,2020
LYC.AX,2020-06-15,2020-08-14,1.8355243086218833,2.5684491650546013,136200,99824.36544613619,39.93,PROFIT_TARGET,3,60,2020-08,2020
LYC.AX,2020-08-17,2020-08-26,2.575655184030533,2.368417967923436,77650,-16091.969830716065,-8.046000000000008,STOP_LOSS,2,9,2020-08,2020
LYC.AX,2020-09-01,2020-11-17,2.381190114498138,3.3319993272172446,104989,99824.50843416626,39.93,PROFIT_TARGET,3,77,2020-11,2020
LYC.AX,2020-11-18,2021-01-21,3.4117050858736038,4.773998926662934,58621,79859.02724091131,39.93,PROFIT_TARGET,2,64,2021-01,2021
LYC.AX,2021-01-22,2021-01-28,5.562779942750931,5.115198668557191,44941,-20114.750043540836,-8.045999999999987,STOP_LOSS,3,6,2021-01,2021
LYC.AX,2021-01-29,2021-07-26,4.782390209913253,6.691998620731615,52275,99824.77967552988,39.93,PROFIT_TARGET,3,178,2021-07,2021
LYC.AX,2021-08-31,2021-10-06,6.883440114498138,6.329598522885619,29055,-16091.867444301746,-8.045999999999987,STOP_LOSS,2,36,2021-10,2021
LYC.AX,2021-10-20,2022-01-04,7.393694866418838,10.34599722657988,27050,79859.7788423562,39.93000000000002,PROFIT_TARGET,2,76,2022-01,2022
LYC.AX,2022-01-05,2022-01-24,11.10555038166046,10.21199779795206,18009,-16091.988480004582,-8.045999999999998,STOP_LOSS,2,19,2022-01,2022
LYC.AX,2022-01-25,2022-05-09,9.274635457992554,8.528398289042475,21564,-16091.858311239515,-8.045999999999987,STOP_LOSS,2,104,2022-05,2022
LYC.AX,2024-09-25,2024-11-21,7.573785171747208,6.964398416828428,26406,-16091.466650385297,-8.045999999999987,STOP_LOSS,2,57,2024-11,2024
LYC.AX,2025-06-05,2025-07-01,9.264630228996277,8.519198080771238,21587,-16091.643783733907,-8.045999999999975,STOP_LOSS,2,26,2025-07,2025
LYC.AX,2025-07-02,2025-08-05,8.344170152664184,11.675997294622992,23968,79857.2329384687,39.93,PROFIT_TARGET,2,34,2025-08,2025
LYC.AX,2025-08-08,2025-10-03,12.626309885501861,17.667995422782752,15839,79855.25722499203,39.92999999999998,PROFIT_TARGET,2,56,2025-10,2025
LYC.AX,2025-10-06,2025-10-28,19.369680610656737,17.811196108723298,12906,-20113.80098195296,-8.045999999999987,STOP_LOSS,3,22,2025-10,2025
LYC.AX,2025-10-29,2025-11-03,15.287639732837675,14.057596239933558,13082,-16091.428974171668,-8.045999999999987,STOP_LOSS,2,5,2025-11,2025
LYC.AX,2025-11-11,2025-12-09,14.227110267162322,13.082396975066443,14057,-16091.234746991777,-8.045999999999998,STOP_LOSS,2,28,2025-12,2025
LYC.AX,2025-12-10,2026-02-27,12.776385457992554,17.87799617136898,15653,79855.51249648121,39.93,PROFIT_TARGET,2,79,2026-02,2026
LYC.AX,2026-03-02,2026-03-06,20.009999999999998,18.399995399999998,9995,-16091.995976999999,-8.045999999999998,STOP_LOSS,2,4,2026-03,2026
LYC.AX,2026-03-11,2026-03-20,20.600295152664184,19.53023091506958,9708,-10388.183618568415,-5.194412165770423,END_OF_PERIOD,2,9,2026-03,2026
CSL.AX,2017-03-10,2018-05-09,110.78362035369872,155.01951996093064,1805,79845.7987910536,39.93000000000002,PROFIT_TARGET,2,425,2018-05,2018
CSL.AX,2018-05-21,2019-10-25,167.02606773376465,233.71957657985686,1197,79832.13008877238,39.93,PROFIT_TARGET,2,522,2019-10,2019
CSL.AX,2019-10-28,2025-08-20,234.16881422424316,215.3275914317606,1067,-20103.5847195789,-8.045999999999987,STOP_LOSS,3,2123,2025-08,2025
COH.AX,2017-06-13,2017-08-01,136.46871295166014,125.48844030756958,1831,-20104.87921132982,-8.045999999999987,STOP_LOSS,3,49,2017-08,2017
COH.AX,2019-07-10,2019-08-13,203.43494911193847,187.06657310639193,1228,-20100.36573481115,-8.045999999999987,STOP_LOSS,3,34,2019-08,2019
COH.AX,2019-10-16,2020-03-11,197.42570514678954,181.54083291067886,1519,-24129.120926652125,-8.045999999999998,STOP_LOSS,4,147,2020-03,2020
COH.AX,2021-06-29,2021-08-25,233.2664620285034,214.49784249369006,857,-16084.706941335044,-8.045999999999987,STOP_LOSS,2,57,2021-08,2021
COH.AX,2023-04-19,2023-06-23,236.47972251892088,217.45256404504852,1057,-20111.706506883085,-8.045999999999998,STOP_LOSS,3,65,2023-06,2023
COH.AX,2023-12-21,2025-02-14,283.6096905212402,260.7904548219013,705,-16087.561168033957,-8.045999999999987,STOP_LOSS,2,421,2025-02,2025
RMD.AX,2018-01-31,2019-06-18,11.93281756067276,16.697591612649394,16760,79857.61311112838,39.93,PROFIT_TARGET,2,503,2019-06,2019
RMD.AX,2019-07-26,2020-02-20,18.275830278396604,25.57336930856037,13679,99823.03639361015,39.93,PROFIT_TARGET,3,209,2020-02,2020
RMD.AX,2020-02-21,2020-03-02,25.562566231727597,23.505802152722797,7823,-16090.065390054553,-8.045999999999987,STOP_LOSS,2,10,2020-03,2020
RMD.AX,2020-03-19,2020-03-20,24.014490334510803,22.082284442196066,8328,-16091.410671197133,-8.045999999999998,STOP_LOSS,2,1,2020-03,2020
RMD.AX,2020-04-27,2020-06-05,24.324106658935545,22.366989037157595,8222,-16091.421086258308,-8.045999999999987,STOP_LOSS,2,39,2020-06,2020
RMD.AX,2020-06-24,2020-09-01,25.62061487960815,23.55918020639488,9757,-20113.418106541878,-8.045999999999998,STOP_LOSS,3,69,2020-09,2020
RMD.AX,2021-06-22,2022-04-29,31.155134296417234,28.648392190927506,6419,-16090.777575138565,-8.045999999999987,STOP_LOSS,2,311,2022-04,2022
RMD.AX,2024-01-31,2024-02-29,28.823864416122436,26.504696285201227,8673,-20114.145199479648,-8.045999999999998,STOP_LOSS,3,29,2024-02,2024
RMD.AX,2024-03-22,2025-07-28,29.375419123649596,41.10502397972288,6808,79855.14986014692,39.93,PROFIT_TARGET,2,493,2025-07,2025
SHL.AX,2019-06-20,2020-03-19,22.114103665351866,20.334802884437657,11305,-20114.99532823513,-8.045999999999987,STOP_LOSS,3,273,2020-03,2020
SHL.AX,2020-06-23,2021-07-19,23.674633143424987,33.12791415759459,12671,119782.52373054302,39.93000000000002,PROFIT_TARGET,4,391,2021-07,2021
SHL.AX,2021-08-26,2021-11-12,35.70314538574218,32.83047030800537,8402,-24136.216003144724,-8.045999999999998,STOP_LOSS,4,78,2021-11,2021
PME.AX,2017-10-30,2018-08-22,6.472092671155929,9.056399274748491,30901,79857.65835761376,39.93,PROFIT_TARGET,2,296,2018-08,2018
PME.AX,2018-09-26,2018-10-11,11.889861675739288,10.933203405309305,16821,-16091.94876690275,-8.045999999999998,STOP_LOSS,2,15,2018-10,2018
PME.AX,2018-11-30,2019-02-18,9.79336545753479,13.703856284728431,20421,79856.13318212134,39.93,PROFIT_TARGET,2,80,2019-02,2019
PME.AX,2019-02-19,2019-04-30,13.539883852958678,18.946359475445078,18463,99819.75941796642,39.93,PROFIT_TARGET,3,70,2019-04,2019
PME.AX,2019-05-01,2019-07-11,19.29253748989105,26.996047709604547,12958,99822.0854270475,39.93,PROFIT_TARGET,3,71,2019-07,2019
PME.AX,2019-07-12,2019-08-06,28.763422757148742,26.449117762108557,6953,-16091.362630514408,-8.045999999999987,STOP_LOSS,2,25,2019-08,2019
PME.AX,2019-08-07,2019-08-29,25.323891045570374,35.43572074006662,7897,79853.11909743687,39.93,PROFIT_TARGET,2,22,2019-08,2019
PME.AX,2019-09-03,2019-09-06,35.53530638122558,32.67613562979217,5628,-16091.412989067234,-8.045999999999998,STOP_LOSS,2,3,2019-09,2019
PME.AX,2019-09-09,2019-09-11,33.04090336990356,30.382432284761123,6053,-16091.725478367174,-8.045999999999987,STOP_LOSS,2,2,2019-09,2019
PME.AX,2019-09-12,2019-10-31,28.962107560157776,26.63181638586748,6905,-16090.660558474487,-8.045999999999998,STOP_LOSS,2,49,2019-10,2019
PME.AX,2019-11-05,2019-12-06,24.746599064826963,22.755487704070987,8081,-16090.170906269044,-8.045999999999998,STOP_LOSS,2,31,2019-12,2019
PME.AX,2020-05-26,2020-06-05,29.050093654632565,26.712723119180833,6884,-16090.458766049727,-8.045999999999987,STOP_LOSS,2,10,2020-06,2020
PME.AX,2020-06-09,2020-07-24,25.76140560722351,23.688642912066307,9704,-20114.08919380549,-8.045999999999998,STOP_LOSS,3,45,2020-07,2020
PME.AX,2020-09-01,2021-01-15,25.692889921188353,35.95206086671887,7784,79857.38664000951,39.93000000000002,PROFIT_TARGET,2,136,2021-01,2021
PME.AX,2021-01-18,2021-07-20,41.597208040237426,58.206973210704234,4808,79859.75093960442,39.93,PROFIT_TARGET,2,183,2021-07,2021
PME.AX,2021-07-21,2021-09-29,57.15534867095947,52.556629316894075,4374,-20114.798454682037,-8.045999999999998,STOP_LOSS,3,70,2021-09,2021
PME.AX,2021-11-05,2021-12-02,60.19498036766052,55.351692247278564,3322,-16089.403135908859,-8.045999999999987,STOP_LOSS,2,27,2021-12,2021
PME.AX,2022-08-08,2023-08-29,52.31693976974487,73.20709381980399,3822,79842.16877932595,39.92999999999998,PROFIT_TARGET,2,386,2023-08,2023
PME.AX,2023-10-10,2023-10-26,82.92368904876709,76.2516490279033,2411,-16086.288490302597,-8.045999999999987,STOP_LOSS,2,16,2023-10,2023
PME.AX,2023-11-01,2024-02-12,77.8216138343811,108.89578423844947,3212,99810.2353378676,39.93,PROFIT_TARGET,3,103,2024-02,2024
PME.AX,2024-02-13,2024-02-15,107.00470852661132,98.39510967856019,1869,-16091.340247007573,-8.045999999999987,STOP_LOSS,2,2,2024-02,2024
PME.AX,2024-02-26,2024-06-21,98.61704053115844,137.99482481525,2028,79858.14652813772,39.93000000000002,PROFIT_TARGET,2,116,2024-06,2024
PME.AX,2024-07-01,2024-08-06,134.89723363494872,124.04340221668076,1482,-16085.378161873114,-8.045999999999987,STOP_LOSS,2,36,2024-08,2024
PME.AX,2024-08-14,2024-10-30,140.20719930267333,196.19193398423081,1426,79834.23165590098,39.93000000000002,PROFIT_TARGET,2,77,2024-10,2024
PME.AX,2024-10-31,2025-01-31,194.01514146423338,271.4853874509018,1288,99781.6768308289,39.93,PROFIT_TARGET,3,92,2025-01,2025
PME.AX,2025-02-03,2025-03-11,268.8109740600586,247.1824430871863,930,-20114.533804771225,-8.045999999999987,STOP_LOSS,3,36,2025-03,2025
PME.AX,2025-05-13,2025-12-10,264.332722869873,243.06451198776304,945,-20098.459283593922,-8.045999999999998,STOP_LOSS,3,211,2025-12,2025
FPH.AX,2017-06-01,2018-06-21,9.027647706985473,12.632387436384771,22154,79859.40396511207,39.93,PROFIT_TARGET,2,385,2018-06,2018
FPH.AX,2019-06-25,2019-11-29,13.527507558345794,18.929041326393268,14784,79856.27522681384,39.92999999999998,PROFIT_TARGET,2,157,2019-11,2019
FPH.AX,2019-12-02,2020-03-24,19.13871687412262,26.780806521959782,10450,79859.83681989837,39.93000000000002,PROFIT_TARGET,2,113,2020-03,2020
FPH.AX,2020-04-16,2022-03-23,25.03681177139282,23.022349896266558,7988,-16091.521458508581,-8.045999999999987,STOP_LOSS,2,706,2022-03,2022
FPH.AX,2023-01-03,2023-10-13,20.5153623418808,18.86469628785307,9748,-16090.692694662286,-8.045999999999987,STOP_LOSS,2,283,2023-10,2023
FPH.AX,2024-04-29,2024-09-12,24.797031678199765,34.69848642730493,8065,79855.23255153315,39.92999999999998,PROFIT_TARGET,2,136,2024-09,2024
FPH.AX,2024-09-19,2024-10-07,33.74837591743469,31.032981591117903,5926,-16091.426777753299,-8.045999999999987,STOP_LOSS,2,18,2024-10,2024
FPH.AX,2024-10-08,2025-03-18,31.494548761367795,28.960497368028147,6350,-16091.22634770677,-8.045999999999987,STOP_LOSS,2,161,2025-03,2025
RHC.AX,2019-05-27,2019-09-04,62.50617109107971,57.476924565091444,3199,-16088.559636636453,-8.045999999999987,STOP_LOSS,2,100,2019-09,2019
RHC.AX,2020-06-23,2021-01-06,60.12543801498413,55.28774527229851,4989,-24135.24909325855,-8.045999999999998,STOP_LOSS,4,197,2021-01,2021
RHC.AX,2026-02-26,2026-03-20,41.73876972198486,39.790096372604374,4791,-9336.094016881903,-4.668736913810068,END_OF_PERIOD,2,22,2026-03,2026
NEU.AX,2017-01-13,2017-02-07,1.2006000477075576,1.6799996467571854,249875,119789.97481252575,39.93,PROFIT_TARGET,4,25,2017-02,2017
NEU.AX,2017-02-08,2017-02-14,1.7608799904584884,1.6191995864261985,113579,-16091.918609583452,-8.045999999999998,STOP_LOSS,2,6,2017-02,2017
NEU.AX,2017-02-15,2017-02-22,1.6008000238537787,1.471999653934504,124937,-16091.931816604434,-8.045999999999987,STOP_LOSS,2,7,2017-02,2017
NEU.AX,2017-03-06,2017-04-03,1.520759980916977,1.398399632852397,131513,-16091.97645501709,-8.045999999999998,STOP_LOSS,2,28,2017-04,2017
NEU.AX,2017-04-13,2017-04-26,1.5807900429368018,1.453599676082107,126519,-16091.998024089125,-8.045999999999975,STOP_LOSS,2,13,2017-04,2017
NEU.AX,2017-04-27,2017-05-15,1.420709957063198,1.3063996339178932,140774,-16091.921430457149,-8.045999999999998,STOP_LOSS,2,18,2017-05,2017
NEU.AX,2017-05-16,2017-05-23,1.3606800143122673,1.2511997003607025,183731,-20114.927562634944,-8.045999999999987,STOP_LOSS,3,7,2017-05,2017
NEU.AX,2017-10-19,2017-10-23,2.5012499999999998,2.2999994249999998,79960,-16091.995976999999,-8.045999999999998,STOP_LOSS,2,4,2017-10,2017
NEU.AX,2017-10-24,2017-11-08,2.401200095415115,2.2079995357380153,83291,-16091.86781606532,-8.045999999999987,STOP_LOSS,2,15,2017-11,2017
NEU.AX,2017-11-10,2017-11-17,2.2011000477075577,3.0799992967571854,90863,79859.42246639633,39.93,PROFIT_TARGET,2,7,2017-11,2017
NEU.AX,2017-11-20,2017-11-28,3.1015499045848847,2.8519991992619853,64483,-16091.77813133652,-8.045999999999987,STOP_LOSS,2,8,2017-11,2017
NEU.AX,2017-11-29,2017-12-04,2.771384980916977,2.548399345352397,72166,-16091.981376153453,-8.045999999999987,STOP_LOSS,2,5,2017-12,2017
NEU.AX,2017-12-05,2018-08-07,2.691345057249069,2.474799433942809,74312,-16091.938359134787,-8.045999999999998,STOP_LOSS,2,245,2018-08,2018
NEU.AX,2018-11-19,2018-11-21,1.4707350286245344,1.3523996882214044,135986,-16091.949600060034,-8.045999999999998,STOP_LOSS,2,2,2018-11,2018
NEU.AX,2018-11-26,2019-02-01,1.3756875,1.26499968375,181727,-20114.964783663752,-8.045999999999998,STOP_LOSS,3,67,2019-02,2019
NEU.AX,2019-07-25,2019-08-16,1.4507250477075575,1.3339997103690076,137862,-16091.988456167173,-8.045999999999987,STOP_LOSS,2,22,2019-08,2019
NEU.AX,2019-08-27,2019-10-16,1.7658824856877327,2.470999362222844,113257,79859.42208573713,39.93,PROFIT_TARGET,2,50,2019-10,2019
NEU.AX,2019-10-17,2019-10-29,2.481240019083023,2.2815994471476033,100756,-20114.98546592513,-8.045999999999975,STOP_LOSS,3,12,2019-10,2019
NEU.AX,2019-10-30,2020-02-28,2.2811399713754654,2.097599449278596,87675,-16091.915274843039,-8.045999999999987,STOP_LOSS,2,121,2020-02,2020
NEU.AX,2020-06-19,2020-06-30,1.5257624761462212,1.4029996273154963,131082,-16091.999750429075,-8.045999999999998,STOP_LOSS,2,11,2020-06,2020
NEU.AX,2020-07-06,2020-07-14,1.3506750238537788,1.2419997114345038,148074,-16091.988211171722,-8.045999999999998,STOP_LOSS,2,8,2020-07,2020
NEU.AX,2021-01-07,2021-01-29,1.420709957063198,1.3063996339178932,175968,-20114.958943233007,-8.045999999999998,STOP_LOSS,3,22,2021-01,2021
NEU.AX,2021-02-04,2021-02-23,1.4307149475216865,1.3155996228440918,139790,-16091.971236680958,-8.045999999999987,STOP_LOSS,2,19,2021-02,2021
NEU.AX,2021-04-01,2021-04-23,1.440720057249069,1.324799721442809,138819,-16091.945096289197,-8.045999999999987,STOP_LOSS,2,22,2021-04,2021
NEU.AX,2021-05-10,2021-05-21,1.3406700333952903,1.2327997225083054,186473,-20114.900482028745,-8.045999999999998,STOP_LOSS,3,11,2021-05,2021
NEU.AX,2021-08-05,2021-09-03,1.7008500477075577,2.3799994717571855,117588,79859.82247514764,39.93,PROFIT_TARGET,2,29,2021-09,2021
NEU.AX,2021-09-06,2021-09-13,2.3511749045848847,2.161999371761985,85063,-16091.838348514315,-8.045999999999998,STOP_LOSS,2,7,2021-09,2021
NEU.AX,2021-09-14,2021-10-13,2.1510750954151154,1.9779995932380154,92976,-16091.867890418049,-8.045999999999987,STOP_LOSS,2,29,2021-10,2021
NEU.AX,2021-10-14,2021-10-21,2.001,1.83999954,149925,-24137.993965499983,-8.045999999999998,STOP_LOSS,4,7,2021-10,2021
NEU.AX,2021-10-22,2021-11-09,1.8909449856877325,1.7387995521392978,105767,-16091.96607011729,-8.045999999999987,STOP_LOSS,2,18,2021-11,2021
NEU.AX,2021-11-12,2021-12-07,1.6808399475216864,2.3519993385670954,118988,79859.91362171112,39.92999999999998,PROFIT_TARGET,2,25,2021-12,2021
NEU.AX,2021-12-08,2022-03-17,3.2016000477075575,4.479998946757185,62468,79859.02242583213,39.93,PROFIT_TARGET,2,99,2022-03,2022
NEU.AX,2022-03-18,2022-03-25,4.482240019083023,4.121598987147604,55775,-20114.753556197993,-8.045999999999975,STOP_LOSS,3,7,2022-03,2022
NEU.AX,2022-03-28,2022-05-04,4.042019961833954,3.7167990357047938,74220,-24137.897137306245,-8.045999999999998,STOP_LOSS,4,37,2022-05,2022
NEU.AX,2022-05-05,2022-05-25,3.801899952292442,3.495999082130992,92059,-28160.92820619291,-8.045999999999998,STOP_LOSS,5,20,2022-05,2022
NEU.AX,2022-05-26,2022-07-25,3.4517250477075576,4.829998859257185,86913,119789.91178321278,39.93,PROFIT_TARGET,4,60,2022-07,2022
NEU.AX,2022-08-22,2022-10-18,5.352674904584885,7.48999799398563,37364,79858.93991236943,39.93,PROFIT_TARGET,2,57,2022-10,2022
NEU.AX,2022-10-19,2023-02-22,7.523759980916976,6.918398252852397,33228,-20114.959500129848,-8.045999999999998,STOP_LOSS,3,126,2023-02,2023
NEU.AX,2023-02-23,2023-03-15,7.133565114498138,9.981997664717245,35045,99823.3187224286,39.93,PROFIT_TARGET,3,20,2023-03,2023
NEU.AX,2023-03-17,2023-06-23,13.236614542007446,12.171596535957528,15109,-16091.357053408214,-8.045999999999998,STOP_LOSS,2,98,2023-06,2023
NEU.AX,2023-06-29,2023-07-10,12.486239542007446,11.481596708457527,16017,-16091.364264969057,-8.045999999999998,STOP_LOSS,2,11,2023-07,2023
NEU.AX,2023-07-13,2023-09-22,11.645820343494414,10.708797638656854,21466,-20114.129382043055,-8.045999999999998,STOP_LOSS,3,71,2023-09,2023
NEU.AX,2023-11-30,2023-12-18,15.50775,21.699994574999998,12896,79855.18603919998,39.93,PROFIT_TARGET,2,18,2023-12,2023
NEU.AX,2023-12-19,2024-02-16,23.97197908401489,22.043193646915054,10428,-20113.374538077096,-8.045999999999998,STOP_LOSS,3,59,2024-02,2024
NEU.AX,2024-02-19,2024-04-19,20.750369771003722,19.080795019228763,12047,-20113.367034632938,-8.045999999999998,STOP_LOSS,3,60,2024-04,2024
NEU.AX,2024-04-22,2024-08-05,19.28964068698883,17.73759619731371,12960,-20114.496586189536,-8.045999999999987,STOP_LOSS,3,105,2024-08,2024
NEU.AX,2025-07-08,2025-08-28,13.886940114498138,19.431995302217246,18002,99822.08348931937,39.93,PROFIT_TARGET,3,51,2025-08,2025
NEU.AX,2025-08-29,2026-01-27,19.019505228996277,17.48919583827124,10515,-16091.203243473765,-8.045999999999987,STOP_LOSS,2,151,2026-01,2026
NAN.AX,2017-01-10,2017-02-21,2.941470057249069,2.704799376442809,101989,-24137.80606474965,-8.045999999999998,STOP_LOSS,4,42,2017-02,2017
NAN.AX,2017-10-31,2017-11-22,3.0015,2.7599993100000004,83291,-20114.83397078997,-8.045999999999987,STOP_LOSS,3,22,2017-11,2017
NAN.AX,2018-07-12,2018-10-25,3.1615800858736036,2.907199352164214,79074,-20114.902137336267,-8.045999999999975,STOP_LOSS,3,105,2018-10,2018
NAN.AX,2019-02-25,2019-06-20,4.0820399236679075,5.711998465188502,48995,79859.81874180154,39.92999999999998,PROFIT_TARGET,2,115,2019-06,2019
NAN.AX,2019-07-01,2019-07-15,5.682839828252792,5.225598535671573,35193,-16091.692809810856,-8.045999999999998,STOP_LOSS,2,14,2019-07,2019
NAN.AX,2019-07-16,2019-11-14,5.072535171747208,7.097998465825867,39428,79859.96675893338,39.92999999999998,PROFIT_TARGET,2,121,2019-11,2019
NAN.AX,2019-11-15,2019-11-29,7.373684885501861,6.780398199614383,33904,-20114.791798329064,-8.045999999999987,STOP_LOSS,3,14,2019-11,2019
NAN.AX,2019-12-02,2020-03-09,6.783390209913254,6.237598633623634,44225,-24137.63246140844,-8.045999999999998,STOP_LOSS,4,98,2020-03,2020
NAN.AX,2020-06-19,2020-07-13,6.743369771003723,6.200798239228764,44488,-24137.92230560437,-8.045999999999987,STOP_LOSS,4,24,2020-07,2020
NAN.AX,2020-09-23,2020-10-06,6.023009980916977,5.538398597852398,49808,-24137.523767680566,-8.045999999999987,STOP_LOSS,4,13,2020-10,2020
NAN.AX,2020-12-17,2021-01-28,7.663829847335815,7.047198097819176,26096,-16091.62213538621,-8.045999999999987,STOP_LOSS,2,42,2021-01,2021
NAN.AX,2021-02-02,2021-02-18,7.0035,6.43999839,28557,-16091.915476769984,-8.045999999999998,STOP_LOSS,2,16,2021-02,2021
NAN.AX,2021-08-24,2021-09-09,7.183589828252792,6.605598190671573,27841,-16091.865181898715,-8.045999999999987,STOP_LOSS,2,16,2021-09,2021
NAN.AX,2022-08-10,2022-08-24,5.06252994275093,4.655198783557191,39505,-16091.617443948666,-8.045999999999987,STOP_LOSS,2,14,2022-08,2022
NAN.AX,2022-09-13,2022-09-15,4.132065114498138,3.7995991553856183,48401,-16091.684887005064,-8.045999999999987,STOP_LOSS,2,2,2022-09,2022
NAN.AX,2022-12-01,2022-12-12,4.842420152664184,4.452799027180824,41301,-16091.742103588238,-8.045999999999987,STOP_LOSS,2,11,2022-12,2022
NAN.AX,2022-12-14,2023-08-23,4.552275190830231,4.1859991289760305,43934,-16091.972501502423,-8.045999999999998,STOP_LOSS,2,252,2023-08,2023
NAN.AX,2024-09-09,2024-10-29,3.571784933209419,3.2843991174833898,55994,-16091.881365763289,-8.045999999999987,STOP_LOSS,2,50,2024-10,2024
NAN.AX,2024-11-21,2024-11-25,3.5417699618339538,3.256799150704794,56468,-16091.731762841395,-8.045999999999998,STOP_LOSS,2,4,2024-11,2024
NAN.AX,2025-02-20,2025-07-03,4.262130228996277,3.919199230771237,46924,-16091.694160711773,-8.045999999999987,STOP_LOSS,2,133,2025-07,2025
NAN.AX,2025-07-08,2026-02-13,3.941970057249069,3.6247991464428093,63420,-20114.97916333299,-8.045999999999987,STOP_LOSS,3,220,2026-02,2026
XRO.AX,2017-06-13,2018-02-01,23.011499999999998,32.19999195,8691,79857.18353745,39.93,PROFIT_TARGET,2,233,2018-02,2018
XRO.AX,2018-02-02,2018-02-06,33.506746679306026,30.810793841489065,7461,-20114.504122952345,-8.045999999999998,STOP_LOSS,3,4,2018-02,2018
XRO.AX,2018-03-01,2018-06-15,32.24611454200745,45.12198807863102,6202,79856.1676741394,39.93,PROFIT_TARGET,2,106,2018-06,2018
XRO.AX,2018-06-18,2018-10-16,45.562770915985105,41.89679036808495,5486,-20111.56928578025,-8.045999999999987,STOP_LOSS,3,120,2018-10,2018
XRO.AX,2019-02-25,2019-10-16,49.074524236679075,68.66998176438503,4075,79851.48942540176,39.93,PROFIT_TARGET,2,233,2019-10,2019
XRO.AX,2019-10-17,2020-03-20,69.41468725204467,63.82958151574517,2881,-16090.68962627887,-8.045999999999987,STOP_LOSS,2,155,2020-03,2020
XRO.AX,2020-06-19,2020-11-20,89.3346459159851,125.00597003023796,2798,99808.36487167949,39.93,PROFIT_TARGET,3,154,2020-11,2020
XRO.AX,2020-11-23,2021-02-23,130.78536122131348,120.2623710574466,1529,-16089.651960552459,-8.045999999999998,STOP_LOSS,2,92,2021-02,2021
XRO.AX,2021-03-17,2022-01-27,119.68981225204467,110.05956995824518,2088,-20107.945909453352,-8.045999999999987,STOP_LOSS,3,316,2022-01,2022
XRO.AX,2023-03-31,2023-07-19,89.46470816802979,125.18796613952408,2235,79841.48156628975,39.93,PROFIT_TARGET,2,110,2023-07,2023
XRO.AX,2023-07-20,2023-08-14,127.2635969467163,117.02396793638353,1964,-20110.631376293575,-8.045999999999987,STOP_LOSS,3,25,2023-08,2023
XRO.AX,2023-08-15,2023-10-20,119.22958316802978,109.63637090633011,2096,-20107.372900522492,-8.045999999999987,STOP_LOSS,3,66,2023-10,2023
XRO.AX,2024-05-23,2025-06-05,134.90741633605955,188.77594767904813,1482,79833.16345030908,39.93,PROFIT_TARGET,2,378,2025-06,2025
WTC.AX,2017-05-04,2017-10-05,6.483716140508651,9.072663995413755,38558,99824.651389431,39.93,PROFIT_TARGET,3,154,2017-10,2017
WTC.AX,2017-10-19,2018-01-24,10.526791870594025,14.730139864522219,18999,79859.40853664176,39.93,PROFIT_TARGET,2,97,2018-01,2018
WTC.AX,2018-01-25,2018-02-06,14.97362190914154,13.768844290332014,13356,-16091.009876820033,-8.045999999999987,STOP_LOSS,2,12,2018-02,2018
WTC.AX,2018-02-07,2018-02-21,14.019323816299437,12.891329022039987,17832,-20114.40317123452,-8.045999999999987,STOP_LOSS,3,14,2018-02,2018
WTC.AX,2018-02-22,2018-03-29,10.526791870594025,9.67980619668603,18999,-16091.880818577985,-8.045999999999998,STOP_LOSS,2,35,2018-03,2018
WTC.AX,2018-05-28,2018-08-23,14.042890395641326,19.650216530620906,14242,79859.53881437918,39.93,PROFIT_TARGET,2,87,2018-08,2018
WTC.AX,2018-08-31,2018-10-09,21.034794596672057,19.342335023423825,9508,-16091.905622444194,-8.045999999999998,STOP_LOSS,2,39,2018-10,2018
WTC.AX,2018-10-10,2018-10-11,18.084887457847593,16.629777412989178,11058,-16090.606876044354,-8.045999999999987,STOP_LOSS,2,1,2018-10,2018
WTC.AX,2018-10-12,2018-10-25,17.15846202850342,15.777892173690034,11656,-16091.922227704805,-8.045999999999998,STOP_LOSS,2,13,2018-10,2018
WTC.AX,2018-10-26,2019-02-12,15.443607188701629,21.61023953915019,12950,79857.88893830887,39.93,PROFIT_TARGET,2,109,2019-02,2019
WTC.AX,2019-02-13,2019-02-21,21.938394822120664,20.17323157473284,9116,-16091.228163187414,-8.045999999999987,STOP_LOSS,2,8,2019-02,2019
WTC.AX,2019-03-29,2019-04-18,22.80248364830017,20.96779581395794,8770,-16090.212307181355,-8.045999999999987,STOP_LOSS,2,20,2019-04,2019
WTC.AX,2019-04-29,2019-07-25,22.7827632522583,31.879920618885038,13167,119782.27104637427,39.93,PROFIT_TARGET,4,87,2019-07,2019
WTC.AX,2019-07-26,2019-08-05,32.22132951164245,29.628801339135705,6207,-16091.822366749375,-8.045999999999987,STOP_LOSS,2,10,2019-08,2019
WTC.AX,2019-08-06,2019-09-05,26.579886008262633,37.193234491361906,7524,79854.83398683893,39.93000000000002,PROFIT_TARGET,2,30,2019-09,2019
WTC.AX,2019-09-06,2019-09-11,37.58628481864929,34.56209234214077,5321,-16091.72816750182,-8.045999999999987,STOP_LOSS,2,5,2019-09,2019
WTC.AX,2019-09-18,2019-10-17,34.70490099906921,31.912544664684106,5762,-16089.55719872697,-8.045999999999987,STOP_LOSS,2,29,2019-10,2019
WTC.AX,2019-10-23,2019-10-30,28.152708769798277,25.88754182218031,7104,-16091.745995878038,-8.045999999999987,STOP_LOSS,2,7,2019-10,2019
WTC.AX,2020-06-01,2020-07-01,19.925145429611206,18.321968228344687,15056,-24137.435942268705,-8.046000000000008,STOP_LOSS,4,30,2020-07,2020
WTC.AX,2020-07-06,2020-08-12,21.199486810684203,19.493776101896554,9434,-16091.67482670268,-8.045999999999987,STOP_LOSS,2,37,2020-08,2020
WTC.AX,2020-08-19,2021-05-18,27.53166895866394,25.316470874249838,7264,-16091.198885184032,-8.046000000000008,STOP_LOSS,2,272,2021-05,2021
WTC.AX,2021-08-13,2021-09-03,34.65878114891052,48.49803246167049,5770,79852.48007462503,39.93,PROFIT_TARGET,2,21,2021-09,2021
WTC.AX,2021-09-24,2022-01-25,52.66885743141174,48.43112116248035,3797,-16090.684613132471,-8.045999999999998,STOP_LOSS,2,123,2022-01,2022
WTC.AX,2022-01-27,2022-05-09,42.88566322517395,39.435082762076455,4663,-16090.05669942362,-8.045999999999998,STOP_LOSS,2,102,2022-05,2022
WTC.AX,2022-08-08,2023-05-26,52.382562469482416,73.29891966354674,3818,79858.65176693759,39.93,PROFIT_TARGET,2,291,2023-05,2023
WTC.AX,2023-05-30,2023-09-08,74.48358853912353,68.49063900526566,3356,-20112.338635627002,-8.045999999999987,STOP_LOSS,3,101,2023-09,2023
WTC.AX,2024-02-05,2024-08-21,75.47866896057128,105.61730147652739,2649,79837.23753476772,39.92999999999998,PROFIT_TARGET,2,198,2024-08,2024
WTC.AX,2024-08-22,2024-10-21,119.81960734176636,110.17892173504785,1669,-16090.304277613186,-8.045999999999987,STOP_LOSS,2,60,2024-10,2024
WTC.AX,2024-11-20,2024-11-22,137.92665591430662,126.82907717944153,1450,-16091.489165554389,-8.045999999999987,STOP_LOSS,2,2,2024-11,2024
WTC.AX,2024-11-29,2025-01-15,127.58814573669433,117.32240353071991,1567,-16086.418036761916,-8.045999999999998,STOP_LOSS,2,47,2025-01,2025
WTC.AX,2025-01-22,2025-02-24,121.97066860198974,112.15690860627366,2049,-20108.394231222253,-8.045999999999987,STOP_LOSS,3,33,2025-02,2025
WTC.AX,2025-06-26,2025-09-01,107.34395887756347,98.70706394627472,2794,-24131.48443802077,-8.045999999999998,STOP_LOSS,4,67,2025-09,2025
TNE.AX,2018-08-23,2018-10-11,5.140118652105331,4.726544705356936,38909,-16091.748694033291,-8.045999999999998,STOP_LOSS,2,49,2018-10,2018
TNE.AX,2018-12-12,2019-05-01,5.860391614437103,8.200445986081839,34127,79859.0355411199,39.93,PROFIT_TARGET,2,140,2019-05,2019
TNE.AX,2019-05-02,2019-05-21,8.07064841222763,7.421284040979796,30976,-20114.710763772895,-8.045999999999987,STOP_LOSS,3,19,2019-05,2019
TNE.AX,2019-05-22,2019-06-04,6.98844826555252,6.4261577181061655,28618,-16091.630886819783,-8.045999999999987,STOP_LOSS,2,13,2019-06,2019
TNE.AX,2019-07-01,2019-08-05,7.4507865006923675,6.85129621884666,26842,-16091.518145302469,-8.045999999999987,STOP_LOSS,2,35,2019-08,2019
TNE.AX,2020-01-13,2020-01-24,8.545876752376556,7.858275508880339,29253,-20114.399175994833,-8.045999999999987,STOP_LOSS,3,11,2020-01,2020
TNE.AX,2020-05-06,2020-05-27,9.18751382446289,8.448286462146607,21768,-16091.501222900853,-8.045999999999987,STOP_LOSS,2,21,2020-05,2020
TNE.AX,2020-06-17,2020-07-13,8.466931240081786,7.785681952504807,35431,-24137.343508139955,-8.045999999999987,STOP_LOSS,4,26,2020-07,2020
TNE.AX,2021-09-07,2022-01-27,10.600598324775696,9.747674183564245,18866,-16091.266848095238,-8.045999999999987,STOP_LOSS,2,142,2022-01,2022
TNE.AX,2022-11-25,2024-06-28,12.957035850048065,18.130780264972255,15435,79856.74504435487,39.92999999999998,PROFIT_TARGET,2,581,2024-06,2024
TNE.AX,2024-07-31,2024-11-19,20.23293932533264,28.311951997937964,12356,99824.28058271138,39.93,PROFIT_TARGET,3,111,2024-11,2024
TNE.AX,2024-11-20,2025-04-04,28.864873832702635,26.54240608412338,6928,-16090.056562157068,-8.045999999999998,STOP_LOSS,2,135,2025-04,2025
TNE.AX,2025-05-02,2025-12-09,30.899032493591307,28.41289633915695,6472,-16090.273191499147,-8.045999999999998,STOP_LOSS,2,221,2025-12,2025
CPU.AX,2017-01-10,2018-02-02,9.489795588970184,13.279070967645977,31612,119786.57327069917,39.92999999999998,PROFIT_TARGET,4,388,2018-02,2018
CPU.AX,2018-02-20,2019-07-23,14.231619585514068,13.086543473663607,14053,-16091.754599834527,-8.045999999999998,STOP_LOSS,2,518,2019-07,2019
CPU.AX,2020-06-17,2020-09-17,11.262969101428984,10.356750607528008,26635,-24137.1295850525,-8.045999999999998,STOP_LOSS,4,92,2020-09,2020
CPU.AX,2020-09-18,2021-06-17,10.25528815984726,14.35022472207427,19502,79859.45283655115,39.93,PROFIT_TARGET,2,272,2021-06,2021
CPU.AX,2021-10-27,2022-09-16,16.677375200271605,23.336651117740054,14990,99822.54600285205,39.92999999999998,PROFIT_TARGET,3,324,2022-09,2022
CPU.AX,2024-12-19,2026-03-09,32.198032957077025,29.60737922535061,7764,-20113.835573123895,-8.045999999999998,STOP_LOSS,3,445,2026-03,2026
APX.AX,2017-06-16,2017-10-04,3.2640959941148755,4.567449524564945,61272,79859.07751773666,39.93,PROFIT_TARGET,2,110,2017-10,2017
APX.AX,2017-10-05,2017-12-01,4.695470379352569,6.5703717018280505,42594,79859.54692952066,39.93000000000002,PROFIT_TARGET,2,57,2017-12,2017
APX.AX,2017-12-04,2018-05-07,6.535819949626922,9.14557285551295,38250,99823.0486501406,39.92999999999998,PROFIT_TARGET,3,154,2018-05,2018
APX.AX,2018-05-08,2018-05-16,9.237198383331299,8.493973401408462,27064,-20114.640910759634,-8.045999999999998,STOP_LOSS,3,8,2018-05,2018
APX.AX,2018-05-17,2018-08-23,8.65933582019806,12.117008613203144,34644,119787.61624086814,39.93,PROFIT_TARGET,4,98,2018-08,2018
APX.AX,2018-08-24,2018-10-09,11.859150412559508,10.904963170364972,16864,-16091.41365236865,-8.045999999999975,STOP_LOSS,2,46,2018-10,2018
APX.AX,2018-10-10,2018-10-11,10.843839124202727,9.971343828269376,18443,-16091.4307428988,-8.045999999999998,STOP_LOSS,2,1,2018-10,2018
APX.AX,2018-10-12,2018-10-24,10.203930974006653,9.382922687838079,19600,-16091.762408904053,-8.045999999999987,STOP_LOSS,2,12,2018-10,2018
APX.AX,2019-01-17,2019-02-25,12.841387959480285,17.968954171700762,15574,79856.71618912171,39.93,PROFIT_TARGET,2,39,2019-02,2019
APX.AX,2019-03-22,2019-09-16,20.295552632331848,18.662572467534428,9854,-16091.386543913777,-8.045999999999998,STOP_LOSS,2,178,2019-09,2019
APX.AX,2020-02-11,2020-02-24,23.22581379890442,21.35706482064457,10763,-20113.345253010746,-8.045999999999998,STOP_LOSS,3,13,2020-02,2020
APX.AX,2020-05-06,2020-08-24,25.165740491867066,35.21442067026958,7947,79856.8613777648,39.93,PROFIT_TARGET,2,110,2020-08,2020
APX.AX,2020-08-25,2020-08-27,37.19208299446106,34.199607996726726,6721,-20112.424459772457,-8.045999999999987,STOP_LOSS,3,2,2020-08,2020
APX.AX,2020-08-28,2020-09-09,30.131062946319577,27.706717621658704,8297,-20114.793158711265,-8.045999999999998,STOP_LOSS,3,12,2020-09,2020
APX.AX,2020-09-24,2020-12-04,28.289438630104062,26.01327039792589,7069,-16090.233233267498,-8.045999999999998,STOP_LOSS,2,71,2020-12,2020
APX.AX,2023-02-10,2023-02-13,2.9364514607191086,2.7001845761896495,85136,-20114.81748130003,-8.045999999999987,STOP_LOSS,3,3,2023-02,2023
APX.AX,2024-09-24,2024-09-25,2.0110049904584884,1.8491995289261987,99452,-16091.876760309275,-8.045999999999987,STOP_LOSS,2,1,2024-09,2024
APX.AX,2024-09-26,2024-11-12,1.8709350047707556,2.617999352175718,106898,79859.68460889568,39.93,PROFIT_TARGET,2,47,2024-11,2024
APX.AX,2024-11-13,2024-11-20,2.6813400667905807,2.4655994450166108,93236,-20114.792611717858,-8.045999999999998,STOP_LOSS,3,7,2024-11,2024
APX.AX,2024-11-21,2025-01-07,2.2011000477075577,3.0799992967571854,113579,99824.49780780767,39.93,PROFIT_TARGET,3,47,2025-01,2025
APX.AX,2025-01-08,2025-01-10,3.0315149713754654,2.7875992767785958,65973,-16091.850119639283,-8.045999999999987,STOP_LOSS,2,2,2025-01,2025
APX.AX,2025-01-13,2025-01-22,2.7413700095415114,2.5207993785738014,72956,-16091.950952880252,-8.045999999999998,STOP_LOSS,2,9,2025-01,2025
APX.AX,2025-01-23,2025-02-26,2.4312150667905805,2.23559950251661,82263,-16091.92316386962,-8.046000000000008,STOP_LOSS,2,34,2025-02,2025
APX.AX,2025-07-09,2026-01-12,1.1255625,1.03499974125,222111,-20114.984908721242,-8.045999999999998,STOP_LOSS,3,187,2026-01,2026
APX.AX,2026-01-30,2026-02-02,1.8509250238537787,1.7019995964345038,108054,-16091.988134362324,-8.045999999999987,STOP_LOSS,2,3,2026-02,2026
APX.AX,2026-02-03,2026-02-06,1.900949976146221,1.747999541065496,105210,-16091.91527484307,-8.045999999999998,STOP_LOSS,2,3,2026-02,2026
APX.AX,2026-03-03,2026-03-16,1.6908450572490692,1.5547996639428092,118284,-16091.993301837654,-8.045999999999998,STOP_LOSS,2,13,2026-03,2026
APX.AX,2026-03-17,2026-03-20,1.5357674666047096,1.4792600190639498,162785,-9198.564847922595,-3.6794273071617534,END_OF_PERIOD,3,3,2026-03,2026
REA.AX,2017-05-11,2018-05-11,57.812285556793206,80.89673117962073,4324,99817.1428731062,39.93,PROFIT_TARGET,3,365,2018-05,2018
REA.AX,2019-06-19,2020-03-16,88.48883290100098,81.36902140578646,2260,-16090.773979184816,-8.045999999999975,STOP_LOSS,2,271,2020-03,2020
REA.AX,2020-06-17,2021-01-04,101.17008948898315,141.56730622193413,2965,119777.74761319965,39.93,PROFIT_TARGET,4,201,2021-01,2021
REA.AX,2021-01-05,2021-01-15,145.4580533981323,133.7544984217186,1718,-20106.707449478734,-8.045999999999987,STOP_LOSS,3,10,2021-01,2021
REA.AX,2021-01-18,2022-02-24,136.1931693649292,125.235066957827,1835,-20108.117917032516,-8.045999999999987,STOP_LOSS,3,402,2022-02,2022
REA.AX,2022-09-13,2022-09-23,122.08417442321776,112.26128174912567,2457,-24134.847300244262,-8.045999999999987,STOP_LOSS,4,10,2022-09,2022
REA.AX,2023-06-29,2024-06-21,136.913942779541,191.5836801314117,1825,99772.27066716405,39.93,PROFIT_TARGET,3,358,2024-06,2024
REA.AX,2024-10-21,2025-11-12,223.88614860534668,205.8722690885605,893,-16086.394408490056,-8.045999999999998,STOP_LOSS,2,387,2025-11,2025
CAR.AX,2017-08-10,2018-11-05,10.090353591442108,9.278483741474677,19820,-16091.260426354487,-8.045999999999998,STOP_LOSS,2,452,2018-11,2018
CAR.AX,2019-07-02,2020-03-16,11.125316576957703,10.230173605175686,17977,-16091.985203725311,-8.045999999999998,STOP_LOSS,2,258,2020-03,2020
CAR.AX,2020-06-17,2021-08-17,14.907974401473998,20.860728579982567,16769,99821.73481941018,39.93,PROFIT_TARGET,3,426,2021-08,2021
CAR.AX,2021-08-18,2022-01-19,21.30794135570526,19.593504394225217,11732,-20113.77443208387,-8.045999999999987,STOP_LOSS,3,154,2022-01,2022
CAR.AX,2023-09-13,2024-11-12,27.727582906723022,38.799206761377526,7213,79859.62286362294,39.93,PROFIT_TARGET,2,426,2024-11,2024
SEK.AX,2017-05-11,2017-05-31,15.464691066741942,14.220402023511888,16165,-20113.93238381383,-8.045999999999987,STOP_LOSS,3,20,2017-05,2017
SEK.AX,2019-06-19,2019-08-06,19.168331817626953,17.62604783958069,13042,-20114.467641679374,-8.045999999999998,STOP_LOSS,3,48,2019-08,2019
SEK.AX,2020-06-17,2020-08-17,19.012652515411375,17.482894494021377,15778,-24136.522061491396,-8.045999999999998,STOP_LOSS,4,61,2020-08,2020
SEK.AX,2020-09-16,2021-02-03,18.99458280086517,26.579119713250634,13161,99820.09030390508,39.93,PROFIT_TARGET,3,140,2021-02,2021
SEK.AX,2021-02-04,2021-02-24,27.091223244667052,24.911463422401145,9228,-20114.823639869795,-8.045999999999987,STOP_LOSS,3,20,2021-02,2021
SEK.AX,2021-03-10,2022-06-02,23.99172619628906,22.061351906535645,8336,-16091.60007938448,-8.045999999999998,STOP_LOSS,2,449,2022-06,2022
SEK.AX,2023-04-05,2023-06-07,23.4200675239563,21.535688890978776,10674,-20113.857528402077,-8.045999999999998,STOP_LOSS,3,63,2023-06,2023
SEK.AX,2025-10-02,2025-11-10,27.781771059036252,25.5464497596262,8998,-20113.421052091657,-8.045999999999987,STOP_LOSS,3,39,2025-11,2025
NXT.AX,2017-05-03,2017-12-28,4.321857705831527,6.047575487770056,46276,79859.31607698735,39.93,PROFIT_TARGET,2,239,2017-12,2017
NXT.AX,2017-12-29,2018-01-19,5.947510385513305,5.468973699894906,42034,-20114.811043283804,-8.045999999999987,STOP_LOSS,3,21,2018-01,2018
NXT.AX,2018-01-22,2018-05-17,5.412234927892684,7.573340334600233,36953,79859.32809406404,39.93,PROFIT_TARGET,2,115,2018-05,2018
NXT.AX,2018-05-18,2018-07-11,7.553338666677474,6.945597037556605,33097,-20114.4246990134,-8.045999999999998,STOP_LOSS,3,54,2018-07,2018
NXT.AX,2018-07-24,2018-09-04,7.255963147401809,6.672148352561861,27563,-16091.687190173508,-8.045999999999987,STOP_LOSS,2,42,2018-09,2018
NXT.AX,2020-03-03,2020-03-12,7.989489746332168,7.346655401342282,25032,-16091.42932378683,-8.045999999999998,STOP_LOSS,2,9,2020-03,2020
NXT.AX,2020-04-29,2020-08-24,8.554503232955932,11.970316373875237,23379,79858.29542155242,39.93000000000002,PROFIT_TARGET,2,117,2020-08,2020
NXT.AX,2020-08-25,2020-09-09,11.756246164798736,10.81033859837903,21265,-20114.724399915045,-8.045999999999998,STOP_LOSS,3,15,2020-09,2020
NXT.AX,2020-09-10,2021-03-11,11.05245759487152,10.163176856788157,18095,-16091.534955618448,-8.045999999999998,STOP_LOSS,2,182,2021-03,2021
NXT.AX,2021-09-06,2021-09-28,13.917175256252287,12.797399335134228,17963,-20114.534871043692,-8.045999999999998,STOP_LOSS,3,22,2021-09,2021
NXT.AX,2023-04-12,2024-02-28,11.914846123695373,16.672444180886938,16785,79856.28338996042,39.93000000000002,PROFIT_TARGET,2,322,2024-02,2024
NXT.AX,2024-02-29,2024-04-15,17.658824618339537,16.23799558954794,11325,-16090.888751064846,-8.045999999999998,STOP_LOSS,2,46,2024-04,2024
NXT.AX,2024-04-23,2025-01-02,16.338164923667907,15.023596173909588,15301,-20114.216440052038,-8.045999999999998,STOP_LOSS,3,254,2025-01,2025
NXT.AX,2025-07-10,2025-12-18,13.596795152664184,12.502797014680825,22064,-24137.97491646483,-8.045999999999987,STOP_LOSS,4,161,2025-12,2025
WOW.AX,2019-08-30,2023-06-21,25.88396059799194,36.219426064770126,9658,99819.9254781437,39.93000000000002,PROFIT_TARGET,3,1391,2023-06,2023
WOW.AX,2026-03-02,2026-03-20,36.25080143165588,36.40178816986084,5517,832.9938346767833,0.4165059315712538,END_OF_PERIOD,2,18,2026-03,2026
COL.AX,2019-09-09,2022-07-15,11.62155627965927,16.262043702127215,21511,99821.52494470797,39.93,PROFIT_TARGET,3,1040,2022-07,2022
COL.AX,2025-05-09,2025-07-09,21.761044838905335,20.010151171167013,11488,-20114.266454977835,-8.045999999999987,STOP_LOSS,3,61,2025-07,2025
WES.AX,2018-08-15,2018-10-25,26.114382376670836,24.013219170643904,11487,-24136.061747631367,-8.045999999999987,STOP_LOSS,4,71,2018-10,2018
WES.AX,2019-07-19,2020-03-20,29.606295078277586,27.224172576279376,10132,-24135.665190245873,-8.045999999999987,STOP_LOSS,4,245,2020-03,2020
WES.AX,2020-06-23,2021-07-19,35.0664059715271,49.06842187595787,8555,119787.24606240525,39.93,PROFIT_TARGET,4,391,2021-07,2021
WES.AX,2024-02-20,2025-08-05,59.84492520904541,83.74100384501725,3341,79836.79872278191,39.93000000000002,PROFIT_TARGET,2,532,2025-08,2025
WES.AX,2025-09-10,2025-10-31,91.73911445617675,84.35778530703277,2725,-20114.121931417347,-8.045999999999998,STOP_LOSS,3,51,2025-10,2025
JBH.AX,2019-05-29,2019-06-21,19.651510145187377,18.0703496389056,10177,-16091.470472429635,-8.045999999999998,STOP_LOSS,2,23,2019-06,2019
JBH.AX,2019-07-09,2019-12-06,19.067186070442197,26.680713468369767,10489,79858.28887686228,39.93,PROFIT_TARGET,2,150,2019-12,2019
JBH.AX,2019-12-09,2020-03-09,26.85653450202942,24.695657735996136,9308,-20113.4409382378,-8.045999999999987,STOP_LOSS,3,91,2020-03,2020
JBH.AX,2020-06-10,2020-06-15,30.39917178726196,27.953254425258866,8223,-20112.77846775144,-8.045999999999987,STOP_LOSS,3,5,2020-06,2020
JBH.AX,2020-06-17,2022-02-16,30.26889198875427,42.35526055986385,8259,99821.31802879403,39.93,PROFIT_TARGET,3,609,2022-02,2022
JBH.AX,2024-01-11,2024-08-20,50.90755546760559,71.2349423658205,3928,79845.97573618816,39.93,PROFIT_TARGET,2,222,2024-08,2024
JBH.AX,2024-09-02,2025-06-04,76.28286571884155,106.74261400037499,2621,79835.00024589914,39.93,PROFIT_TARGET,2,275,2025-06,2025
JBH.AX,2025-09-10,2025-10-31,113.58784769439697,104.4485694689058,2200,-20106.41209608057,-8.045999999999987,STOP_LOSS,3,51,2025-10,2025
HVN.AX,2019-04-02,2020-03-09,2.627564107775688,2.4161502996640563,76116,-16091.973418224958,-8.045999999999998,STOP_LOSS,2,342,2020-03,2020
HVN.AX,2020-06-24,2021-01-08,2.5863373832702634,3.6190619004100797,77329,79859.55418590485,39.93,PROFIT_TARGET,2,198,2021-01,2021
HVN.AX,2021-01-11,2022-06-10,3.705967209935188,3.4077850882238034,67458,-20114.76956640659,-8.045999999999987,STOP_LOSS,3,515,2022-06,2022
HVN.AX,2023-12-19,2025-05-09,3.7491704585552212,5.246214222656321,53345,79859.79959597318,39.93,PROFIT_TARGET,2,507,2025-05,2025
HVN.AX,2025-08-29,2026-02-13,6.76329530954361,6.219120568937732,29571,-16091.791254456415,-8.045999999999987,STOP_LOSS,2,168,2026-02,2026
SUL.AX,2018-06-07,2018-10-25,5.321693616628647,4.893510148234706,37582,-16091.991109181065,-8.045999999999987,STOP_LOSS,2,140,2018-10,2018
SUL.AX,2019-04-04,2019-05-03,5.370825721979141,4.938689084388701,37238,-16091.904110592832,-8.045999999999987,STOP_LOSS,2,29,2019-05,2019
SUL.AX,2019-05-27,2019-06-25,5.989285031318664,5.507387157698765,33392,-16091.533795915671,-8.045999999999987,STOP_LOSS,2,29,2019-06,2019
SUL.AX,2019-07-02,2020-03-06,5.644250138998031,5.19011377281425,35434,-16091.867999356102,-8.045999999999998,STOP_LOSS,2,248,2020-03,2020
SUL.AX,2020-06-17,2020-06-29,5.8819439806938165,5.408682768007193,42502,-20114.548061606885,-8.045999999999987,STOP_LOSS,3,12,2020-06,2020
SUL.AX,2020-06-30,2020-09-03,5.4487517237663265,7.624438287066221,45882,99824.85089732576,39.93,PROFIT_TARGET,3,65,2020-09,2020
SUL.AX,2020-09-04,2020-11-30,7.404456260204315,6.808693709508277,27010,-16091.54649429998,-8.045999999999987,STOP_LOSS,2,87,2020-11,2020
SUL.AX,2020-12-10,2022-06-14,7.1011063234806056,6.529751308693357,42246,-24137.463954702096,-8.045999999999987,STOP_LOSS,4,551,2022-06,2022
SUL.AX,2022-12-13,2023-12-01,8.593396342277526,12.024739501748941,34910,119788.18969714711,39.93,PROFIT_TARGET,4,353,2023-12,2023
SUL.AX,2023-12-04,2024-05-22,12.425027883052826,11.425310139582397,20120,-20114.320998625026,-8.045999999999987,STOP_LOSS,3,170,2024-05,2024
SUL.AX,2024-08-21,2024-10-30,14.64540822458267,13.46703867883275,13656,-16091.814516760907,-8.045999999999987,STOP_LOSS,2,70,2024-10,2024
SUL.AX,2025-08-21,2025-09-29,17.550398697853087,16.138293618623827,11395,-16090.937377817418,-8.046000000000008,STOP_LOSS,2,39,2025-09,2025
SUL.AX,2025-10-02,2026-01-12,15.956534040927886,14.672671311994831,12534,-16091.935444446915,-8.045999999999987,STOP_LOSS,2,102,2026-01,2026
A2M.AX,2017-02-06,2017-04-27,2.241392419695854,3.1363804128804085,89230,79859.7786318578,39.93,PROFIT_TARGET,2,80,2017-04,2017
A2M.AX,2017-04-28,2017-08-04,3.02100690472126,4.227294961776459,66203,79859.88824122534,39.93,PROFIT_TARGET,2,98,2017-08,2017
A2M.AX,2017-08-07,2017-10-04,4.3463521971702574,6.081850629500341,57519,99824.13432919407,39.93,PROFIT_TARGET,3,58,2017-10,2017
A2M.AX,2017-10-05,2018-02-21,6.441566513299942,9.013684022060609,38810,99823.88051500148,39.93,PROFIT_TARGET,3,139,2018-02,2018
A2M.AX,2018-02-22,2018-05-16,11.791673797130585,10.84291572341346,16961,-16091.88568831615,-8.045999999999975,STOP_LOSS,2,83,2018-05,2018
A2M.AX,2018-05-17,2018-05-22,10.476073011875153,9.63316817733968,23863,-20114.23806651998,-8.045999999999975,STOP_LOSS,3,5,2018-05,2018
A2M.AX,2018-05-23,2018-10-11,9.063020952701567,8.3338102868472,22067,-16091.491763408323,-8.045999999999987,STOP_LOSS,2,141,2018-10,2018
A2M.AX,2019-01-17,2019-07-23,11.53829800415039,16.14554039720764,17333,79857.33239886131,39.93,PROFIT_TARGET,2,187,2019-07,2019
A2M.AX,2019-07-24,2019-08-15,15.913886346817016,14.63345505135212,12567,-16091.18009010734,-8.045999999999987,STOP_LOSS,2,22,2019-08,2019
A2M.AX,2020-02-10,2020-11-02,14.335165022850036,13.181757645111523,17439,-20114.271260381942,-8.045999999999998,STOP_LOSS,3,266,2020-11,2020
A2M.AX,2022-09-12,2022-11-01,5.5547545773983,5.1078190241008326,36005,-16091.914596475308,-8.045999999999998,STOP_LOSS,2,50,2022-11,2022
A2M.AX,2022-11-03,2023-06-15,5.350105852603912,4.919636335703402,56073,-24137.71722116232,-8.045999999999998,STOP_LOSS,4,224,2023-06,2023
A2M.AX,2024-02-02,2024-05-24,4.892082288980483,6.84549074697039,40882,79859.24457954337,39.93,PROFIT_TARGET,2,112,2024-05,2024
A2M.AX,2024-05-27,2024-06-19,7.094494055986404,6.523671064241738,35238,-20114.660583098528,-8.045999999999998,STOP_LOSS,3,23,2024-06,2024
A2M.AX,2024-06-20,2024-08-19,6.422076544761658,5.905356265970135,38928,-20114.887012796393,-8.045999999999998,STOP_LOSS,3,60,2024-08,2024
A2M.AX,2025-02-17,2026-03-02,6.938571445226669,9.709143023305678,28824,79858.95516654935,39.93,PROFIT_TARGET,2,378,2026-03,2026
BAP.AX,2018-09-11,2018-10-23,6.400350045919418,5.885377881224742,31248,-16091.850202379232,-8.045999999999998,STOP_LOSS,2,42,2018-10,2018
BAP.AX,2019-09-16,2019-12-04,6.270159460544586,5.7656624303491695,31897,-16091.941772143204,-8.045999999999987,STOP_LOSS,2,79,2019-12,2019
BAP.AX,2020-06-19,2020-10-14,5.268375173091888,7.3720373797074785,56943,119788.83703131156,39.93,PROFIT_TARGET,4,117,2020-10,2020
BAP.AX,2020-10-15,2020-10-30,7.532639311552047,6.92656315254457,33188,-20114.455565140153,-8.045999999999998,STOP_LOSS,3,15,2020-10,2020
BAP.AX,2020-11-02,2020-12-07,6.753400285005569,6.210021698074022,29614,-16091.613473390848,-8.045999999999987,STOP_LOSS,2,35,2020-12,2020
BAP.AX,2020-12-11,2022-03-07,6.305561807870864,5.798216304809575,39647,-20114.72715987094,-8.045999999999998,STOP_LOSS,3,451,2022-03,2022
SHV.AX,2018-03-07,2019-07-04,4.93370617890358,6.903735056139779,40537,79859.0605965238,39.93,PROFIT_TARGET,2,484,2019-07,2019
SHV.AX,2019-08-23,2019-09-06,7.56731316447258,6.9584471472591165,26429,-16091.719968934625,-8.045999999999998,STOP_LOSS,2,14,2019-09,2019
SHV.AX,2019-09-11,2020-02-26,7.053483208179474,6.485959949249354,35443,-20114.72686626023,-8.045999999999987,STOP_LOSS,3,168,2020-02,2020
SHV.AX,2021-07-22,2021-11-11,6.930093812227248,6.372498464095445,28859,-16091.644151735716,-8.045999999999987,STOP_LOSS,2,112,2021-11,2021
SHV.AX,2024-03-20,2024-04-23,4.122059885501861,3.7903989471143817,48519,-16091.857069622121,-8.045999999999998,STOP_LOSS,2,34,2024-04,2024
SHV.AX,2024-06-27,2024-07-04,3.981990019083023,3.661599102147603,50226,-16091.954193998394,-8.045999999999998,STOP_LOSS,2,7,2024-07,2024
SHV.AX,2024-07-11,2024-09-24,3.9519750477075575,3.6339991353690078,63259,-20114.838238624317,-8.045999999999987,STOP_LOSS,3,75,2024-09,2024
SHV.AX,2025-01-10,2025-06-20,4.612305133581161,4.241199062533221,54202,-20114.69126294045,-8.045999999999998,STOP_LOSS,3,161,2025-06,2025
SHV.AX,2025-12-29,2026-01-28,5.1525750954151155,4.737998903238016,38815,-16091.774899354114,-8.045999999999987,STOP_LOSS,2,30,2026-01,2026
SHV.AX,2026-01-29,2026-02-06,4.6423198664188385,4.268798809966779,43081,-16091.660633011164,-8.045999999999987,STOP_LOSS,2,8,2026-02,2026
CCL.AX,2025-09-18,2026-03-20,3.8595375995635983,3.738130009531975,51819,-6291.21990784868,-3.1456511796996267,END_OF_PERIOD,2,183,2026-03,2026
QAN.AX,2017-04-26,2017-06-26,3.4262876164913174,4.7944042617563,87558,119789.55722611137,39.93,PROFIT_TARGET,4,61,2017-06,2017
QAN.AX,2017-06-27,2017-12-27,4.81047326374054,4.423422584939977,51969,-20114.636726586446,-8.045999999999975,STOP_LOSS,3,183,2017-12,2017
QAN.AX,2018-07-06,2018-09-25,5.717407770395279,5.257385141189275,52471,-24137.847377068243,-8.045999999999998,STOP_LOSS,4,81,2018-09,2018
QAN.AX,2019-11-12,2020-01-28,6.444126023769378,5.925631643896895,38795,-20114.989467152987,-8.045999999999987,STOP_LOSS,3,77,2020-01,2020
QAN.AX,2020-06-16,2020-06-26,4.197038991451263,3.859345234199095,59565,-20114.728650725407,-8.045999999999998,STOP_LOSS,3,10,2020-06,2020
QAN.AX,2020-09-16,2020-11-25,3.751335427522659,5.249243663732456,66642,99823.6006774933,39.92999999999998,PROFIT_TARGET,3,70,2020-11,2020
QAN.AX,2020-11-26,2020-12-14,5.134872729063034,4.721720869282622,38949,-16091.851786587242,-8.045999999999998,STOP_LOSS,2,18,2020-12,2020
QAN.AX,2020-12-29,2021-01-28,4.605600313425064,4.235033712206883,54281,-20114.725680724045,-8.045999999999998,STOP_LOSS,3,30,2021-01,2021
QAN.AX,2021-02-02,2021-08-20,4.336321206092834,3.987420801850605,57652,-20114.806105372987,-8.045999999999987,STOP_LOSS,3,199,2021-08,2021
QAN.AX,2021-11-18,2021-11-26,5.153443850040436,4.738797757866183,48511,-20114.896577465162,-8.045999999999987,STOP_LOSS,3,8,2021-11,2021
QAN.AX,2022-10-14,2023-09-20,5.385581192493438,4.952257329745416,37136,-16091.914967010547,-8.045999999999998,STOP_LOSS,2,341,2023-09,2023
QAN.AX,2024-09-02,2025-03-03,6.379127338886261,8.926312885303545,31352,79859.3612512747,39.93,PROFIT_TARGET,2,182,2025-03,2025
QAN.AX,2025-03-04,2025-03-11,9.471193458080291,8.709141232443152,21116,-16091.494796553845,-8.045999999999998,STOP_LOSS,2,7,2025-03,2025
QAN.AX,2025-03-12,2025-04-07,8.49431633234024,7.810863640240146,23545,-16091.893635496725,-8.045999999999987,STOP_LOSS,2,26,2025-04,2025
QAN.AX,2025-07-10,2025-11-07,10.317255506515503,9.487129128461266,24231,-20114.79226663221,-8.045999999999998,STOP_LOSS,3,120,2025-11,2025
ALL.AX,2017-05-01,2018-05-02,17.63193091392517,24.672360927855493,14178,99819.21673750412,39.93,PROFIT_TARGET,3,366,2018-05,2018
ALL.AX,2018-05-25,2018-09-20,28.004000495910642,25.750798616009675,7141,-16090.114624372805,-8.045999999999987,STOP_LOSS,2,118,2018-09,2018
ALL.AX,2019-06-11,2019-08-15,27.975553433418273,25.72464040416544,7149,-16091.777246128495,-8.045999999999987,STOP_LOSS,2,65,2019-08,2019
ALL.AX,2019-09-13,2020-03-12,28.21387558364868,25.94378715418831,7088,-16090.386788015096,-8.045999999999987,STOP_LOSS,2,181,2020-03,2020
ALL.AX,2020-06-19,2020-07-10,24.884905182838438,22.88266571182726,12055,-24136.996823039728,-8.045999999999987,STOP_LOSS,4,21,2020-07,2020
ALL.AX,2020-09-16,2021-05-25,27.051223320007324,37.852776791686246,9241,99817.15563178492,39.93,PROFIT_TARGET,3,251,2021-05,2021
ALL.AX,2021-05-28,2022-02-24,39.06182996177673,35.91891512305218,5120,-16091.723974269698,-8.045999999999987,STOP_LOSS,2,272,2022-02,2022
ALL.AX,2024-07-11,2025-01-30,50.915726818084714,71.24637653654594,4910,99823.49011764461,39.93,PROFIT_TARGET,3,203,2025-01,2025
ALL.AX,2025-01-31,2025-03-10,74.44068990325927,68.45119199364304,3358,-20112.73398049131,-8.045999999999987,STOP_LOSS,3,38,2025-03,2025
APA.AX,2017-05-22,2017-08-11,5.729678631305695,5.268668688630839,52358,-24137.55857857007,-8.045999999999987,STOP_LOSS,4,81,2017-08,2017
APA.AX,2018-08-16,2018-11-08,6.565859013319015,6.037569997107368,45690,-24137.525150710157,-8.045999999999987,STOP_LOSS,4,84,2018-11,2018
APA.AX,2019-06-13,2020-03-12,7.522624541044235,6.917354170471817,26586,-16091.718072038306,-8.045999999999987,STOP_LOSS,2,273,2020-03,2020
APA.AX,2020-06-17,2020-08-28,8.098435202121735,7.44683510575902,37044,-24137.87396966039,-8.045999999999998,STOP_LOSS,4,72,2020-08,2020
APA.AX,2022-04-19,2022-09-23,8.667534841060638,7.9701449877489,28843,-20114.81553907046,-8.045999999999987,STOP_LOSS,3,157,2022-09,2022
APA.AX,2025-08-01,2026-03-20,8.206101618289948,9.465265266895294,36558,46032.50466571425,15.34423660802462,END_OF_PERIOD,4,231,2026-03,2026
AGL.AX,2017-02-14,2018-02-09,14.994852726459502,13.788366876088572,13337,-16090.901786397093,-8.045999999999987,STOP_LOSS,2,360,2018-02,2018
AGL.AX,2019-05-10,2019-05-28,15.651560616016386,14.392236048851709,19167,-24137.47397884537,-8.045999999999998,STOP_LOSS,4,18,2019-05,2019
AGL.AX,2022-02-04,2022-09-26,6.02601030921936,5.541157519739571,33189,-16091.779230044722,-8.045999999999987,STOP_LOSS,2,234,2022-09,2022
AGL.AX,2023-04-24,2023-07-21,7.313254199266433,10.233436601033521,27347,79858.22814112455,39.93000000000002,PROFIT_TARGET,2,88,2023-07,2023
AGL.AX,2023-07-24,2023-08-14,10.346203498363494,9.513747964885168,19330,-16091.36546213604,-8.045999999999998,STOP_LOSS,2,21,2023-08,2023
AGL.AX,2023-08-15,2023-11-23,9.423503075122833,8.665288017698451,26529,-20114.687258411417,-8.045999999999987,STOP_LOSS,3,100,2023-11,2023
AGL.AX,2024-05-08,2025-08-15,9.113518448352814,8.380244753998346,27431,-20114.430709837405,-8.046000000000008,STOP_LOSS,3,464,2025-08,2025
TLS.AX,2019-06-04,2020-03-12,2.689813644647598,2.4733912387992523,92943,-20114.947666762797,-8.045999999999998,STOP_LOSS,3,282,2020-03,2020
TLS.AX,2021-05-04,2025-02-28,2.830456955909729,3.9606584184044835,105989,119788.92280835654,39.93,PROFIT_TARGET,4,1396,2025-02,2025
TLS.AX,2025-08-13,2026-03-20,4.789693759918213,5.287354961872101,62634,31170.511723179832,10.39025096173134,END_OF_PERIOD,4,219,2026-03,2026
TCL.AX,2017-06-14,2017-07-07,8.675394184112548,7.977371968058853,28817,-20114.906200019326,-8.045999999999987,STOP_LOSS,3,23,2017-07,2017
TCL.AX,2019-06-11,2020-03-12,11.166353663921356,10.267908848122245,22388,-20114.382536110505,-8.045999999999987,STOP_LOSS,3,275,2020-03,2020
TCL.AX,2020-06-17,2020-08-17,11.683931048870086,10.743841956677999,25676,-24137.727531124034,-8.045999999999998,STOP_LOSS,4,61,2020-08,2020
TCL.AX,2020-09-16,2020-11-02,11.614278014659881,10.679793205600348,21525,-20114.785515006457,-8.045999999999998,STOP_LOSS,3,47,2020-11,2020
AZJ.AX,2019-06-11,2020-03-06,3.681980088472366,3.38572797055388,67898,-20114.926302429365,-8.045999999999987,STOP_LOSS,3,269,2020-03,2020
AZJ.AX,2026-03-13,2026-03-20,4.002,3.8780601143836977,49975,-6193.895783674697,-3.096948666074517,END_OF_PERIOD,2,7,2026-03,2026
SCG.AX,2020-06-22,2020-08-03,1.64922760784626,1.51653075451895,121268,-16091.882009296238,-8.045999999999998,STOP_LOSS,2,42,2020-08,2020
SCG.AX,2020-09-21,2021-09-15,1.6567581265568732,2.3183016464910327,120717,79859.54909589193,39.93,PROFIT_TARGET,2,359,2021-09,2021
SCG.AX,2024-03-15,2024-06-17,3.0396083199977872,2.795041434570766,82247,-20114.892625716224,-8.045999999999975,STOP_LOSS,3,94,2024-06,2024
SCG.AX,2025-09-15,2026-02-12,4.107125988721847,3.776666631669288,60869,-20114.730604432236,-8.045999999999987,STOP_LOSS,3,150,2026-02,2026
GMG.AX,2017-05-19,2019-01-10,7.155712393999099,10.01298835292294,34937,99824.65017692224,39.93000000000002,PROFIT_TARGET,3,601,2019-01,2019
GMG.AX,2019-02-15,2020-03-18,11.638052598953246,10.70165488684147,17185,-16091.994682640889,-8.045999999999987,STOP_LOSS,2,397,2020-03,2020
GMG.AX,2020-06-19,2021-06-22,14.11266079044342,19.747846244067475,21257,119787.13718768655,39.93,PROFIT_TARGET,4,368,2021-06,2021
GMG.AX,2021-08-09,2021-09-28,22.40711012649536,20.604234045717543,11157,-20114.688433238112,-8.046000000000008,STOP_LOSS,3,50,2021-09,2021
GMG.AX,2021-11-17,2022-02-24,22.824514998435973,20.98805452166182,10953,-20114.7516021073,-8.045999999999975,STOP_LOSS,3,99,2022-02,2022
GMG.AX,2024-02-02,2024-10-03,26.523392626762387,37.114183302628604,9425,99818.20212003909,39.92999999999998,PROFIT_TARGET,3,244,2024-10,2024
GMG.AX,2025-07-10,2025-11-05,34.19262487792969,31.441486280251468,8773,-24135.73891743103,-8.045999999999998,STOP_LOSS,4,118,2025-11,2025
VCX.AX,2020-07-02,2020-07-07,1.1040616579055786,1.015228856910496,181149,-16091.97306745824,-8.045999999999987,STOP_LOSS,2,5,2020-07,2020
VCX.AX,2020-09-21,2022-02-16,1.0343700998425482,1.447394080709678,290031,119789.75819487448,39.93000000000002,PROFIT_TARGET,4,513,2022-02,2022
VCX.AX,2022-08-01,2022-09-15,1.681493421792984,1.5462004610755204,118941,-16091.880040695833,-8.046000000000008,STOP_LOSS,2,45,2022-09,2022
VCX.AX,2024-09-19,2024-10-25,2.2192406079769134,2.040680508659091,90120,-16091.83615052216,-8.045999999999998,STOP_LOSS,2,36,2024-10,2024
DXS.AX,2019-04-18,2020-03-16,8.623890058994293,7.9300118648476134,34787,-24137.94073978055,-8.045999999999987,STOP_LOSS,4,333,2020-03,2020
CHC.AX,2017-05-19,2018-12-11,4.177943564414978,5.846196429685878,59838,99824.91495208011,39.92999999999998,PROFIT_TARGET,3,571,2018-12,2018
CHC.AX,2019-02-07,2019-08-09,6.936138836860656,9.705739074419116,36043,99824.70136231957,39.93,PROFIT_TARGET,3,183,2019-08,2019
CHC.AX,2019-08-12,2019-11-08,9.716506673812866,8.934716546837883,25729,-20114.678176939324,-8.045999999999998,STOP_LOSS,3,88,2019-11,2019
CHC.AX,2020-02-19,2020-02-28,11.681780392169951,10.741864341815958,21400,-20114.203477575455,-8.045999999999987,STOP_LOSS,3,9,2020-02,2020
CHC.AX,2020-06-19,2020-11-12,8.409550498008727,11.767484011863612,29728,99824.64749987802,39.93,PROFIT_TARGET,3,146,2020-11,2020
CHC.AX,2020-11-13,2021-02-17,11.994568315029143,11.029485348401899,16674,-16091.793385542678,-8.045999999999998,STOP_LOSS,2,96,2021-02,2021
CHC.AX,2021-06-15,2021-12-14,13.207825893402099,18.48171077263756,15142,79857.16484138333,39.93000000000002,PROFIT_TARGET,2,182,2021-12,2021
CHC.AX,2021-12-15,2021-12-23,18.87748364639282,17.358601312204055,13243,-20114.55875166184,-8.045999999999998,STOP_LOSS,3,8,2021-12,2021
CHC.AX,2021-12-24,2022-01-17,17.468845490455628,16.063302182293572,11448,-16090.659791839213,-8.045999999999975,STOP_LOSS,2,24,2022-01,2022
CHC.AX,2024-01-23,2024-09-12,10.921161625385285,15.281981462401628,22891,99823.52688914113,39.93,PROFIT_TARGET,3,233,2024-09,2024
CHC.AX,2024-09-18,2024-11-07,15.454140063285827,14.210699953793851,12941,-16091.358456935663,-8.045999999999987,STOP_LOSS,2,50,2024-11,2024
CHC.AX,2024-11-12,2025-08-07,14.81864295387268,20.73572708535404,16870,99821.20929809054,39.93,PROFIT_TARGET,3,268,2025-08,2025
CHC.AX,2025-08-08,2026-03-12,21.56307755756378,19.828112337282203,9275,-16091.802418111625,-8.045999999999975,STOP_LOSS,2,216,2026-03,2026
MGR.AX,2019-04-18,2020-03-16,2.0854588361978528,1.9176628182373738,143853,-24137.960571668777,-8.045999999999987,STOP_LOSS,4,333,2020-03,2020
MGR.AX,2020-06-22,2020-07-09,1.8190469530820845,1.6726864352371,137434,-20114.9114095076,-8.045999999999998,STOP_LOSS,3,17,2020-07,2020
MGR.AX,2020-11-17,2021-01-28,2.1416194574832916,1.9693047559341863,93387,-16091.9530335663,-8.045999999999987,STOP_LOSS,2,72,2021-01,2021
MGR.AX,2021-05-05,2022-03-04,2.2116004811525345,2.033655106439002,90432,-16091.956126094166,-8.045999999999975,STOP_LOSS,2,303,2022-03,2022
GPT.AX,2020-06-22,2020-07-30,3.1478426946401594,2.8945672714294126,63535,-16091.854013694798,-8.045999999999987,STOP_LOSS,2,38,2020-07,2020
GPT.AX,2020-09-23,2021-10-22,2.953511206269264,4.132848230932581,101574,119789.97894315171,39.92999999999998,PROFIT_TARGET,4,394,2021-10,2021
GPT.AX,2024-01-30,2024-04-16,4.08703013420105,3.7581876896032336,73402,-24137.693118368905,-8.045999999999998,STOP_LOSS,4,77,2024-04,2024
GPT.AX,2024-09-13,2024-11-06,4.707921574831008,4.329122204920106,63722,-24137.853449462542,-8.045999999999998,STOP_LOSS,4,54,2024-11,2024
GPT.AX,2025-09-16,2026-03-03,5.335040282964706,4.905782941797367,46860,-20114.999007101527,-8.045999999999987,STOP_LOSS,3,168,2026-03,2026
BWP.AX,2020-06-19,2026-03-20,2.9602074390649795,3.638180104851723,84453,57256.82554368785,22.902876901116432,END_OF_PERIOD,3,2100,2026-03,2026
STO.AX,2017-09-14,2018-01-05,2.9624542264938354,4.145362199132824,67511,79859.30014083079,39.93000000000002,PROFIT_TARGET,2,113,2018-01,2018
STO.AX,2018-01-08,2018-01-19,4.2030759057998655,3.8648964184192085,59480,-20114.915909401476,-8.045999999999998,STOP_LOSS,3,11,2018-01,2018
STO.AX,2018-01-22,2018-09-24,3.8496867045164107,5.386866605629814,77928,119789.35533396532,39.93000000000002,PROFIT_TARGET,4,245,2018-09,2018
STO.AX,2018-09-25,2018-10-25,5.550264342069625,5.103690073106704,36034,-16091.857207809906,-8.045999999999987,STOP_LOSS,2,30,2018-10,2018
STO.AX,2019-03-06,2020-03-09,5.450323210716247,5.0117902051820185,45868,-20114.631897844003,-8.045999999999987,STOP_LOSS,3,369,2020-03,2020
STO.AX,2020-06-17,2020-06-29,4.336020171403884,3.987143988412728,57656,-20114.8052065381,-8.045999999999987,STOP_LOSS,3,12,2020-06,2020
STO.AX,2020-06-30,2020-10-02,4.1556794013977045,3.8213134367612454,60158,-20114.78770060011,-8.045999999999998,STOP_LOSS,3,94,2020-10,2020
STO.AX,2020-10-21,2020-10-29,4.0824568877220155,3.7539824065359024,61237,-20114.791804394008,-8.045999999999998,STOP_LOSS,3,8,2020-10,2020
STO.AX,2021-01-04,2022-06-08,5.067606026887893,7.091101113424229,49332,99823.05960901052,39.93,PROFIT_TARGET,3,520,2022-06,2022
STO.AX,2022-06-09,2022-06-17,7.098673238039017,6.5275139893063985,35217,-20114.515262616616,-8.045999999999987,STOP_LOSS,3,8,2022-06,2022
STO.AX,2025-07-10,2025-09-18,7.3794503438472745,6.785699769181323,27102,-16091.828074596611,-8.045999999999998,STOP_LOSS,2,70,2025-09,2025
WDS.AX,2018-08-23,2018-11-14,22.236553699493406,20.44740058883217,13491,-24137.464615930727,-8.045999999999987,STOP_LOSS,4,83,2018-11,2018
WDS.AX,2020-06-22,2020-07-20,14.800127650737762,13.609309379959404,16891,-20114.111411717247,-8.045999999999987,STOP_LOSS,3,28,2020-07,2020
WDS.AX,2021-01-04,2021-08-17,15.75340766429901,14.485888483629513,15869,-20114.26187804425,-8.045999999999998,STOP_LOSS,3,225,2021-08,2021
WDS.AX,2022-03-28,2022-05-12,24.495142069816588,22.524262938879147,8164,-16090.257224973264,-8.045999999999987,STOP_LOSS,2,45,2022-05,2022
WDS.AX,2022-05-13,2023-08-08,22.45634241771698,31.42315994511137,11132,99818.61271495435,39.93,PROFIT_TARGET,3,452,2023-08,2023
WDS.AX,2025-07-25,2025-09-18,24.73088801193237,22.741040762492297,10108,-20113.375997340278,-8.045999999999987,STOP_LOSS,3,55,2025-09,2025
WDS.AX,2025-11-03,2025-12-18,24.450169109344483,22.482908502806627,10224,-20113.27244124304,-8.045999999999998,STOP_LOSS,3,45,2025-12,2025
ORG.AX,2017-01-25,2017-02-24,5.113578937768936,4.702140376436048,48889,-20114.819825003568,-8.045999999999987,STOP_LOSS,3,30,2017-02,2017
ORG.AX,2017-03-16,2018-01-03,4.803237458467483,6.7211701756335485,52048,99824.56206305938,39.93,PROFIT_TARGET,3,293,2018-01,2018
ORG.AX,2018-01-04,2018-02-08,6.72171197104454,6.180883025854296,37192,-20114.510129515544,-8.045999999999998,STOP_LOSS,3,35,2018-02,2018
ORG.AX,2018-02-16,2018-08-22,6.312624911785125,5.804711111382894,39603,-20114.910237329554,-8.045999999999998,STOP_LOSS,3,187,2018-08,2018
ORG.AX,2020-06-19,2020-07-20,4.5692638521194455,4.201620882577916,54713,-20114.849792525718,-8.045999999999987,STOP_LOSS,3,31,2020-07,2020
ORG.AX,2021-10-21,2022-05-05,4.119271855831146,5.764097107864523,48552,79859.55563672453,39.93000000000002,PROFIT_TARGET,2,196,2022-05,2022
ORG.AX,2022-05-06,2022-06-01,5.699525546550751,5.240941721075278,43863,-20114.862336830665,-8.045999999999987,STOP_LOSS,3,26,2022-06,2022
ORG.AX,2022-06-08,2022-06-16,5.13038535618782,4.717594550428949,38983,-16091.823980898083,-8.045999999999987,STOP_LOSS,2,8,2022-06,2022
ORG.AX,2022-11-10,2022-12-12,6.542329645872115,6.015933802565246,30570,-16091.920929891005,-8.045999999999987,STOP_LOSS,2,32,2022-12,2022
ORG.AX,2022-12-14,2023-02-16,6.25824306678772,5.7547048296339804,47936,-24137.60893620164,-8.045999999999987,STOP_LOSS,4,64,2023-02,2023
ORG.AX,2023-02-22,2024-05-23,6.600817680358887,9.23652418012619,37874,99824.74797218687,39.93,PROFIT_TARGET,3,456,2024-05,2024
ORG.AX,2024-06-12,2026-03-20,8.999800805568695,12.003995228767396,27778,83450.51268761352,33.38067684053443,END_OF_PERIOD,3,646,2026-03,2026
BPT.AX,2017-12-28,2018-05-14,1.0030248032212257,1.403532607147461,249246,99824.96809739845,39.93,PROFIT_TARGET,3,137,2018-05,2018
BPT.AX,2018-05-15,2018-05-28,1.4377533627748489,1.3220717272059845,139105,-16091.893915806875,-8.045999999999998,STOP_LOSS,2,13,2018-05,2018
BPT.AX,2018-05-29,2018-12-18,1.3134519175887107,1.2077715762995231,190338,-20114.984800301383,-8.045999999999998,STOP_LOSS,3,203,2018-12,2018
BPT.AX,2019-02-25,2019-05-31,1.6912570120096206,1.5551784728233267,118255,-16091.967651475194,-8.045999999999998,STOP_LOSS,2,95,2019-05,2019
BPT.AX,2019-06-21,2020-01-15,1.6409815950393676,2.296225545938587,121878,79859.82224769506,39.93,PROFIT_TARGET,2,208,2020-01,2020
BPT.AX,2020-01-16,2020-02-03,2.312451872706413,2.1263919950284556,108110,-20114.933375763998,-8.045999999999987,STOP_LOSS,3,18,2020-02,2020
BPT.AX,2020-06-10,2020-06-12,1.4793053335547446,1.36028042641693,168998,-20114.9712564764,-8.045999999999998,STOP_LOSS,3,2,2020-06,2020
BPT.AX,2020-06-17,2020-06-25,1.3736408457756042,1.2631177033244991,181998,-20114.990879816218,-8.045999999999998,STOP_LOSS,3,8,2020-06,2020
BPT.AX,2020-06-26,2020-09-09,1.2848824852108955,1.181500840450827,194570,-20114.966620966552,-8.045999999999998,STOP_LOSS,3,75,2020-09,2020
BPT.AX,2020-09-21,2020-10-02,1.1784923654794692,1.083670869752991,169708,-16091.96639674915,-8.046000000000008,STOP_LOSS,2,11,2020-10,2020
BPT.AX,2020-12-09,2021-01-28,1.5911772902011871,1.4631511654315996,125693,-16091.987700663765,-8.045999999999998,STOP_LOSS,2,50,2021-01,2021
BPT.AX,2021-02-01,2021-04-30,1.3954711085557936,1.2831915031613945,143320,-16091.913045125275,-8.045999999999998,STOP_LOSS,2,88,2021-04,2021
BPT.AX,2022-02-17,2023-03-16,1.2789830878973008,1.176076108645084,156374,-16091.975973586152,-8.045999999999998,STOP_LOSS,2,392,2023-03,2023
BPT.AX,2023-09-28,2023-10-04,1.482315918982029,1.3630487801407352,168655,-20114.999301278407,-8.045999999999987,STOP_LOSS,3,6,2023-10,2023
BPT.AX,2025-03-13,2025-04-04,1.3028792071938513,1.1980495461830343,191882,-20114.925014077595,-8.045999999999987,STOP_LOSS,3,22,2025-04,2025
