date,equity,cash,positions_value,open_positions
2020-01-01,1999700.0,1699700.0,300000.0,1
2020-01-02,1998800.0,798800.0,1200000.0,4
2020-01-03,1998200.0,198200.0,1800000.0,6
2020-01-06,1998200.0,198200.0,1800000.0,6
2020-01-07,1991203.62308,491203.62308,1500000.0,5
2020-01-08,1978363.9150399999,478363.91504,1500000.0,5
2020-01-09,1970088.7379,470088.7379,1500000.0,5
2020-01-10,1970088.7379,470088.7379,1500000.0,5
2020-01-13,1983936.5350107918,483936.5350107919,1500000.0,5
2020-01-14,1983636.5350107918,183636.5350107919,1800000.0,6
2020-01-15,1997250.2584791258,497250.2584791259,1500000.0,5
2020-01-16,1996950.2584791258,196950.2584791259,1800000.0,6
2020-01-17,1996950.2584791258,196950.2584791259,1800000.0,6
2020-01-20,1996950.2584791258,196950.2584791259,1800000.0,6
2020-01-21,1989365.6303991259,489365.6303991259,1500000.0,5
2020-01-22,1979661.493649126,479661.4936491259,1500000.0,5
2020-01-23,1979361.493649126,179361.4936491259,1800000.0,6
2020-01-24,1972715.316179126,472715.3161791259,1500000.0,5
2020-01-27,1953105.1853391258,1053105.1853391258,900000.0,3
2020-01-28,1953105.1853391258,1053105.1853391258,900000.0,3
2020-01-29,1965796.947586105,465796.94758610503,1500000.0,5
2020-01-30,1965496.947586105,165496.94758610503,1800000.0,6
2020-01-31,1958138.2833161051,458138.283316105,1500000.0,5
2020-02-03,1944914.5297061051,444914.529706105,1500000.0,5
2020-02-04,1988794.6091967982,788794.6091967982,1200000.0,4
2020-02-05,1988194.6091967982,188194.60919679818,1800000.0,6
2020-02-06,1988194.6091967982,188194.60919679818,1800000.0,6
2020-02-07,1977580.9331967982,477580.9331967982,1500000.0,5
2020-02-10,1977280.9331967982,177280.9331967982,1800000.0,6
2020-02-11,2005291.1385966754,505291.13859667536,1500000.0,5
2020-02-12,2017802.1112834155,517802.1112834154,1500000.0,5
2020-02-13,2017502.1112834155,217502.1112834154,1800000.0,6
2020-02-14,2017502.1112834155,217502.1112834154,1800000.0,6
2020-02-17,2017502.1112834155,217502.1112834154,1800000.0,6
2020-02-18,2017502.1112834155,217502.1112834154,1800000.0,6
2020-02-19,2017502.1112834155,217502.1112834154,1800000.0,6
2020-02-20,2017502.1112834155,217502.1112834154,1800000.0,6
2020-02-21,2017502.1112834155,217502.1112834154,1800000.0,6
2020-02-24,1994302.1538634154,794302.1538634154,1200000.0,4
2020-02-25,1947900.6843781935,1647900.6843781935,300000.0,1
2020-02-26,1947300.6843781935,1047300.6843781935,900000.0,3
2020-02-27,1916755.6194181934,1616755.6194181934,300000.0,1
2020-02-28,1916755.6194181934,1616755.6194181934,300000.0,1
2020-03-02,1916455.6194181934,1316455.6194181934,600000.0,2
2020-03-03,1901164.6254181934,1601164.6254181934,300000.0,1
2020-03-04,1934958.3210565236,1934958.3210565236,0.0,0
2020-03-05,1934958.3210565236,1934958.3210565236,0.0,0
2020-03-06,1934958.3210565236,1934958.3210565236,0.0,0
2020-03-09,1934958.3210565236,1934958.3210565236,0.0,0
2020-03-10,1934958.3210565236,1934958.3210565236,0.0,0
2020-03-11,1934958.3210565236,1934958.3210565236,0.0,0
2020-03-12,1934958.3210565236,1934958.3210565236,0.0,0
2020-03-13,1934958.3210565236,1934958.3210565236,0.0,0
2020-03-16,1934958.3210565236,1934958.3210565236,0.0,0
2020-03-17,1934958.3210565236,1934958.3210565236,0.0,0
2020-03-18,1934958.3210565236,1934958.3210565236,0.0,0
2020-03-19,1934958.3210565236,1934958.3210565236,0.0,0
2020-03-20,1934958.3210565236,1934958.3210565236,0.0,0
2020-03-23,1934958.3210565236,1934958.3210565236,0.0,0
2020-03-24,1934958.3210565236,1934958.3210565236,0.0,0
2020-03-25,1934958.3210565236,1934958.3210565236,0.0,0
2020-03-26,1934958.3210565236,1934958.3210565236,0.0,0
2020-03-27,1934958.3210565236,1934958.3210565236,0.0,0
2020-03-30,1934958.3210565236,1934958.3210565236,0.0,0
2020-03-31,1934958.3210565236,1934958.3210565236,0.0,0
2020-04-01,1934958.3210565236,1934958.3210565236,0.0,0
2020-04-02,1934958.3210565236,1934958.3210565236,0.0,0
2020-04-03,1934958.3210565236,1934958.3210565236,0.0,0
2020-04-06,1934958.3210565236,1934958.3210565236,0.0,0
2020-04-07,1934958.3210565236,1934958.3210565236,0.0,0
2020-04-08,1934958.3210565236,1934958.3210565236,0.0,0
2020-04-09,1934958.3210565236,1934958.3210565236,0.0,0
2020-04-10,1934958.3210565236,1934958.3210565236,0.0,0
2020-04-13,1934958.3210565236,1934958.3210565236,0.0,0
2020-04-14,1934958.3210565236,1934958.3210565236,0.0,0
2020-04-15,1934958.3210565236,1934958.3210565236,0.0,0
2020-04-16,1934958.3210565236,1934958.3210565236,0.0,0
2020-04-17,1934058.3210565236,1034058.3210565236,900000.0,3
2020-04-20,1934058.3210565236,1034058.3210565236,900000.0,3
2020-04-21,1934058.3210565236,1034058.3210565236,900000.0,3
2020-04-22,1934058.3210565236,1034058.3210565236,900000.0,3
2020-04-23,1934058.3210565236,1034058.3210565236,900000.0,3
2020-04-24,1933758.3210565236,733758.3210565236,1200000.0,4
2020-04-27,1933758.3210565236,733758.3210565236,1200000.0,4
2020-04-28,1918078.4163565235,1018078.4163565235,900000.0,3
2020-04-29,1918078.4163565235,1018078.4163565235,900000.0,3
2020-04-30,1918078.4163565235,1018078.4163565235,900000.0,3
2020-05-01,1918078.4163565235,1018078.4163565235,900000.0,3
2020-05-04,1918078.4163565235,1018078.4163565235,900000.0,3
2020-05-05,1954959.6127304086,1054959.6127304086,900000.0,3
2020-05-06,1954959.6127304086,1054959.6127304086,900000.0,3
2020-05-07,1994565.1501625252,1094565.1501625252,900000.0,3
2020-05-08,1994265.1501625252,794265.1501625252,1200000.0,4
2020-05-11,1993965.1501625252,493965.15016252524,1500000.0,5
2020-05-12,1993965.1501625252,493965.15016252524,1500000.0,5
2020-05-13,1978701.5487425253,778701.5487425253,1200000.0,4
2020-05-14,1978401.5487425253,478401.5487425253,1500000.0,5
2020-05-15,1978401.5487425253,478401.5487425253,1500000.0,5
2020-05-18,2082594.5511425254,882594.5511425254,1200000.0,4
2020-05-19,2082594.5511425254,882594.5511425254,1200000.0,4
2020-05-20,2067324.2364425254,1167324.2364425254,900000.0,3
2020-05-21,2067324.2364425254,1167324.2364425254,900000.0,3
2020-05-22,2067324.2364425254,1167324.2364425254,900000.0,3
2020-05-25,2067324.2364425254,1167324.2364425254,900000.0,3
2020-05-26,2021154.3316625254,2021154.3316625254,0.0,0
2020-05-27,2021154.3316625254,2021154.3316625254,0.0,0
2020-05-28,2020854.3316625254,1720854.3316625254,300000.0,1
2020-05-29,2020554.3316625254,1420554.3316625254,600000.0,2
2020-06-01,2020554.3316625254,1420554.3316625254,600000.0,2
2020-06-02,2005254.4665425254,1705254.4665425254,300000.0,1
2020-06-03,2005254.4665425254,1705254.4665425254,300000.0,1
2020-06-04,2005254.4665425254,1705254.4665425254,300000.0,1
2020-06-05,2005254.4665425254,1705254.4665425254,300000.0,1
2020-06-08,2004954.4665425254,1404954.4665425254,600000.0,2
2020-06-09,2004954.4665425254,1404954.4665425254,600000.0,2
2020-06-10,2027975.1650124642,1727975.1650124642,300000.0,1
2020-06-11,2027975.1650124642,1727975.1650124642,300000.0,1
2020-06-12,2027975.1650124642,1727975.1650124642,300000.0,1
2020-06-15,2027975.1650124642,1727975.1650124642,300000.0,1
2020-06-16,2027975.1650124642,1727975.1650124642,300000.0,1
2020-06-17,2027975.1650124642,1727975.1650124642,300000.0,1
2020-06-18,2027975.1650124642,1727975.1650124642,300000.0,1
2020-06-19,2061345.2352343788,2061345.2352343788,0.0,0
2020-06-22,2061345.2352343788,2061345.2352343788,0.0,0
2020-06-23,2061345.2352343788,2061345.2352343788,0.0,0
2020-06-24,2061345.2352343788,2061345.2352343788,0.0,0
2020-06-25,2061345.2352343788,2061345.2352343788,0.0,0
2020-06-26,2061345.2352343788,2061345.2352343788,0.0,0
2020-06-29,2061345.2352343788,2061345.2352343788,0.0,0
2020-06-30,2061045.2352343788,1761045.2352343788,300000.0,1
2020-07-01,2060145.2352343788,860145.2352343788,1200000.0,4
2020-07-02,2094646.582034322,594646.582034322,1500000.0,5
2020-07-03,2094346.582034322,294346.58203432197,1800000.0,6
2020-07-06,2264937.8038981436,1664937.8038981436,600000.0,2
2020-07-07,2264037.8038981436,764037.8038981436,1500000.0,5
2020-07-08,2263737.8038981436,463737.8038981436,1800000.0,6
2020-07-09,2263737.8038981436,463737.8038981436,1800000.0,6
2020-07-10,2248340.3664481435,748340.3664481435,1500000.0,5
2020-07-13,2217390.3565381435,1017390.3565381435,1200000.0,4
2020-07-14,2270106.651719672,1070106.6517196721,1200000.0,4
2020-07-15,2254261.971359672,754261.9713596723,1500000.0,5
2020-07-16,2253961.971359672,453961.97135967226,1800000.0,6
2020-07-17,2289342.741281357,1089342.7412813571,1200000.0,4
2020-07-20,2288742.741281357,488742.7412813571,1800000.0,6
2020-07-21,2288742.741281357,488742.7412813571,1800000.0,6
2020-07-22,2288742.741281357,488742.7412813571,1800000.0,6
2020-07-23,2288742.741281357,488742.7412813571,1800000.0,6
2020-07-24,2273437.561481357,773437.5614813572,1500000.0,5
2020-07-27,2302530.6259564282,1102530.6259564282,1200000.0,4
2020-07-28,2302230.6259564282,802230.6259564282,1500000.0,5
2020-07-29,2301930.6259564282,501930.62595642824,1800000.0,6
2020-07-30,2301930.6259564282,501930.62595642824,1800000.0,6
2020-07-31,2301930.6259564282,501930.62595642824,1800000.0,6
2020-08-03,2319028.427476226,819028.4274762259,1500000.0,5
2020-08-04,2353283.612206795,853283.6122067948,1500000.0,5
2020-08-05,2352983.612206795,552983.6122067948,1800000.0,6
2020-08-06,2453318.438506704,953318.4385067036,1500000.0,5
2020-08-07,2453018.438506704,653018.4385067036,1800000.0,6
2020-08-10,2465006.4992673774,965006.4992673774,1500000.0,5
2020-08-11,2449398.9618273773,949398.9618273774,1500000.0,5
2020-08-12,2449098.9618273773,649098.9618273774,1800000.0,6
2020-08-13,2449098.9618273773,649098.9618273774,1800000.0,6
2020-08-14,2449098.9618273773,649098.9618273774,1800000.0,6
2020-08-17,2471957.561345383,971957.5613453831,1500000.0,5
2020-08-18,2471657.561345383,671657.5613453831,1800000.0,6
2020-08-19,2471657.561345383,671657.5613453831,1800000.0,6
2020-08-20,2471657.561345383,671657.5613453831,1800000.0,6
2020-08-21,2471657.561345383,671657.5613453831,1800000.0,6
2020-08-24,2471657.561345383,671657.5613453831,1800000.0,6
2020-08-25,2471657.561345383,671657.5613453831,1800000.0,6
2020-08-26,2510374.1032258715,1010374.1032258715,1500000.0,5
2020-08-27,2510074.1032258715,710074.1032258715,1800000.0,6
2020-08-28,2510074.1032258715,710074.1032258715,1800000.0,6
2020-08-31,2510074.1032258715,710074.1032258715,1800000.0,6
2020-09-01,2541828.4328466924,1341828.4328466924,1200000.0,4
2020-09-02,2554256.223774651,1054256.223774651,1500000.0,5
2020-09-03,2534385.383904651,1634385.383904651,900000.0,3
2020-09-04,2519009.514864651,1919009.514864651,600000.0,2
2020-09-07,2519009.514864651,1919009.514864651,600000.0,2
2020-09-08,2507934.700464651,2207934.700464651,300000.0,1
2020-09-09,2507934.700464651,2207934.700464651,300000.0,1
2020-09-10,2507634.700464651,1907634.700464651,600000.0,2
2020-09-11,2492325.724464651,2192325.724464651,300000.0,1
2020-09-14,2492025.724464651,1892025.7244646512,600000.0,2
2020-09-15,2491725.724464651,1591725.7244646512,900000.0,3
2020-09-16,2491425.724464651,1291425.7244646512,1200000.0,4
2020-09-17,2491425.724464651,1291425.7244646512,1200000.0,4
2020-09-18,2491125.724464651,991125.7244646512,1500000.0,5
2020-09-21,2491125.724464651,991125.7244646512,1500000.0,5
2020-09-22,2491125.724464651,991125.7244646512,1500000.0,5
2020-09-23,2491125.724464651,991125.7244646512,1500000.0,5
2020-09-24,2491125.724464651,991125.7244646512,1500000.0,5
2020-09-25,2490825.724464651,690825.7244646512,1800000.0,6
2020-09-28,2490825.724464651,690825.7244646512,1800000.0,6
2020-09-29,2490825.724464651,690825.7244646512,1800000.0,6
2020-09-30,2537967.1727664527,1037967.1727664525,1500000.0,5
2020-10-01,2537667.1727664527,737667.1727664525,1800000.0,6
2020-10-02,2537667.1727664527,737667.1727664525,1800000.0,6
2020-10-05,2537667.1727664527,737667.1727664525,1800000.0,6
2020-10-06,2537667.1727664527,737667.1727664525,1800000.0,6
2020-10-07,2611949.940336691,1411949.9403366912,1200000.0,4
2020-10-08,2627352.535667182,1727352.5356671817,900000.0,3
2020-10-09,2626452.535667182,826452.5356671817,1800000.0,6
2020-10-12,2626452.535667182,826452.5356671817,1800000.0,6
2020-10-13,2626452.535667182,826452.5356671817,1800000.0,6
2020-10-14,2626452.535667182,826452.5356671817,1800000.0,6
2020-10-15,2626452.535667182,826452.5356671817,1800000.0,6
2020-10-16,2626452.535667182,826452.5356671817,1800000.0,6
2020-10-19,2626452.535667182,826452.5356671817,1800000.0,6
2020-10-20,2615585.3634171817,1115585.3634171817,1500000.0,5
2020-10-21,2599716.2777871815,1099716.2777871815,1500000.0,5
2020-10-22,2599716.2777871815,1099716.2777871815,1500000.0,5
2020-10-23,2599716.2777871815,1099716.2777871815,1500000.0,5
2020-10-26,2578013.771771746,1678013.7717717462,900000.0,3
2020-10-27,2580567.8102689856,2280567.8102689856,300000.0,1
2020-10-28,2579667.8102689856,1379667.8102689856,1200000.0,4
2020-10-29,2553252.7608589856,1653252.7608589854,900000.0,3
2020-10-30,2553252.7608589856,1653252.7608589854,900000.0,3
2020-11-02,2552352.7608589856,752352.7608589854,1800000.0,6
2020-11-03,2572595.7917377027,1072595.7917377027,1500000.0,5
2020-11-04,2572295.7917377027,772295.7917377027,1800000.0,6
2020-11-05,2620925.958569661,1120925.9585696605,1500000.0,5
2020-11-06,2660789.0255724518,1460789.025572452,1200000.0,4
2020-11-09,2690969.288832878,1190969.2888328782,1500000.0,5
2020-11-10,2690669.288832878,890669.2888328782,1800000.0,6
2020-11-11,2677444.626432878,1177444.6264328782,1500000.0,5
2020-11-12,2677444.626432878,1177444.6264328782,1500000.0,5
2020-11-13,2677144.626432878,877144.6264328782,1800000.0,6
2020-11-16,2705461.476271216,1205461.476271216,1500000.0,5
2020-11-17,2705161.476271216,905161.4762712161,1800000.0,6
2020-11-18,2705161.476271216,905161.4762712161,1800000.0,6
2020-11-19,2705161.476271216,905161.4762712161,1800000.0,6
2020-11-20,2705161.476271216,905161.4762712161,1800000.0,6
2020-11-23,2705161.476271216,905161.4762712161,1800000.0,6
2020-11-24,2731019.7205574173,1231019.7205574173,1500000.0,5
2020-11-25,2730719.7205574173,930719.7205574173,1800000.0,6
2020-11-26,2730719.7205574173,930719.7205574173,1800000.0,6
2020-11-27,2730719.7205574173,930719.7205574173,1800000.0,6
2020-11-30,2730719.7205574173,930719.7205574173,1800000.0,6
2020-12-01,2730719.7205574173,930719.7205574173,1800000.0,6
2020-12-02,2730719.7205574173,930719.7205574173,1800000.0,6
2020-12-03,2730719.7205574173,930719.7205574173,1800000.0,6
2020-12-04,2730719.7205574173,930719.7205574173,1800000.0,6
2020-12-07,2742521.221956038,1542521.2219560377,1200000.0,4
2020-12-08,2757530.6623572386,1257530.6623572386,1500000.0,5
2020-12-09,2742338.7691572383,1542338.7691572385,1200000.0,4
2020-12-10,2726397.6453372384,1226397.6453372384,1500000.0,5
2020-12-11,2726097.6453372384,926097.6453372384,1800000.0,6
2020-12-14,2712827.460530543,1212827.4605305428,1500000.0,5
2020-12-15,2779734.7830848806,1279734.7830848808,1500000.0,5
2020-12-16,2779434.7830848806,979434.7830848808,1800000.0,6
2020-12-17,2819318.660292442,1319318.6602924422,1500000.0,5
2020-12-18,2895481.6606234377,1695481.6606234377,1200000.0,4
2020-12-21,2894881.6606234377,1094881.6606234377,1800000.0,6
2020-12-22,2947829.4311400717,1447829.431140072,1500000.0,5
2020-12-23,2932205.440170072,1432205.440170072,1500000.0,5
2020-12-24,2932205.440170072,1432205.440170072,1500000.0,5
2020-12-25,2932205.440170072,1432205.440170072,1500000.0,5
2020-12-28,2931905.440170072,1131905.440170072,1800000.0,6
2020-12-29,2901334.261350072,1701334.261350072,1200000.0,4
2020-12-30,2901034.261350072,1401034.261350072,1500000.0,5
2020-12-31,2901034.261350072,1401034.261350072,1500000.0,5
2021-01-01,2900734.261350072,1100734.261350072,1800000.0,6
2021-01-04,2900734.261350072,1100734.261350072,1800000.0,6
2021-01-05,2977393.271667991,2077393.2716679908,900000.0,3
2021-01-06,2976493.271667991,1176493.2716679908,1800000.0,6
2021-01-07,2976493.271667991,1176493.2716679908,1800000.0,6
2021-01-08,2976493.271667991,1176493.2716679908,1800000.0,6
2021-01-11,2976493.271667991,1176493.2716679908,1800000.0,6
2021-01-12,2992878.6918054735,1492878.6918054738,1500000.0,5
2021-01-13,2977238.057495474,1477238.057495474,1500000.0,5
2021-01-14,2976938.057495474,1176938.057495474,1800000.0,6
2021-01-15,2976938.057495474,1176938.057495474,1800000.0,6
2021-01-18,2976938.057495474,1176938.057495474,1800000.0,6
2021-01-19,2976938.057495474,1176938.057495474,1800000.0,6
2021-01-20,2976938.057495474,1176938.057495474,1800000.0,6
2021-01-21,3004520.6176787335,1504520.6176787335,1500000.0,5
2021-01-22,3004220.6176787335,1204220.6176787335,1800000.0,6
2021-01-25,3004220.6176787335,1204220.6176787335,1800000.0,6
2021-01-26,3004220.6176787335,1204220.6176787335,1800000.0,6
2021-01-27,2939471.2303787335,2639471.2303787335,300000.0,1
2021-01-28,2923218.1685087336,2023218.1685087336,900000.0,3
2021-01-29,2922918.1685087336,1722918.1685087336,1200000.0,4
2021-02-01,2907521.260528734,2007521.2605287337,900000.0,3
2021-02-02,2923582.8215033724,1423582.8215033724,1500000.0,5
2021-02-03,2923282.8215033724,1123282.8215033724,1800000.0,6
2021-02-04,2923282.8215033724,1123282.8215033724,1800000.0,6
2021-02-05,2942430.8397453977,1442430.8397453974,1500000.0,5
2021-02-08,2942130.8397453977,1142130.8397453974,1800000.0,6
2021-02-09,2942130.8397453977,1142130.8397453974,1800000.0,6
2021-02-10,2942130.8397453977,1142130.8397453974,1800000.0,6
2021-02-11,2911573.247325397,1711573.2473253973,1200000.0,4
2021-02-12,2910973.247325397,1110973.2473253973,1800000.0,6
2021-02-15,2910973.247325397,1110973.2473253973,1800000.0,6
2021-02-16,2937760.410974404,1437760.4109744038,1500000.0,5
2021-02-17,2937460.410974404,1137460.4109744038,1800000.0,6
2021-02-18,2937460.410974404,1137460.4109744038,1800000.0,6
2021-02-19,2937460.410974404,1137460.4109744038,1800000.0,6
2021-02-22,2937460.410974404,1137460.4109744038,1800000.0,6
2021-02-23,2926095.696764404,1426095.696764404,1500000.0,5
2021-02-24,2925795.696764404,1125795.696764404,1800000.0,6
2021-02-25,2879668.7889444036,1979668.7889444036,900000.0,3
2021-02-26,2878768.7889444036,1078768.7889444036,1800000.0,6
2021-03-01,2878768.7889444036,1078768.7889444036,1800000.0,6
2021-03-02,2878768.7889444036,1078768.7889444036,1800000.0,6
2021-03-03,2878768.7889444036,1078768.7889444036,1800000.0,6
2021-03-04,2863401.0317844036,1363401.0317844036,1500000.0,5
2021-03-05,2863101.0317844036,1063101.0317844036,1800000.0,6
2021-03-08,2863101.0317844036,1063101.0317844036,1800000.0,6
2021-03-09,2930501.2070321483,1730501.2070321483,1200000.0,4
2021-03-10,2929901.2070321483,1129901.2070321483,1800000.0,6
2021-03-11,2929901.2070321483,1129901.2070321483,1800000.0,6
2021-03-12,2953575.295488269,1453575.295488269,1500000.0,5
2021-03-15,2953275.295488269,1153275.295488269,1800000.0,6
2021-03-16,2953275.295488269,1153275.295488269,1800000.0,6
2021-03-17,2953275.295488269,1153275.295488269,1800000.0,6
2021-03-18,2937945.780048269,1437945.780048269,1500000.0,5
2021-03-19,2937645.780048269,1137645.780048269,1800000.0,6
2021-03-22,2937645.780048269,1137645.780048269,1800000.0,6
2021-03-23,2922475.625088269,1422475.6250882691,1500000.0,5
2021-03-24,2907210.525168269,1707210.5251682692,1200000.0,4
2021-03-25,2906910.525168269,1406910.5251682692,1500000.0,5
2021-03-26,2906610.525168269,1106610.5251682692,1800000.0,6
2021-03-29,2906610.525168269,1106610.5251682692,1800000.0,6
2021-03-30,2906610.525168269,1106610.5251682692,1800000.0,6
2021-03-31,2906610.525168269,1106610.5251682692,1800000.0,6
2021-04-01,2920581.8139030347,1720581.813903035,1200000.0,4
2021-04-02,2919981.8139030347,1119981.813903035,1800000.0,6
2021-04-05,2941782.9219591315,1441782.9219591315,1500000.0,5
2021-04-06,2941482.9219591315,1141482.9219591315,1800000.0,6
2021-04-07,2941482.9219591315,1141482.9219591315,1800000.0,6
2021-04-08,2941482.9219591315,1141482.9219591315,1800000.0,6
2021-04-09,2965440.629413672,1465440.6294136716,1500000.0,5
2021-04-12,2949854.1908536716,1449854.1908536716,1500000.0,5
2021-04-13,2949554.1908536716,1149554.1908536716,1800000.0,6
2021-04-14,2934267.0929536717,1434267.0929536717,1500000.0,5
2021-04-15,2933967.0929536717,1133967.0929536717,1800000.0,6
2021-04-16,2954904.5914429156,1454904.5914429156,1500000.0,5
2021-04-19,2939570.3207629155,1739570.3207629155,1200000.0,4
2021-04-20,2938970.3207629155,1138970.3207629155,1800000.0,6
2021-04-21,2928020.0317129157,1428020.0317129155,1500000.0,5
2021-04-22,2948735.2420885814,1448735.2420885814,1500000.0,5
2021-04-23,2965453.6365633495,1465453.6365633497,1500000.0,5
2021-04-26,2965153.6365633495,1165153.6365633497,1800000.0,6
2021-04-27,2965153.6365633495,1165153.6365633497,1800000.0,6
2021-04-28,2960533.893069083,1460533.8930690829,1500000.0,5
2021-04-29,2960233.893069083,1160233.8930690829,1800000.0,6
2021-04-30,2960233.893069083,1160233.8930690829,1800000.0,6
2021-05-03,2960233.893069083,1160233.8930690829,1800000.0,6
2021-05-04,2944895.056959083,1444895.0569590828,1500000.0,5
2021-05-05,2944595.056959083,1144595.0569590828,1800000.0,6
2021-05-06,2973295.3919703504,1773295.3919703502,1200000.0,4
2021-05-07,3018827.5070458828,2118827.5070458828,900000.0,3
2021-05-10,3017927.5070458828,1217927.5070458828,1800000.0,6
2021-05-11,3002629.4201458828,1502629.4201458828,1500000.0,5
2021-05-12,2987003.4211858828,1487003.4211858828,1500000.0,5
2021-05-13,2971728.1911058826,1471728.1911058826,1500000.0,5
2021-05-14,2971428.1911058826,1171428.1911058826,1800000.0,6
2021-05-17,2971428.1911058826,1171428.1911058826,1800000.0,6
2021-05-18,2956099.5547858826,1456099.5547858826,1500000.0,5
2021-05-19,2956099.5547858826,1456099.5547858826,1500000.0,5
2021-05-20,2956099.5547858826,1456099.5547858826,1500000.0,5
2021-05-21,2955799.5547858826,1155799.5547858826,1800000.0,6
2021-05-24,2955799.5547858826,1155799.5547858826,1800000.0,6
2021-05-25,2955799.5547858826,1155799.5547858826,1800000.0,6
2021-05-26,2955799.5547858826,1155799.5547858826,1800000.0,6
2021-05-27,2979478.623982382,1479478.623982382,1500000.0,5
2021-05-28,2979178.623982382,1179178.623982382,1800000.0,6
2021-05-31,2979178.623982382,1179178.623982382,1800000.0,6
2021-06-01,2995366.6553528933,1495366.6553528933,1500000.0,5
2021-06-02,3027119.327935865,1527119.3279358654,1500000.0,5
2021-06-03,3042827.695494483,1542827.6954944832,1500000.0,5
2021-06-04,3027199.139094483,1527199.139094483,1500000.0,5
2021-06-07,3026899.139094483,1226899.139094483,1800000.0,6
2021-06-08,3011620.282944483,1511620.2829444832,1500000.0,5
2021-06-09,3011320.282944483,1211320.2829444832,1800000.0,6
2021-06-10,3000566.617074483,1500566.617074483,1500000.0,5
2021-06-11,3000266.617074483,1200266.617074483,1800000.0,6
2021-06-14,3000266.617074483,1200266.617074483,1800000.0,6
2021-06-15,3000266.617074483,1200266.617074483,1800000.0,6
2021-06-16,3017128.287966772,1517128.2879667722,1500000.0,5
2021-06-17,2983319.279616772,2083319.2796167722,900000.0,3
2021-06-18,2972249.829546772,2072249.8295467722,900000.0,3
2021-06-21,2972249.829546772,2072249.8295467722,900000.0,3
2021-06-22,2971949.829546772,1771949.8295467722,1200000.0,4
2021-06-23,2971649.829546772,1471649.8295467722,1500000.0,5
2021-06-24,2971349.829546772,1171349.8295467722,1800000.0,6
2021-06-25,2971349.829546772,1171349.8295467722,1800000.0,6
2021-06-28,2985195.731535393,2085195.7315353928,900000.0,3
2021-06-29,2969602.9792953925,2069602.9792953928,900000.0,3
2021-06-30,2969602.9792953925,2069602.9792953928,900000.0,3
2021-07-01,2969302.9792953925,1769302.9792953928,1200000.0,4
2021-07-02,2969002.9792953925,1469002.9792953928,1500000.0,5
2021-07-05,2969002.9792953925,1469002.9792953928,1500000.0,5
2021-07-06,2968702.9792953925,1168702.9792953928,1800000.0,6
2021-07-07,2968702.9792953925,1168702.9792953928,1800000.0,6
2021-07-08,2959188.982515393,1459188.9825153928,1500000.0,5
2021-07-09,2958888.982515393,1158888.9825153928,1800000.0,6
2021-07-12,2958888.982515393,1158888.9825153928,1800000.0,6
2021-07-13,2943539.247315393,1443539.2473153928,1500000.0,5
2021-07-14,2943239.247315393,1143239.2473153928,1800000.0,6
2021-07-15,2943239.247315393,1143239.2473153928,1800000.0,6
2021-07-16,2983759.720561036,1783759.720561036,1200000.0,4
2021-07-19,2968129.9254010357,1768129.925401036,1200000.0,4
2021-07-20,2967829.9254010357,1467829.925401036,1500000.0,5
2021-07-21,2967829.9254010357,1467829.925401036,1500000.0,5
2021-07-22,2967529.9254010357,1167529.925401036,1800000.0,6
2021-07-23,3011074.3293459434,1811074.3293459434,1200000.0,4
2021-07-26,3011074.3293459434,1811074.3293459434,1200000.0,4
2021-07-27,3023263.427249004,2123263.427249004,900000.0,3
2021-07-28,3033002.5616031177,2133002.5616031177,900000.0,3
2021-07-29,3042388.3273372278,2142388.3273372278,900000.0,3
2021-07-30,3042088.3273372278,1842088.3273372278,1200000.0,4
2021-08-02,3041488.3273372278,1241488.3273372278,1800000.0,6
2021-08-03,3041488.3273372278,1241488.3273372278,1800000.0,6
2021-08-04,3041488.3273372278,1241488.3273372278,1800000.0,6
2021-08-05,3027748.420697228,1527748.4206972278,1500000.0,5
2021-08-06,3053886.7073779157,1853886.7073779157,1200000.0,4
2021-08-09,3053286.7073779157,1253286.7073779157,1800000.0,6
2021-08-10,3026466.044287916,1826466.0442879158,1200000.0,4
2021-08-11,3026166.044287916,1526166.0442879158,1500000.0,5
2021-08-12,3025866.044287916,1225866.0442879158,1800000.0,6
2021-08-13,3025866.044287916,1225866.0442879158,1800000.0,6
2021-08-16,3025866.044287916,1225866.0442879158,1800000.0,6
2021-08-17,3040354.1269574068,1540354.1269574068,1500000.0,5
2021-08-18,3040054.1269574068,1240054.1269574068,1800000.0,6
2021-08-19,3040054.1269574068,1240054.1269574068,1800000.0,6
2021-08-20,3036851.144545407,1836851.1445454068,1200000.0,4
2021-08-23,3036251.144545407,1236251.1445454068,1800000.0,6
2021-08-24,3036251.144545407,1236251.1445454068,1800000.0,6
2021-08-25,3036251.144545407,1236251.1445454068,1800000.0,6
2021-08-26,3036251.144545407,1236251.1445454068,1800000.0,6
2021-08-27,3057041.7129989364,1557041.7129989364,1500000.0,5
2021-08-30,3056741.7129989364,1256741.7129989364,1800000.0,6
2021-08-31,3056741.7129989364,1256741.7129989364,1800000.0,6
2021-09-01,3041439.6600689366,1541439.6600689364,1500000.0,5
2021-09-02,3050578.1951838993,1550578.1951838993,1500000.0,5
2021-09-03,3050578.1951838993,1550578.1951838993,1500000.0,5
2021-09-06,3050578.1951838993,1550578.1951838993,1500000.0,5
2021-09-07,3039614.3693838995,1539614.3693838993,1500000.0,5
2021-09-08,3039314.3693838995,1239314.3693838993,1800000.0,6
2021-09-09,3032334.4160238993,1532334.4160238993,1500000.0,5
2021-09-10,3032334.4160238993,1532334.4160238993,1500000.0,5
2021-09-13,3023874.3842238993,1823874.3842238993,1200000.0,4
2021-09-14,3023574.3842238993,1523574.3842238993,1500000.0,5
2021-09-15,3033220.1209603036,1833220.1209603036,1200000.0,4
2021-09-16,3033220.1209603036,1833220.1209603036,1200000.0,4
2021-09-17,3032920.1209603036,1532920.1209603036,1500000.0,5
2021-09-20,3015158.3299303036,2115158.3299303036,900000.0,3
2021-09-21,3005403.793930304,2405403.793930304,600000.0,2
2021-09-22,3005103.793930304,2105103.793930304,900000.0,3
2021-09-23,3024034.8880355535,2124034.8880355535,900000.0,3
2021-09-24,3024034.8880355535,2124034.8880355535,900000.0,3
2021-09-27,3050952.4003928807,1850952.4003928807,1200000.0,4
2021-09-28,3035630.5472828806,2135630.5472828806,900000.0,3
2021-09-29,3061942.8102956866,2461942.8102956866,600000.0,2
2021-09-30,3061642.8102956866,2161642.8102956866,900000.0,3
2021-10-01,3061642.8102956866,2161642.8102956866,900000.0,3
2021-10-04,3061042.8102956866,1561042.8102956866,1500000.0,5
2021-10-05,3060742.8102956866,1260742.8102956866,1800000.0,6
2021-10-06,3060742.8102956866,1260742.8102956866,1800000.0,6
2021-10-07,3045424.4237156864,1545424.4237156867,1500000.0,5
2021-10-08,3096606.186862988,2196606.186862988,900000.0,3
2021-10-11,3083231.914222988,2483231.914222988,600000.0,2
2021-10-12,3083231.914222988,2483231.914222988,600000.0,2
2021-10-13,3082931.914222988,2182931.914222988,900000.0,3
2021-10-14,3082931.914222988,2182931.914222988,900000.0,3
2021-10-15,3082931.914222988,2182931.914222988,900000.0,3
2021-10-18,3082631.914222988,1882631.9142229878,1200000.0,4
2021-10-19,3067308.442732988,2167308.442732988,900000.0,3
2021-10-20,3067308.442732988,2167308.442732988,900000.0,3
2021-10-21,3067308.442732988,2167308.442732988,900000.0,3
2021-10-22,3067308.442732988,2167308.442732988,900000.0,3
2021-10-25,3067308.442732988,2167308.442732988,900000.0,3
2021-10-26,3067308.442732988,2167308.442732988,900000.0,3
2021-10-27,3067308.442732988,2167308.442732988,900000.0,3
2021-10-28,3067008.442732988,1867008.442732988,1200000.0,4
2021-10-29,3066408.442732988,1266408.442732988,1800000.0,6
2021-11-01,3066408.442732988,1266408.442732988,1800000.0,6
2021-11-02,3066408.442732988,1266408.442732988,1800000.0,6
2021-11-03,3051089.077132988,1551089.0771329878,1500000.0,5
2021-11-04,3109287.6893238192,1909287.6893238195,1200000.0,4
2021-11-05,3165488.4835491697,2265488.4835491697,900000.0,3
2021-11-08,3164888.4835491697,1664888.4835491697,1500000.0,5
2021-11-09,3164888.4835491697,1664888.4835491697,1500000.0,5
2021-11-10,3164888.4835491697,1664888.4835491697,1500000.0,5
2021-11-11,3189816.1164677916,1989816.1164677916,1200000.0,4
2021-11-12,3174497.2503677914,2274497.2503677914,900000.0,3
2021-11-15,3174197.2503677914,1974197.2503677914,1200000.0,4
2021-11-16,3173897.2503677914,1673897.2503677914,1500000.0,5
2021-11-17,3173897.2503677914,1673897.2503677914,1500000.0,5
2021-11-18,3158587.015627791,1958587.0156277914,1200000.0,4
2021-11-19,3158587.015627791,1958587.0156277914,1200000.0,4
2021-11-22,3127277.0956877912,1927277.0956877912,1200000.0,4
2021-11-23,3114223.8217277913,2214223.8217277913,900000.0,3
2021-11-24,3132008.886434707,2232008.886434707,900000.0,3
2021-11-25,3132008.886434707,2232008.886434707,900000.0,3
2021-11-26,3086557.362554707,3086557.362554707,0.0,0
2021-11-29,3086557.362554707,3086557.362554707,0.0,0
2021-11-30,3086557.362554707,3086557.362554707,0.0,0
2021-12-01,3086557.362554707,3086557.362554707,0.0,0
2021-12-02,3086557.362554707,3086557.362554707,0.0,0
2021-12-03,3086557.362554707,3086557.362554707,0.0,0
2021-12-06,3086557.362554707,3086557.362554707,0.0,0
2021-12-07,3085957.362554707,2485957.362554707,600000.0,2
2021-12-08,3085657.362554707,2185657.362554707,900000.0,3
2021-12-09,3070324.410554707,2470324.410554707,600000.0,2
2021-12-10,3055060.509434707,2755060.509434707,300000.0,1
2021-12-13,3039754.390574707,3039754.390574707,0.0,0
2021-12-14,3039754.390574707,3039754.390574707,0.0,0
2021-12-15,3039454.390574707,2739454.390574707,300000.0,1
2021-12-16,3039454.390574707,2739454.390574707,300000.0,1
2021-12-17,3039454.390574707,2739454.390574707,300000.0,1
2021-12-20,3039454.390574707,2739454.390574707,300000.0,1
2021-12-21,3039454.390574707,2739454.390574707,300000.0,1
2021-12-22,3039454.390574707,2739454.390574707,300000.0,1
2021-12-23,3039454.390574707,2739454.390574707,300000.0,1
2021-12-24,3039454.390574707,2739454.390574707,300000.0,1
2021-12-27,3039454.390574707,2739454.390574707,300000.0,1
2021-12-28,3039454.390574707,2739454.390574707,300000.0,1
2021-12-29,3039454.390574707,2739454.390574707,300000.0,1
2021-12-30,3039454.390574707,2739454.390574707,300000.0,1
2021-12-31,3039454.390574707,2739454.390574707,300000.0,1
2022-01-03,3038854.390574707,2138854.390574707,900000.0,3
2022-01-04,3072276.5461278707,1572276.5461278707,1500000.0,5
2022-01-05,3028038.818000939,2128038.818000939,900000.0,3
2022-01-06,3021236.706320939,2121236.706320939,900000.0,3
2022-01-07,3010317.9351209393,1810317.935120939,1200000.0,4
2022-01-10,3001408.422650939,1501408.422650939,1500000.0,5
2022-01-11,3001108.422650939,1201108.422650939,1800000.0,6
2022-01-12,3001108.422650939,1201108.422650939,1800000.0,6
2022-01-13,3001108.422650939,1201108.422650939,1800000.0,6
2022-01-14,3001108.422650939,1201108.422650939,1800000.0,6
2022-01-17,3001108.422650939,1201108.422650939,1800000.0,6
2022-01-18,2993575.3429709394,1493575.3429709391,1500000.0,5
2022-01-19,2977997.7955109393,1477997.795510939,1500000.0,5
2022-01-20,2977997.7955109393,1477997.795510939,1500000.0,5
2022-01-21,2956018.136570939,2056018.136570939,900000.0,3
2022-01-24,2946583.8200309393,2346583.8200309393,600000.0,2
2022-01-25,2946583.8200309393,2346583.8200309393,600000.0,2
2022-01-26,2939215.0159109393,2639215.0159109393,300000.0,1
2022-01-27,2939215.0159109393,2639215.0159109393,300000.0,1
2022-01-28,2938915.0159109393,2338915.0159109393,600000.0,2
2022-01-31,2938915.0159109393,2338915.0159109393,600000.0,2
2022-02-01,2938915.0159109393,2338915.0159109393,600000.0,2
2022-02-02,2938315.0159109393,1738315.0159109393,1200000.0,4
2022-02-03,2957408.9047180675,2057408.9047180677,900000.0,3
2022-02-04,2957408.9047180675,2057408.9047180677,900000.0,3
2022-02-07,2957108.9047180675,1757108.9047180677,1200000.0,4
2022-02-08,2956808.9047180675,1456808.9047180677,1500000.0,5
2022-02-09,2946873.2000680678,1746873.2000680678,1200000.0,4
2022-02-10,2946873.2000680678,1746873.2000680678,1200000.0,4
2022-02-11,2946873.2000680678,1746873.2000680678,1200000.0,4
2022-02-14,2946873.2000680678,1746873.2000680678,1200000.0,4
2022-02-15,2946873.2000680678,1746873.2000680678,1200000.0,4
2022-02-16,2961856.6707761674,2061856.6707761674,900000.0,3
2022-02-17,2961856.6707761674,2061856.6707761674,900000.0,3
2022-02-18,2961856.6707761674,2061856.6707761674,900000.0,3
2022-02-21,2961856.6707761674,2061856.6707761674,900000.0,3
2022-02-22,2947101.1407761676,2347101.1407761676,600000.0,2
2022-02-23,2936330.821576168,2636330.821576168,300000.0,1
2022-02-24,2936330.821576168,2636330.821576168,300000.0,1
2022-02-25,2936330.821576168,2636330.821576168,300000.0,1
2022-02-28,2936330.821576168,2636330.821576168,300000.0,1
2022-03-01,2936330.821576168,2636330.821576168,300000.0,1
2022-03-02,2936330.821576168,2636330.821576168,300000.0,1
2022-03-03,2936330.821576168,2636330.821576168,300000.0,1
2022-03-04,2936330.821576168,2636330.821576168,300000.0,1
2022-03-07,2936330.821576168,2636330.821576168,300000.0,1
2022-03-08,2936330.821576168,2636330.821576168,300000.0,1
2022-03-09,2936330.821576168,2636330.821576168,300000.0,1
2022-03-10,2936330.821576168,2636330.821576168,300000.0,1
2022-03-11,2936330.821576168,2636330.821576168,300000.0,1
2022-03-14,2936330.821576168,2636330.821576168,300000.0,1
2022-03-15,2958676.0512478277,2958676.0512478277,0.0,0
2022-03-16,2958676.0512478277,2958676.0512478277,0.0,0
2022-03-17,2958676.0512478277,2958676.0512478277,0.0,0
2022-03-18,2957776.0512478277,2057776.0512478277,900000.0,3
2022-03-21,2957776.0512478277,2057776.0512478277,900000.0,3
2022-03-22,2957776.0512478277,2057776.0512478277,900000.0,3
2022-03-23,2957776.0512478277,2057776.0512478277,900000.0,3
2022-03-24,2957776.0512478277,2057776.0512478277,900000.0,3
2022-03-25,2957776.0512478277,2057776.0512478277,900000.0,3
2022-03-28,2957776.0512478277,2057776.0512478277,900000.0,3
2022-03-29,2957476.0512478277,1757476.0512478277,1200000.0,4
2022-03-30,2957476.0512478277,1757476.0512478277,1200000.0,4
2022-03-31,2956876.0512478277,1156876.0512478277,1800000.0,6
2022-04-01,2956876.0512478277,1156876.0512478277,1800000.0,6
2022-04-04,2956876.0512478277,1156876.0512478277,1800000.0,6
2022-04-05,2956876.0512478277,1156876.0512478277,1800000.0,6
2022-04-06,3004987.4533794792,2104987.4533794792,900000.0,3
2022-04-07,3024976.1673320215,2124976.1673320215,900000.0,3
2022-04-08,3024676.1673320215,1824676.1673320215,1200000.0,4
2022-04-11,3011538.7176320218,2111538.7176320218,900000.0,3
2022-04-12,2999839.3883720217,2399839.3883720217,600000.0,2
2022-04-13,2999539.3883720217,2099539.3883720217,900000.0,3
2022-04-14,2999539.3883720217,2099539.3883720217,900000.0,3
2022-04-15,2999539.3883720217,2099539.3883720217,900000.0,3
2022-04-18,2999539.3883720217,2099539.3883720217,900000.0,3
2022-04-19,3011105.079648125,2111105.079648125,900000.0,3
2022-04-20,3021213.3221286694,1821213.3221286694,1200000.0,4
2022-04-21,3005926.2541986695,2105926.2541986695,900000.0,3
2022-04-22,2966708.3504586695,2966708.3504586695,0.0,0
2022-04-25,2966708.3504586695,2966708.3504586695,0.0,0
2022-04-26,2966708.3504586695,2966708.3504586695,0.0,0
2022-04-27,2966708.3504586695,2966708.3504586695,0.0,0
2022-04-28,2966708.3504586695,2966708.3504586695,0.0,0
2022-04-29,2966708.3504586695,2966708.3504586695,0.0,0
2022-05-02,2966708.3504586695,2966708.3504586695,0.0,0
2022-05-03,2966708.3504586695,2966708.3504586695,0.0,0
2022-05-04,2966708.3504586695,2966708.3504586695,0.0,0
2022-05-05,2966708.3504586695,2966708.3504586695,0.0,0
2022-05-06,2966708.3504586695,2966708.3504586695,0.0,0
2022-05-09,2966708.3504586695,2966708.3504586695,0.0,0
2022-05-10,2966708.3504586695,2966708.3504586695,0.0,0
2022-05-11,2966708.3504586695,2966708.3504586695,0.0,0
2022-05-12,2966708.3504586695,2966708.3504586695,0.0,0
2022-05-13,2966708.3504586695,2966708.3504586695,0.0,0
2022-05-16,2966708.3504586695,2966708.3504586695,0.0,0
2022-05-17,2966708.3504586695,2966708.3504586695,0.0,0
2022-05-18,2966708.3504586695,2966708.3504586695,0.0,0
2022-05-19,2966708.3504586695,2966708.3504586695,0.0,0
2022-05-20,2966708.3504586695,2966708.3504586695,0.0,0
2022-05-23,2966708.3504586695,2966708.3504586695,0.0,0
2022-05-24,2966708.3504586695,2966708.3504586695,0.0,0
2022-05-25,2966708.3504586695,2966708.3504586695,0.0,0
2022-05-26,2966708.3504586695,2966708.3504586695,0.0,0
2022-05-27,2966708.3504586695,2966708.3504586695,0.0,0
2022-05-30,2966708.3504586695,2966708.3504586695,0.0,0
2022-05-31,2966708.3504586695,2966708.3504586695,0.0,0
2022-06-01,2966708.3504586695,2966708.3504586695,0.0,0
2022-06-02,2966708.3504586695,2966708.3504586695,0.0,0
2022-06-03,2966708.3504586695,2966708.3504586695,0.0,0
2022-06-06,2966708.3504586695,2966708.3504586695,0.0,0
2022-06-07,2966708.3504586695,2966708.3504586695,0.0,0
2022-06-08,2966708.3504586695,2966708.3504586695,0.0,0
2022-06-09,2966708.3504586695,2966708.3504586695,0.0,0
2022-06-10,2966708.3504586695,2966708.3504586695,0.0,0
2022-06-13,2966708.3504586695,2966708.3504586695,0.0,0
2022-06-14,2966708.3504586695,2966708.3504586695,0.0,0
2022-06-15,2966708.3504586695,2966708.3504586695,0.0,0
2022-06-16,2966708.3504586695,2966708.3504586695,0.0,0
2022-06-17,2966708.3504586695,2966708.3504586695,0.0,0
2022-06-20,2966708.3504586695,2966708.3504586695,0.0,0
2022-06-21,2966708.3504586695,2966708.3504586695,0.0,0
2022-06-22,2966708.3504586695,2966708.3504586695,0.0,0
2022-06-23,2966708.3504586695,2966708.3504586695,0.0,0
2022-06-24,2966708.3504586695,2966708.3504586695,0.0,0
2022-06-27,2966708.3504586695,2966708.3504586695,0.0,0
2022-06-28,2966708.3504586695,2966708.3504586695,0.0,0
2022-06-29,2966708.3504586695,2966708.3504586695,0.0,0
2022-06-30,2966708.3504586695,2966708.3504586695,0.0,0
2022-07-01,2966708.3504586695,2966708.3504586695,0.0,0
2022-07-04,2966708.3504586695,2966708.3504586695,0.0,0
2022-07-05,2966708.3504586695,2966708.3504586695,0.0,0
2022-07-06,2966708.3504586695,2966708.3504586695,0.0,0
2022-07-07,2966708.3504586695,2966708.3504586695,0.0,0
2022-07-08,2966708.3504586695,2966708.3504586695,0.0,0
2022-07-11,2966708.3504586695,2966708.3504586695,0.0,0
2022-07-12,2966708.3504586695,2966708.3504586695,0.0,0
2022-07-13,2966708.3504586695,2966708.3504586695,0.0,0
2022-07-14,2966708.3504586695,2966708.3504586695,0.0,0
2022-07-15,2966708.3504586695,2966708.3504586695,0.0,0
2022-07-18,2966708.3504586695,2966708.3504586695,0.0,0
2022-07-19,2966708.3504586695,2966708.3504586695,0.0,0
2022-07-20,2966708.3504586695,2966708.3504586695,0.0,0
2022-07-21,2966708.3504586695,2966708.3504586695,0.0,0
2022-07-22,2966708.3504586695,2966708.3504586695,0.0,0
2022-07-25,2966708.3504586695,2966708.3504586695,0.0,0
2022-07-26,2966708.3504586695,2966708.3504586695,0.0,0
2022-07-27,2966708.3504586695,2966708.3504586695,0.0,0
2022-07-28,2966708.3504586695,2966708.3504586695,0.0,0
2022-07-29,2966708.3504586695,2966708.3504586695,0.0,0
2022-08-01,2966708.3504586695,2966708.3504586695,0.0,0
2022-08-02,2966708.3504586695,2966708.3504586695,0.0,0
2022-08-03,2966708.3504586695,2966708.3504586695,0.0,0
2022-08-04,2966708.3504586695,2966708.3504586695,0.0,0
2022-08-05,2966708.3504586695,2966708.3504586695,0.0,0
2022-08-08,2966708.3504586695,2966708.3504586695,0.0,0
2022-08-09,2966708.3504586695,2966708.3504586695,0.0,0
2022-08-10,2966408.3504586695,2666408.3504586695,300000.0,1
2022-08-11,2966408.3504586695,2666408.3504586695,300000.0,1
2022-08-12,2966408.3504586695,2666408.3504586695,300000.0,1
2022-08-15,2966408.3504586695,2666408.3504586695,300000.0,1
2022-08-16,2966408.3504586695,2666408.3504586695,300000.0,1
2022-08-17,2966408.3504586695,2666408.3504586695,300000.0,1
2022-08-18,2966408.3504586695,2666408.3504586695,300000.0,1
2022-08-19,2966408.3504586695,2666408.3504586695,300000.0,1
2022-08-22,3003401.393905726,3003401.393905726,0.0,0
2022-08-23,3003401.393905726,3003401.393905726,0.0,0
2022-08-24,3003401.393905726,3003401.393905726,0.0,0
2022-08-25,3003401.393905726,3003401.393905726,0.0,0
2022-08-26,3003401.393905726,3003401.393905726,0.0,0
2022-08-29,3003401.393905726,3003401.393905726,0.0,0
2022-08-30,3003401.393905726,3003401.393905726,0.0,0
2022-08-31,3003401.393905726,3003401.393905726,0.0,0
2022-09-01,3003401.393905726,3003401.393905726,0.0,0
2022-09-02,3003401.393905726,3003401.393905726,0.0,0
2022-09-05,3003401.393905726,3003401.393905726,0.0,0
2022-09-06,3003401.393905726,3003401.393905726,0.0,0
2022-09-07,3003401.393905726,3003401.393905726,0.0,0
2022-09-08,3003401.393905726,3003401.393905726,0.0,0
2022-09-09,3003401.393905726,3003401.393905726,0.0,0
2022-09-12,3003401.393905726,3003401.393905726,0.0,0
2022-09-13,3003401.393905726,3003401.393905726,0.0,0
2022-09-14,3003401.393905726,3003401.393905726,0.0,0
2022-09-15,3003401.393905726,3003401.393905726,0.0,0
2022-09-16,3003401.393905726,3003401.393905726,0.0,0
2022-09-19,3003401.393905726,3003401.393905726,0.0,0
2022-09-20,3003401.393905726,3003401.393905726,0.0,0
2022-09-21,3003401.393905726,3003401.393905726,0.0,0
2022-09-22,3003401.393905726,3003401.393905726,0.0,0
2022-09-23,3003401.393905726,3003401.393905726,0.0,0
2022-09-26,3003401.393905726,3003401.393905726,0.0,0
2022-09-27,3003401.393905726,3003401.393905726,0.0,0
2022-09-28,3003401.393905726,3003401.393905726,0.0,0
2022-09-29,3003401.393905726,3003401.393905726,0.0,0
2022-09-30,3003401.393905726,3003401.393905726,0.0,0
2022-10-03,3003401.393905726,3003401.393905726,0.0,0
2022-10-04,3003401.393905726,3003401.393905726,0.0,0
2022-10-05,3003401.393905726,3003401.393905726,0.0,0
2022-10-06,3003401.393905726,3003401.393905726,0.0,0
2022-10-07,3003401.393905726,3003401.393905726,0.0,0
2022-10-10,3003401.393905726,3003401.393905726,0.0,0
2022-10-11,3003401.393905726,3003401.393905726,0.0,0
2022-10-12,3003401.393905726,3003401.393905726,0.0,0
2022-10-13,3003401.393905726,3003401.393905726,0.0,0
2022-10-14,3003401.393905726,3003401.393905726,0.0,0
2022-10-17,3003401.393905726,3003401.393905726,0.0,0
2022-10-18,3003401.393905726,3003401.393905726,0.0,0
2022-10-19,3003401.393905726,3003401.393905726,0.0,0
2022-10-20,3003401.393905726,3003401.393905726,0.0,0
2022-10-21,3003401.393905726,3003401.393905726,0.0,0
2022-10-24,3003401.393905726,3003401.393905726,0.0,0
2022-10-25,3003401.393905726,3003401.393905726,0.0,0
2022-10-26,3003401.393905726,3003401.393905726,0.0,0
2022-10-27,3003401.393905726,3003401.393905726,0.0,0
2022-10-28,3003401.393905726,3003401.393905726,0.0,0
2022-10-31,3003101.393905726,2703101.393905726,300000.0,1
2022-11-01,3002801.393905726,2402801.393905726,600000.0,2
2022-11-02,3002801.393905726,2402801.393905726,600000.0,2
2022-11-03,3002801.393905726,2402801.393905726,600000.0,2
2022-11-04,3002801.393905726,2402801.393905726,600000.0,2
2022-11-07,3002201.393905726,1802201.3939057258,1200000.0,4
2022-11-08,3002201.393905726,1802201.3939057258,1200000.0,4
2022-11-09,3002201.393905726,1802201.3939057258,1200000.0,4
2022-11-10,3001901.393905726,1501901.3939057258,1500000.0,5
2022-11-11,3001601.393905726,1201601.3939057258,1800000.0,6
2022-11-14,3001601.393905726,1201601.3939057258,1800000.0,6
2022-11-15,3001601.393905726,1201601.3939057258,1800000.0,6
2022-11-16,3001601.393905726,1201601.3939057258,1800000.0,6
2022-11-17,3040785.83423883,1540785.8342388298,1500000.0,5
2022-11-18,3040785.83423883,1540785.8342388298,1500000.0,5
2022-11-21,3025492.0030788295,1825492.0030788297,1200000.0,4
2022-11-22,3045086.6134883133,1845086.6134883133,1200000.0,4
2022-11-23,3045086.6134883133,1845086.6134883133,1200000.0,4
2022-11-24,3045086.6134883133,1845086.6134883133,1200000.0,4
2022-11-25,3081790.1723016715,2181790.1723016715,900000.0,3
2022-11-28,3051183.1293816715,2751183.1293816715,300000.0,1
2022-11-29,3051183.1293816715,2751183.1293816715,300000.0,1
2022-11-30,3050283.1293816715,1850283.1293816715,1200000.0,4
2022-12-01,3034943.4641016717,2134943.4641016717,900000.0,3
2022-12-02,3034643.4641016717,1834643.4641016717,1200000.0,4
2022-12-05,3034643.4641016717,1834643.4641016717,1200000.0,4
2022-12-06,3003793.494351672,2403793.494351672,600000.0,2
2022-12-07,3003793.494351672,2403793.494351672,600000.0,2
2022-12-08,3003793.494351672,2403793.494351672,600000.0,2
2022-12-09,3003793.494351672,2403793.494351672,600000.0,2
2022-12-12,3003793.494351672,2403793.494351672,600000.0,2
2022-12-13,3003793.494351672,2403793.494351672,600000.0,2
2022-12-14,3003793.494351672,2403793.494351672,600000.0,2
2022-12-15,3003793.494351672,2403793.494351672,600000.0,2
2022-12-16,3003793.494351672,2403793.494351672,600000.0,2
2022-12-19,3003793.494351672,2403793.494351672,600000.0,2
2022-12-20,3003793.494351672,2403793.494351672,600000.0,2
2022-12-21,3003493.494351672,2103493.494351672,900000.0,3
2022-12-22,2997464.288342526,2397464.288342526,600000.0,2
2022-12-23,2997464.288342526,2397464.288342526,600000.0,2
2022-12-26,2997464.288342526,2397464.288342526,600000.0,2
2022-12-27,2997464.288342526,2397464.288342526,600000.0,2
2022-12-28,2997464.288342526,2397464.288342526,600000.0,2
2022-12-29,2997464.288342526,2397464.288342526,600000.0,2
2022-12-30,2997464.288342526,2397464.288342526,600000.0,2
2023-01-02,2997464.288342526,2397464.288342526,600000.0,2
2023-01-03,2982828.268712526,2682828.268712526,300000.0,1
2023-01-04,2982828.268712526,2682828.268712526,300000.0,1
2023-01-05,2982828.268712526,2682828.268712526,300000.0,1
2023-01-06,2982828.268712526,2682828.268712526,300000.0,1
2023-01-09,2982828.268712526,2682828.268712526,300000.0,1
2023-01-10,2982528.268712526,2382528.268712526,600000.0,2
2023-01-11,2982228.268712526,2082228.2687125262,900000.0,3
2023-01-12,2981928.268712526,1781928.2687125262,1200000.0,4
2023-01-13,2981928.268712526,1781928.2687125262,1200000.0,4
2023-01-16,2981928.268712526,1781928.2687125262,1200000.0,4
2023-01-17,2981928.268712526,1781928.2687125262,1200000.0,4
2023-01-18,2981928.268712526,1781928.2687125262,1200000.0,4
2023-01-19,2981928.268712526,1781928.2687125262,1200000.0,4
2023-01-20,3017075.0345191536,1817075.0345191536,1200000.0,4
2023-01-23,3016775.0345191536,1516775.0345191536,1500000.0,5
2023-01-24,3016475.0345191536,1216475.0345191536,1800000.0,6
2023-01-25,3016475.0345191536,1216475.0345191536,1800000.0,6
2023-01-26,3044123.1523142266,1544123.1523142266,1500000.0,5
2023-01-27,3043823.1523142266,1243823.1523142266,1800000.0,6
2023-01-30,3043823.1523142266,1243823.1523142266,1800000.0,6
2023-01-31,3065978.3053084966,1565978.3053084968,1500000.0,5
2023-02-01,3065678.3053084966,1265678.3053084968,1800000.0,6
2023-02-02,3073579.2045833613,1873579.2045833613,1200000.0,4
2023-02-03,3069516.492146514,1569516.492146514,1500000.0,5
2023-02-06,3069516.492146514,1569516.492146514,1500000.0,5
2023-02-07,3069516.492146514,1569516.492146514,1500000.0,5
2023-02-08,3069216.492146514,1269216.492146514,1800000.0,6
2023-02-09,3040499.886896514,1840499.8868965139,1200000.0,4
2023-02-10,3025220.161616514,2125220.161616514,900000.0,3
2023-02-13,3024620.161616514,1524620.161616514,1500000.0,5
2023-02-14,3038139.8564126696,1838139.8564126696,1200000.0,4
2023-02-15,3049722.0280358163,1849722.0280358163,1200000.0,4
2023-02-16,3039377.402715816,2139377.402715816,900000.0,3
2023-02-17,3039377.402715816,2139377.402715816,900000.0,3
2023-02-20,3039377.402715816,2139377.402715816,900000.0,3
2023-02-21,3039377.402715816,2139377.402715816,900000.0,3
2023-02-22,3039377.402715816,2139377.402715816,900000.0,3
2023-02-23,3039077.402715816,1839077.4027158162,1200000.0,4
2023-02-24,3038777.402715816,1538777.4027158162,1500000.0,5
2023-02-27,3038777.402715816,1538777.4027158162,1500000.0,5
2023-02-28,3038477.402715816,1238477.4027158162,1800000.0,6
2023-03-01,3099469.7083294736,1899469.7083294736,1200000.0,4
2023-03-02,3098869.7083294736,1298869.7083294736,1800000.0,6
2023-03-03,3111022.4194473196,1611022.4194473193,1500000.0,5
2023-03-06,3110722.4194473196,1310722.4194473193,1800000.0,6
2023-03-07,3110722.4194473196,1310722.4194473193,1800000.0,6
2023-03-08,3110722.4194473196,1310722.4194473193,1800000.0,6
2023-03-09,3081234.9255573195,2181234.9255573195,900000.0,3
2023-03-10,3043592.4148473195,3043592.4148473195,0.0,0
2023-03-13,3043592.4148473195,3043592.4148473195,0.0,0
2023-03-14,3043592.4148473195,3043592.4148473195,0.0,0
2023-03-15,3043592.4148473195,3043592.4148473195,0.0,0
2023-03-16,3043292.4148473195,2743292.4148473195,300000.0,1
2023-03-17,3043292.4148473195,2743292.4148473195,300000.0,1
2023-03-20,3043292.4148473195,2743292.4148473195,300000.0,1
2023-03-21,3042692.4148473195,2142692.4148473195,900000.0,3
2023-03-22,3042692.4148473195,2142692.4148473195,900000.0,3
2023-03-23,3042692.4148473195,2142692.4148473195,900000.0,3
2023-03-24,3042692.4148473195,2142692.4148473195,900000.0,3
2023-03-27,3042692.4148473195,2142692.4148473195,900000.0,3
2023-03-28,3027430.1021373193,2427430.1021373193,600000.0,2
2023-03-29,3027430.1021373193,2427430.1021373193,600000.0,2
2023-03-30,3027430.1021373193,2427430.1021373193,600000.0,2
2023-03-31,3026830.1021373193,1826830.1021373193,1200000.0,4
2023-04-03,3026530.1021373193,1526530.1021373193,1500000.0,5
2023-04-04,3026230.1021373193,1226230.1021373193,1800000.0,6
2023-04-05,3026230.1021373193,1226230.1021373193,1800000.0,6
2023-04-06,3014259.4244973194,1514259.4244973192,1500000.0,5
2023-04-07,3014259.4244973194,1514259.4244973192,1500000.0,5
2023-04-10,3014259.4244973194,1514259.4244973192,1500000.0,5
2023-04-11,3013959.4244973194,1213959.4244973192,1800000.0,6
2023-04-12,3013959.4244973194,1213959.4244973192,1800000.0,6
2023-04-13,3013959.4244973194,1213959.4244973192,1800000.0,6
2023-04-14,3013959.4244973194,1213959.4244973192,1800000.0,6
2023-04-17,3032355.1086226637,1532355.108622664,1500000.0,5
2023-04-18,3044163.496090621,1544163.4960906212,1500000.0,5
2023-04-19,3044163.496090621,1544163.4960906212,1500000.0,5
2023-04-20,3043863.496090621,1243863.4960906212,1800000.0,6
2023-04-21,3054018.0934234173,1554018.0934234173,1500000.0,5
2023-04-24,3053718.0934234173,1253718.0934234173,1800000.0,6
2023-04-25,3053718.0934234173,1253718.0934234173,1800000.0,6
2023-04-26,3030538.2758434173,1830538.2758434175,1200000.0,4
2023-04-27,3030538.2758434173,1830538.2758434175,1200000.0,4
2023-04-28,3044715.132365764,1544715.1323657644,1500000.0,5
2023-05-01,3044415.132365764,1244415.1323657644,1800000.0,6
2023-05-02,3031021.7688357644,1531021.7688357644,1500000.0,5
2023-05-03,3066816.6666559987,1866816.666655999,1200000.0,4
2023-05-04,3066516.6666559987,1566516.666655999,1500000.0,5
2023-05-05,3066516.6666559987,1566516.666655999,1500000.0,5
2023-05-08,3091628.370102334,1591628.370102334,1500000.0,5
2023-05-09,3091628.370102334,1591628.370102334,1500000.0,5
2023-05-10,3091328.370102334,1291328.370102334,1800000.0,6
2023-05-11,3080090.448972334,1580090.4489723342,1500000.0,5
2023-05-12,3079790.448972334,1279790.4489723342,1800000.0,6
2023-05-15,3079790.448972334,1279790.4489723342,1800000.0,6
2023-05-16,3051927.379332334,1851927.379332334,1200000.0,4
2023-05-17,3096232.3471844085,1596232.3471844085,1500000.0,5
2023-05-18,3139731.7929816437,1939731.7929816437,1200000.0,4
2023-05-19,3139731.7929816437,1939731.7929816437,1200000.0,4
2023-05-22,3139431.7929816437,1639431.7929816437,1500000.0,5
2023-05-23,3131585.8265016438,1931585.8265016438,1200000.0,4
2023-05-24,3131585.8265016438,1931585.8265016438,1200000.0,4
2023-05-25,3130985.8265016438,1330985.8265016438,1800000.0,6
2023-05-26,3189100.220252565,1989100.220252565,1200000.0,4
2023-05-29,3188500.220252565,1388500.220252565,1800000.0,6
2023-05-30,3188500.220252565,1388500.220252565,1800000.0,6
2023-05-31,3188500.220252565,1388500.220252565,1800000.0,6
2023-06-01,3188500.220252565,1388500.220252565,1800000.0,6
2023-06-02,3218007.993106845,1718007.993106845,1500000.0,5
2023-06-05,3217707.993106845,1417707.993106845,1800000.0,6
2023-06-06,3217707.993106845,1417707.993106845,1800000.0,6
2023-06-07,3205010.9225868452,1705010.922586845,1500000.0,5
2023-06-08,3204710.9225868452,1404710.922586845,1800000.0,6
2023-06-09,3204710.9225868452,1404710.922586845,1800000.0,6
2023-06-12,3241023.0440906645,1741023.0440906645,1500000.0,5
2023-06-13,3259309.6061231643,1759309.6061231645,1500000.0,5
2023-06-14,3259009.6061231643,1459009.6061231645,1800000.0,6
2023-06-15,3259009.6061231643,1459009.6061231645,1800000.0,6
2023-06-16,3243758.4122831644,1743758.4122831644,1500000.0,5
2023-06-19,3243458.4122831644,1443458.4122831644,1800000.0,6
2023-06-20,3243458.4122831644,1443458.4122831644,1800000.0,6
2023-06-21,3228118.9567931644,1728118.9567931644,1500000.0,5
2023-06-22,3227818.9567931644,1427818.9567931644,1800000.0,6
2023-06-23,3217141.1849531643,1717141.1849531643,1500000.0,5
2023-06-26,3190188.1940231645,1990188.1940231645,1200000.0,4
2023-06-27,3211963.938385688,1711963.9383856875,1500000.0,5
2023-06-28,3228644.9124902524,1728644.9124902524,1500000.0,5
2023-06-29,3228644.9124902524,1728644.9124902524,1500000.0,5
2023-06-30,3228344.9124902524,1428344.9124902524,1800000.0,6
2023-07-03,3228344.9124902524,1428344.9124902524,1800000.0,6
2023-07-04,3228344.9124902524,1428344.9124902524,1800000.0,6
2023-07-05,3260982.041423565,1760982.0414235648,1500000.0,5
2023-07-06,3246326.111423565,1746326.1114235648,1500000.0,5
2023-07-07,3246026.111423565,1446026.1114235648,1800000.0,6
2023-07-10,3260876.5116303144,2060876.5116303146,1200000.0,4
2023-07-11,3260276.5116303144,1460276.5116303146,1800000.0,6
2023-07-12,3277462.9568389785,1777462.9568389785,1500000.0,5
2023-07-13,3290873.0164273623,1790873.0164273626,1500000.0,5
2023-07-14,3309182.5439713625,1809182.5439713625,1500000.0,5
2023-07-17,3308882.5439713625,1508882.5439713625,1800000.0,6
2023-07-18,3320630.945993756,1820630.9459937562,1500000.0,5
2023-07-19,3320330.945993756,1520330.9459937562,1800000.0,6
2023-07-20,3281477.8470837562,2381477.8470837562,900000.0,3
2023-07-21,3280877.8470837562,1780877.8470837562,1500000.0,5
2023-07-24,3265599.870053756,2065599.8700537563,1200000.0,4
2023-07-25,3251713.469453756,1751713.4694537562,1500000.0,5
2023-07-26,3251713.469453756,1751713.4694537562,1500000.0,5
2023-07-27,3251413.469453756,1451413.4694537562,1800000.0,6
2023-07-28,3251413.469453756,1451413.4694537562,1800000.0,6
2023-07-31,3269699.176510198,1769699.1765101978,1500000.0,5
2023-08-01,3269399.176510198,1469399.1765101978,1800000.0,6
2023-08-02,3269399.176510198,1469399.1765101978,1800000.0,6
2023-08-03,3282249.062360698,2382249.062360698,900000.0,3
2023-08-04,3281349.062360698,1481349.062360698,1800000.0,6
2023-08-07,3281349.062360698,1481349.062360698,1800000.0,6
2023-08-08,3271996.164320698,1771996.164320698,1500000.0,5
2023-08-09,3271696.164320698,1471696.164320698,1800000.0,6
2023-08-10,3271696.164320698,1471696.164320698,1800000.0,6
2023-08-11,3257553.700640698,1757553.700640698,1500000.0,5
2023-08-14,3257253.700640698,1457253.700640698,1800000.0,6
2023-08-15,3246982.531790698,1746982.531790698,1500000.0,5
2023-08-16,3231672.806540698,2031672.8065406978,1200000.0,4
2023-08-17,3204062.9234606978,2604062.9234606978,600000.0,2
2023-08-18,3204062.9234606978,2604062.9234606978,600000.0,2
2023-08-21,3204062.9234606978,2604062.9234606978,600000.0,2
2023-08-22,3204062.9234606978,2604062.9234606978,600000.0,2
2023-08-23,3204062.9234606978,2604062.9234606978,600000.0,2
2023-08-24,3204062.9234606978,2604062.9234606978,600000.0,2
2023-08-25,3204062.9234606978,2604062.9234606978,600000.0,2
2023-08-28,3204062.9234606978,2604062.9234606978,600000.0,2
2023-08-29,3213910.796651629,2313910.796651629,900000.0,3
2023-08-30,3213910.796651629,2313910.796651629,900000.0,3
2023-08-31,3213010.796651629,1413010.7966516288,1800000.0,6
2023-09-01,3199393.647131629,1699393.6471316288,1500000.0,5
2023-09-04,3199093.647131629,1399093.6471316288,1800000.0,6
2023-09-05,3199093.647131629,1399093.6471316288,1800000.0,6
2023-09-06,3199093.647131629,1399093.6471316288,1800000.0,6
2023-09-07,3191537.634595323,2291537.634595323,900000.0,3
2023-09-08,3190937.634595323,1690937.634595323,1500000.0,5
2023-09-11,3190637.634595323,1390637.634595323,1800000.0,6
2023-09-12,3178655.8380853226,1678655.8380853229,1500000.0,5
2023-09-13,3178655.8380853226,1678655.8380853229,1500000.0,5
2023-09-14,3190842.4650570303,1690842.4650570303,1500000.0,5
2023-09-15,3163688.8549470305,1963688.8549470305,1200000.0,4
2023-09-18,3155554.7965470306,1955554.7965470306,1200000.0,4
2023-09-19,3130365.7102470305,2530365.7102470305,600000.0,2
2023-09-20,3130065.7102470305,2230065.7102470305,900000.0,3
2023-09-21,3130065.7102470305,2230065.7102470305,900000.0,3
2023-09-22,3130065.7102470305,2230065.7102470305,900000.0,3
2023-09-25,3130065.7102470305,2230065.7102470305,900000.0,3
2023-09-26,3130065.7102470305,2230065.7102470305,900000.0,3
2023-09-27,3129765.7102470305,1929765.7102470305,1200000.0,4
2023-09-28,3129465.7102470305,1629465.7102470305,1500000.0,5
2023-09-29,3129465.7102470305,1629465.7102470305,1500000.0,5
2023-10-02,3114193.7372070304,1914193.7372070304,1200000.0,4
2023-10-03,3100409.3391467417,2500409.3391467417,600000.0,2
2023-10-04,3100409.3391467417,2500409.3391467417,600000.0,2
2023-10-05,3100409.3391467417,2500409.3391467417,600000.0,2
2023-10-06,3100409.3391467417,2500409.3391467417,600000.0,2
2023-10-09,3121427.0201392416,2821427.0201392416,300000.0,1
2023-10-10,3121427.0201392416,2821427.0201392416,300000.0,1
2023-10-11,3132128.0097636073,3132128.0097636073,0.0,0
2023-10-12,3132128.0097636073,3132128.0097636073,0.0,0
2023-10-13,3132128.0097636073,3132128.0097636073,0.0,0
2023-10-16,3132128.0097636073,3132128.0097636073,0.0,0
2023-10-17,3132128.0097636073,3132128.0097636073,0.0,0
2023-10-18,3132128.0097636073,3132128.0097636073,0.0,0
2023-10-19,3132128.0097636073,3132128.0097636073,0.0,0
2023-10-20,3132128.0097636073,3132128.0097636073,0.0,0
2023-10-23,3132128.0097636073,3132128.0097636073,0.0,0
2023-10-24,3132128.0097636073,3132128.0097636073,0.0,0
2023-10-25,3132128.0097636073,3132128.0097636073,0.0,0
2023-10-26,3132128.0097636073,3132128.0097636073,0.0,0
2023-10-27,3132128.0097636073,3132128.0097636073,0.0,0
2023-10-30,3132128.0097636073,3132128.0097636073,0.0,0
2023-10-31,3132128.0097636073,3132128.0097636073,0.0,0
2023-11-01,3132128.0097636073,3132128.0097636073,0.0,0
2023-11-02,3132128.0097636073,3132128.0097636073,0.0,0
2023-11-03,3132128.0097636073,3132128.0097636073,0.0,0
2023-11-06,3131528.0097636073,2531528.0097636073,600000.0,2
2023-11-07,3131528.0097636073,2531528.0097636073,600000.0,2
2023-11-08,3131528.0097636073,2531528.0097636073,600000.0,2
2023-11-09,3131528.0097636073,2531528.0097636073,600000.0,2
2023-11-10,3131528.0097636073,2531528.0097636073,600000.0,2
2023-11-13,3131528.0097636073,2531528.0097636073,600000.0,2
2023-11-14,3131228.0097636073,2231228.0097636073,900000.0,3
2023-11-15,3131228.0097636073,2231228.0097636073,900000.0,3
2023-11-16,3130928.0097636073,1930928.0097636073,1200000.0,4
2023-11-17,3130628.0097636073,1630628.0097636073,1500000.0,5
2023-11-20,3165534.079648872,2265534.079648872,900000.0,3
2023-11-21,3165534.079648872,2265534.079648872,900000.0,3
2023-11-22,3165534.079648872,2265534.079648872,900000.0,3
2023-11-23,3165534.079648872,2265534.079648872,900000.0,3
2023-11-24,3165534.079648872,2265534.079648872,900000.0,3
2023-11-27,3165534.079648872,2265534.079648872,900000.0,3
2023-11-28,3165534.079648872,2265534.079648872,900000.0,3
2023-11-29,3165534.079648872,2265534.079648872,900000.0,3
2023-11-30,3180817.7337472355,2280817.7337472355,900000.0,3
2023-12-01,3180517.7337472355,1980517.7337472355,1200000.0,4
2023-12-04,3194765.282045747,1994765.2820457472,1200000.0,4
2023-12-05,3194765.282045747,1994765.2820457472,1200000.0,4
2023-12-06,3179470.5917457473,2279470.5917457473,900000.0,3
2023-12-07,3179470.5917457473,2279470.5917457473,900000.0,3
2023-12-08,3179470.5917457473,2279470.5917457473,900000.0,3
2023-12-11,3179470.5917457473,2279470.5917457473,900000.0,3
2023-12-12,3179470.5917457473,2279470.5917457473,900000.0,3
2023-12-13,3179170.5917457473,1979170.5917457473,1200000.0,4
2023-12-14,3219221.3307280466,2019221.3307280466,1200000.0,4
2023-12-15,3219221.3307280466,2019221.3307280466,1200000.0,4
2023-12-18,3219221.3307280466,2019221.3307280466,1200000.0,4
2023-12-19,3257043.3351187,2357043.3351187,900000.0,3
2023-12-20,3257043.3351187,2357043.3351187,900000.0,3
2023-12-21,3257043.3351187,2357043.3351187,900000.0,3
2023-12-22,3257043.3351187,2357043.3351187,900000.0,3
2023-12-25,3257043.3351187,2357043.3351187,900000.0,3
2023-12-26,3272276.3334115134,2672276.3334115134,600000.0,2
2023-12-27,3272276.3334115134,2672276.3334115134,600000.0,2
2023-12-28,3272276.3334115134,2672276.3334115134,600000.0,2
2023-12-29,3272276.3334115134,2672276.3334115134,600000.0,2
2024-01-01,3272276.3334115134,2672276.3334115134,600000.0,2
2024-01-02,3272276.3334115134,2672276.3334115134,600000.0,2
2024-01-03,3260803.9969315133,2960803.9969315133,300000.0,1
2024-01-04,3259903.9969315133,2059903.9969315133,1200000.0,4
2024-01-05,3259303.9969315133,1459303.9969315133,1800000.0,6
2024-01-08,3259303.9969315133,1459303.9969315133,1800000.0,6
2024-01-09,3259303.9969315133,1459303.9969315133,1800000.0,6
2024-01-10,3244034.0718415133,1744034.0718415133,1500000.0,5
2024-01-11,3234936.3780415133,1734936.3780415133,1500000.0,5
2024-01-12,3225430.1931415135,1725430.1931415133,1500000.0,5
2024-01-15,3225130.1931415135,1425130.1931415133,1800000.0,6
2024-01-16,3199572.9587114695,1999572.9587114695,1200000.0,4
2024-01-17,3198972.9587114695,1398972.9587114695,1800000.0,6
2024-01-18,3198972.9587114695,1398972.9587114695,1800000.0,6
2024-01-19,3236828.3396900096,2036828.3396900096,1200000.0,4
2024-01-22,3236228.3396900096,1436228.3396900096,1800000.0,6
2024-01-23,3222962.2787300097,1722962.2787300097,1500000.0,5
2024-01-24,3234832.47654951,1734832.4765495097,1500000.0,5
2024-01-25,3234532.47654951,1434532.4765495097,1800000.0,6
2024-01-26,3234532.47654951,1434532.4765495097,1800000.0,6
2024-01-29,3252019.8637693594,1752019.8637693594,1500000.0,5
2024-01-30,3259944.9278474366,1759944.9278474364,1500000.0,5
2024-01-31,3244226.8610474365,1744226.8610474365,1500000.0,5
2024-02-01,3243926.8610474365,1443926.8610474365,1800000.0,6
2024-02-02,3306899.142500816,2106899.142500816,1200000.0,4
2024-02-05,3297312.038300816,1797312.038300816,1500000.0,5
2024-02-06,3297012.038300816,1497012.038300816,1800000.0,6
2024-02-07,3323974.065641128,1823974.065641128,1500000.0,5
2024-02-08,3323674.065641128,1523674.065641128,1800000.0,6
2024-02-09,3323674.065641128,1523674.065641128,1800000.0,6
2024-02-12,3323674.065641128,1523674.065641128,1800000.0,6
2024-02-13,3323674.065641128,1523674.065641128,1800000.0,6
2024-02-14,3323674.065641128,1523674.065641128,1800000.0,6
2024-02-15,3323674.065641128,1523674.065641128,1800000.0,6
2024-02-16,3310766.8554711277,1810766.855471128,1500000.0,5
2024-02-19,3310466.8554711277,1510466.855471128,1800000.0,6
2024-02-20,3310466.8554711277,1510466.855471128,1800000.0,6
2024-02-21,3300533.838131128,1800533.8381311279,1500000.0,5
2024-02-22,3313885.3928021295,1813885.3928021293,1500000.0,5
2024-02-23,3327737.2047557393,1827737.2047557395,1500000.0,5
2024-02-26,3327437.2047557393,1527437.2047557395,1800000.0,6
2024-02-27,3375213.9424568433,1875213.942456843,1500000.0,5
2024-02-28,3374913.9424568433,1574913.942456843,1800000.0,6
2024-02-29,3389779.265840102,1889779.265840102,1500000.0,5
2024-03-01,3422929.225731111,1922929.225731111,1500000.0,5
2024-03-04,3422629.225731111,1622629.225731111,1800000.0,6
2024-03-05,3410151.175971111,1910151.1759711108,1500000.0,5
2024-03-06,3409851.175971111,1609851.1759711108,1800000.0,6
2024-03-07,3409851.175971111,1609851.1759711108,1800000.0,6
2024-03-08,3396543.836331111,1896543.836331111,1500000.0,5
2024-03-11,3384129.462531111,1884129.462531111,1500000.0,5
2024-03-12,3383829.462531111,1583829.462531111,1800000.0,6
2024-03-13,3368521.885131111,1868521.885131111,1500000.0,5
2024-03-14,3368221.885131111,1568221.885131111,1800000.0,6
2024-03-15,3368221.885131111,1568221.885131111,1800000.0,6
2024-03-18,3379923.7974297395,1879923.7974297395,1500000.0,5
2024-03-19,3379623.7974297395,1579623.7974297395,1800000.0,6
2024-03-20,3410459.9247705415,2210459.9247705415,1200000.0,4
2024-03-21,3426899.2138692713,1926899.2138692713,1500000.0,5
2024-03-22,3426599.2138692713,1626599.2138692713,1800000.0,6
2024-03-25,3411314.453629271,1911314.4536292714,1500000.0,5
2024-03-26,3411014.453629271,1611014.4536292714,1800000.0,6
2024-03-27,3411014.453629271,1611014.4536292714,1800000.0,6
2024-03-28,3411014.453629271,1611014.4536292714,1800000.0,6
2024-03-29,3411014.453629271,1611014.4536292714,1800000.0,6
2024-04-01,3448982.140748944,1948982.140748944,1500000.0,5
2024-04-02,3448682.140748944,1648682.140748944,1800000.0,6
2024-04-03,3448682.140748944,1648682.140748944,1800000.0,6
2024-04-04,3430896.028226327,2230896.028226327,1200000.0,4
2024-04-05,3430296.028226327,1630296.0282263272,1800000.0,6
2024-04-08,3430296.028226327,1630296.0282263272,1800000.0,6
2024-04-09,3407602.0243463274,2207602.0243463274,1200000.0,4
2024-04-10,3407302.0243463274,1907302.0243463274,1500000.0,5
2024-04-11,3407302.0243463274,1907302.0243463274,1500000.0,5
2024-04-12,3398752.5221063276,2198752.5221063276,1200000.0,4
2024-04-15,3378838.8548063277,2478838.8548063277,900000.0,3
2024-04-16,3365760.1463063275,2765760.1463063275,600000.0,2
2024-04-17,3358483.080356328,3058483.080356328,300000.0,1
2024-04-18,3358483.080356328,3058483.080356328,300000.0,1
2024-04-19,3357883.080356328,2457883.080356328,900000.0,3
2024-04-22,3357883.080356328,2457883.080356328,900000.0,3
2024-04-23,3356983.080356328,1556983.0803563278,1800000.0,6
2024-04-24,3373374.8143914198,1873374.8143914198,1500000.0,5
2024-04-25,3373074.8143914198,1573074.8143914198,1800000.0,6
2024-04-26,3364593.12427142,1864593.1242714198,1500000.0,5
2024-04-29,3364293.12427142,1564293.1242714198,1800000.0,6
2024-04-30,3364293.12427142,1564293.1242714198,1800000.0,6
2024-05-01,3348976.19623142,1848976.19623142,1500000.0,5
2024-05-02,3348676.19623142,1548676.19623142,1800000.0,6
2024-05-03,3348676.19623142,1548676.19623142,1800000.0,6
2024-05-06,3348676.19623142,1548676.19623142,1800000.0,6
2024-05-07,3348676.19623142,1548676.19623142,1800000.0,6
2024-05-08,3348676.19623142,1548676.19623142,1800000.0,6
2024-05-09,3387346.0650392203,1887346.0650392203,1500000.0,5
2024-05-10,3401018.1753330356,1901018.1753330356,1500000.0,5
2024-05-13,3400718.1753330356,1600718.1753330356,1800000.0,6
2024-05-14,3400718.1753330356,1600718.1753330356,1800000.0,6
2024-05-15,3400718.1753330356,1600718.1753330356,1800000.0,6
2024-05-16,3400718.1753330356,1600718.1753330356,1800000.0,6
2024-05-17,3400718.1753330356,1600718.1753330356,1800000.0,6
2024-05-20,3400718.1753330356,1600718.1753330356,1800000.0,6
2024-05-21,3400718.1753330356,1600718.1753330356,1800000.0,6
2024-05-22,3400718.1753330356,1600718.1753330356,1800000.0,6
2024-05-23,3373564.2858030354,2173564.2858030354,1200000.0,4
2024-05-24,3372964.2858030354,1572964.2858030354,1800000.0,6
2024-05-27,3372964.2858030354,1572964.2858030354,1800000.0,6
2024-05-28,3372964.2858030354,1572964.2858030354,1800000.0,6
2024-05-29,3407793.5342234466,1907793.5342234464,1500000.0,5
2024-05-30,3400244.4535441133,1900244.4535441133,1500000.0,5
2024-05-31,3401576.4225260178,2201576.4225260178,1200000.0,4
2024-06-03,3401276.4225260178,1901276.4225260178,1500000.0,5
2024-06-04,3401276.4225260178,1901276.4225260178,1500000.0,5
2024-06-05,3400976.4225260178,1600976.4225260178,1800000.0,6
2024-06-06,3411992.4049296984,1911992.4049296984,1500000.0,5
2024-06-07,3411692.4049296984,1611692.4049296984,1800000.0,6
2024-06-10,3411692.4049296984,1611692.4049296984,1800000.0,6
2024-06-11,3411692.4049296984,1611692.4049296984,1800000.0,6
2024-06-12,3411692.4049296984,1611692.4049296984,1800000.0,6
2024-06-13,3398332.188183861,1898332.1881838609,1500000.0,5
2024-06-14,3387348.262503861,1887348.262503861,1500000.0,5
2024-06-17,3418018.6566738933,1918018.6566738933,1500000.0,5
2024-06-18,3442923.813277191,1942923.813277191,1500000.0,5
2024-06-19,3442623.813277191,1642623.813277191,1800000.0,6
2024-06-20,3432286.320817191,1932286.3208171912,1500000.0,5
2024-06-21,3431986.320817191,1631986.3208171912,1800000.0,6
2024-06-24,3418168.592077191,1918168.5920771912,1500000.0,5
2024-06-25,3417868.592077191,1617868.5920771912,1800000.0,6
2024-06-26,3411170.596477191,1911170.5964771912,1500000.0,5
2024-06-27,3411170.596477191,1911170.5964771912,1500000.0,5
2024-06-28,3401370.885697191,2201370.885697191,1200000.0,4
2024-07-01,3401070.885697191,1901070.885697191,1500000.0,5
2024-07-02,3401070.885697191,1901070.885697191,1500000.0,5
2024-07-03,3422705.611979855,2222705.611979855,1200000.0,4
2024-07-04,3422705.611979855,2222705.611979855,1200000.0,4
2024-07-05,3422705.611979855,2222705.611979855,1200000.0,4
2024-07-08,3422105.611979855,1622105.6119798552,1800000.0,6
2024-07-09,3422105.611979855,1622105.6119798552,1800000.0,6
2024-07-10,3422105.611979855,1622105.6119798552,1800000.0,6
2024-07-11,3422105.611979855,1622105.6119798552,1800000.0,6
2024-07-12,3440818.4565279074,2240818.4565279074,1200000.0,4
2024-07-15,3440518.4565279074,1940518.4565279074,1500000.0,5
2024-07-16,3477921.2678504763,1977921.2678504763,1500000.0,5
2024-07-17,3477921.2678504763,1977921.2678504763,1500000.0,5
2024-07-18,3477921.2678504763,1977921.2678504763,1500000.0,5
2024-07-19,3468845.1927104765,2268845.1927104765,1200000.0,4
2024-07-22,3468845.1927104765,2268845.1927104765,1200000.0,4
2024-07-23,3468845.1927104765,2268845.1927104765,1200000.0,4
2024-07-24,3525129.157398808,2625129.157398808,900000.0,3
2024-07-25,3518273.818998808,2618273.818998808,900000.0,3
2024-07-26,3518273.818998808,2618273.818998808,900000.0,3
2024-07-29,3504393.882528808,2904393.882528808,600000.0,2
2024-07-30,3504393.882528808,2904393.882528808,600000.0,2
2024-07-31,3504093.882528808,2604093.882528808,900000.0,3
2024-08-01,3559033.8426911077,2959033.8426911077,600000.0,2
2024-08-02,3529215.8499311074,3529215.8499311074,0.0,0
2024-08-05,3529215.8499311074,3529215.8499311074,0.0,0
2024-08-06,3528615.8499311074,2928615.8499311074,600000.0,2
2024-08-07,3513201.3795311074,3213201.3795311074,300000.0,1
2024-08-08,3512901.3795311074,2912901.3795311074,600000.0,2
2024-08-09,3512601.3795311074,2612601.3795311074,900000.0,3
2024-08-12,3512601.3795311074,2612601.3795311074,900000.0,3
2024-08-13,3512301.3795311074,2312301.3795311074,1200000.0,4
2024-08-14,3512301.3795311074,2312301.3795311074,1200000.0,4
2024-08-15,3512301.3795311074,2312301.3795311074,1200000.0,4
2024-08-16,3512001.3795311074,2012001.3795311074,1500000.0,5
2024-08-19,3553487.2290900117,2053487.2290900117,1500000.0,5
2024-08-20,3553487.2290900117,2053487.2290900117,1500000.0,5
2024-08-21,3553487.2290900117,2053487.2290900117,1500000.0,5
2024-08-22,3553487.2290900117,2053487.2290900117,1500000.0,5
2024-08-23,3576996.43553459,2376996.43553459,1200000.0,4
2024-08-26,3576996.43553459,2376996.43553459,1200000.0,4
2024-08-27,3561369.29771459,2361369.29771459,1200000.0,4
2024-08-28,3561369.29771459,2361369.29771459,1200000.0,4
2024-08-29,3561369.29771459,2361369.29771459,1200000.0,4
2024-08-30,3561369.29771459,2361369.29771459,1200000.0,4
2024-09-02,3561369.29771459,2361369.29771459,1200000.0,4
2024-09-03,3566962.936610461,2966962.936610461,600000.0,2
2024-09-04,3566962.936610461,2966962.936610461,600000.0,2
2024-09-05,3566962.936610461,2966962.936610461,600000.0,2
2024-09-06,3566962.936610461,2966962.936610461,600000.0,2
2024-09-09,3566662.936610461,2666662.936610461,900000.0,3
2024-09-10,3566362.936610461,2366362.936610461,1200000.0,4
2024-09-11,3557089.2363176607,2357089.2363176607,1200000.0,4
2024-09-12,3556789.2363176607,2056789.2363176607,1500000.0,5
2024-09-13,3602228.8174052243,2402228.8174052243,1200000.0,4
2024-09-16,3601928.8174052243,2101928.8174052243,1500000.0,5
2024-09-17,3601628.8174052243,1801628.8174052243,1800000.0,6
2024-09-18,3632106.7110917363,2132106.7110917363,1500000.0,5
2024-09-19,3656094.0650681313,2156094.0650681313,1500000.0,5
2024-09-20,3655794.0650681313,1855794.0650681313,1800000.0,6
2024-09-23,3655794.0650681313,1855794.0650681313,1800000.0,6
2024-09-24,3702678.3389924048,2502678.3389924048,1200000.0,4
2024-09-25,3702378.3389924048,2202378.3389924048,1500000.0,5
2024-09-26,3702378.3389924048,2202378.3389924048,1500000.0,5
2024-09-27,3702378.3389924048,2202378.3389924048,1500000.0,5
2024-09-30,3702078.3389924048,1902078.3389924048,1800000.0,6
2024-10-01,3702078.3389924048,1902078.3389924048,1800000.0,6
2024-10-02,3702078.3389924048,1902078.3389924048,1800000.0,6
2024-10-03,3734969.7158158077,2234969.7158158077,1500000.0,5
2024-10-04,3734669.7158158077,1934669.7158158077,1800000.0,6
2024-10-07,3734669.7158158077,1934669.7158158077,1800000.0,6
2024-10-08,3734669.7158158077,1934669.7158158077,1800000.0,6
2024-10-09,3734669.7158158077,1934669.7158158077,1800000.0,6
2024-10-10,3708806.7440758077,2508806.7440758077,1200000.0,4
2024-10-11,3692788.8770758077,2192788.8770758077,1500000.0,5
2024-10-14,3692788.8770758077,2192788.8770758077,1500000.0,5
2024-10-15,3712339.8961036378,2212339.8961036378,1500000.0,5
2024-10-16,3712039.8961036378,1912039.8961036378,1800000.0,6
2024-10-17,3730216.5161500974,2230216.5161500974,1500000.0,5
2024-10-18,3729916.5161500974,1929916.5161500974,1800000.0,6
2024-10-21,3729916.5161500974,1929916.5161500974,1800000.0,6
2024-10-22,3729916.5161500974,1929916.5161500974,1800000.0,6
2024-10-23,3716927.7875800976,2216927.7875800976,1500000.0,5
2024-10-24,3708297.2761300975,2208297.2761300975,1500000.0,5
2024-10-25,3707997.2761300975,1907997.2761300975,1800000.0,6
2024-10-28,3707997.2761300975,1907997.2761300975,1800000.0,6
2024-10-29,3707997.2761300975,1907997.2761300975,1800000.0,6
2024-10-30,3707997.2761300975,1907997.2761300975,1800000.0,6
2024-10-31,3699482.6190100973,2199482.6190100973,1500000.0,5
2024-11-01,3699182.6190100973,1899182.6190100973,1800000.0,6
2024-11-04,3699182.6190100973,1899182.6190100973,1800000.0,6
2024-11-05,3736491.1213790895,2236491.1213790895,1500000.0,5
2024-11-06,3747287.771244994,2247287.771244994,1500000.0,5
2024-11-07,3800074.7591511225,2600074.7591511225,1200000.0,4
2024-11-08,3884328.819163975,2384328.819163975,1500000.0,5
2024-11-11,3988402.065830812,2788402.065830812,1200000.0,4
2024-11-12,3987802.065830812,2187802.065830812,1800000.0,6
2024-11-13,3995243.1162246433,3095243.1162246433,900000.0,3
2024-11-14,3995243.1162246433,3095243.1162246433,900000.0,3
2024-11-15,3994343.1162246433,2194343.1162246433,1800000.0,6
2024-11-18,3979041.2231346434,2479041.2231346434,1500000.0,5
2024-11-19,3978741.2231346434,2178741.2231346434,1800000.0,6
2024-11-20,3978741.2231346434,2178741.2231346434,1800000.0,6
2024-11-21,3978741.2231346434,2178741.2231346434,1800000.0,6
2024-11-22,4021535.7283284157,2521535.7283284157,1500000.0,5
2024-11-25,4021235.7283284157,2221235.7283284157,1800000.0,6
2024-11-26,4049319.3815059257,2849319.3815059257,1200000.0,4
2024-11-27,4048719.3815059257,2248719.3815059257,1800000.0,6
2024-11-28,4048719.3815059257,2248719.3815059257,1800000.0,6
2024-11-29,4048719.3815059257,2248719.3815059257,1800000.0,6
2024-12-02,4048719.3815059257,2248719.3815059257,1800000.0,6
2024-12-03,4037986.1252059257,2537986.1252059257,1500000.0,5
2024-12-04,4037686.1252059257,2237686.1252059257,1800000.0,6
2024-12-05,4037686.1252059257,2237686.1252059257,1800000.0,6
2024-12-06,4037686.1252059257,2237686.1252059257,1800000.0,6
2024-12-09,4028796.273655926,2528796.273655926,1500000.0,5
2024-12-10,4017072.908155926,2517072.908155926,1500000.0,5
2024-12-11,4010334.5093484507,2510334.5093484507,1500000.0,5
2024-12-12,4010034.5093484507,2210034.5093484507,1800000.0,6
2024-12-13,3994822.5362484506,2494822.5362484506,1500000.0,5
2024-12-16,3994822.5362484506,2494822.5362484506,1500000.0,5
2024-12-17,4001446.1204492548,2801446.1204492548,1200000.0,4
2024-12-18,3979453.4545292547,3379453.4545292547,600000.0,2
2024-12-19,3979453.4545292547,3379453.4545292547,600000.0,2
2024-12-20,3978853.4545292547,2778853.4545292547,1200000.0,4
2024-12-23,3978853.4545292547,2778853.4545292547,1200000.0,4
2024-12-24,3978853.4545292547,2778853.4545292547,1200000.0,4
2024-12-25,3978853.4545292547,2778853.4545292547,1200000.0,4
2024-12-26,3978853.4545292547,2778853.4545292547,1200000.0,4
2024-12-27,3978853.4545292547,2778853.4545292547,1200000.0,4
2024-12-30,3978853.4545292547,2778853.4545292547,1200000.0,4
2024-12-31,3978853.4545292547,2778853.4545292547,1200000.0,4
