timestamp,symbol,action,price,quantity,value,reason,portfolio_value,market_regime
2015-01-02 09:30:00-05:00,FPH.AX,buy,5.909999847412109,5922.0,34999.01909637451,"Conviction 4 | HIGH conviction: 40, trend: 100, vol: 0.1x",100000.0,NORMAL
2015-01-02 09:30:00-05:00,NST.AX,buy,1.5099999904632568,23178.0,34998.77977895737,"Conviction 4 | HIGH conviction: 40, trend: 90, vol: 0.3x",100000.0,NORMAL
2015-01-05 09:30:00-05:00,PME.AX,buy,1.149999976158142,27304.0,31399.59934902191,"Conviction 5 | MAX conviction: 50, trend: 90, vol: 1.6x",103417.48091578484,NORMAL
2015-01-20 09:30:00-05:00,FPH.AX,sell,5.449999809265137,5922.0,32274.89887046814,Stop Loss | P&L: -7.8%,120445.1684949398,NORMAL
2015-01-21 09:30:00-05:00,FPH.AX,buy,5.519999980926514,2200.0,12143.99995803833,"Conviction 1 | MINIMAL conviction: 12, trend: 65, vol: 0.9x",121480.29303383827,WEAK
2015-01-27 09:30:00-05:00,TNE.AX,buy,3.319999933242798,5927.0,19677.639604330063,"Conviction 5 | MAX conviction: 60, trend: 90, vol: 4.7x",114407.36152267456,STRONG
2015-01-29 09:30:00-05:00,NST.AX,sell,1.850000023841858,23178.0,42879.30055260658,Trailing Stop | P&L: 22.5%,112114.99147033691,STRONG
2015-01-30 09:30:00-05:00,NST.AX,buy,1.7949999570846558,24020.0,43115.89896917343,"Conviction 5 | MAX conviction: 45, trend: 70, vol: 1.8x",112114.99147033691,STRONG
2015-04-22 10:30:00-04:00,PME.AX,sell,1.725000023841858,27304.0,47099.40065097809,HOME RUN TARGET | P&L: 50.0%,138874.9695932865,WEAK
2015-04-23 10:30:00-04:00,ZIP.AX,buy,0.1899999976158142,109293.0,20765.669739425182,"Conviction 3 | STANDARD conviction: 30, trend: 80, vol: 0.0x",138438.5808980465,WEAK
2015-04-23 10:30:00-04:00,PME.AX,buy,1.7000000476837158,16286.0,27686.200776576996,"Conviction 5 | MAX conviction: 75, trend: 100, vol: 2.1x",138438.5808980465,WEAK
2015-04-27 10:30:00-04:00,NST.AX,sell,2.1700000762939453,24020.0,52123.40183258057,Trailing Stop | P&L: 20.9%,135784.08342957497,WEAK
2015-04-29 10:30:00-04:00,NST.AX,buy,2.2799999713897705,10286.0,23452.07970571518,"Conviction 4 | HIGH conviction: 35, trend: 70, vol: 1.7x",134018.1431760788,WEAK
2015-05-04 10:30:00-04:00,ZIP.AX,sell,0.17000000178813934,109293.0,18579.810195431113,Stop Loss | P&L: -10.5%,135333.201342389,WEAK
2015-05-05 10:30:00-04:00,ZIP.AX,buy,0.17000000178813934,98579.0,16758.43017627299,"Conviction 2 | LOW conviction: 25, trend: 70, vol: 0.0x",134068.07449035347,WEAK
2015-05-06 10:30:00-04:00,NST.AX,sell,2.049999952316284,10286.0,21086.2995095253,Stop Loss | P&L: -10.1%,132730.97226409614,WEAK
2015-05-06 10:30:00-04:00,FMG.AX,buy,2.5799999237060547,5144.0,13271.519607543945,"Conviction 1 | MINIMAL conviction: 17, trend: 65, vol: 0.9x",132730.97226409614,WEAK
2015-05-07 10:30:00-04:00,ZIP.AX,sell,0.14000000059604645,98579.0,13801.060058757663,Stop Loss | P&L: -17.6%,130819.90167327227,WEAK
2015-05-13 10:30:00-04:00,ZIP.AX,buy,0.18000000715255737,91219.0,16419.42065244913,"Conviction 2 | LOW conviction: 20, trend: 70, vol: 0.2x",131356.31257863343,WEAK
2015-05-14 10:30:00-04:00,FMG.AX,sell,2.309999942779541,5144.0,11882.639705657959,Stop Loss | P&L: -10.5%,130359.38099752368,WEAK
2015-05-14 10:30:00-04:00,ZIP.AX,sell,0.1599999964237213,91219.0,14595.039673775434,Stop Loss | P&L: -11.1%,130359.38099752368,WEAK
2015-05-15 10:30:00-04:00,ZIP.AX,buy,0.1599999964237213,81474.0,13035.83970862627,"Conviction 1 | MINIMAL conviction: 15, trend: 60, vol: 0.6x",130359.38099752368,WEAK
2015-05-26 10:30:00-04:00,FMG.AX,buy,2.4000000953674316,19513.0,46831.20186090469,"Conviction 4 | HIGH conviction: 37, trend: 65, vol: 1.6x",138753.13153268397,NORMAL
2015-06-04 10:30:00-04:00,ZIP.AX,sell,0.25,81474.0,20368.5,HOME RUN TARGET | P&L: 56.3%,137031.61937217414,WEAK
2015-06-05 10:30:00-04:00,ZIP.AX,buy,0.25,81474.0,20368.5,"Conviction 5 | MAX conviction: 45, trend: 100, vol: 0.0x",137031.61937217414,WEAK
2015-06-17 10:30:00-04:00,FMG.AX,sell,2.180000066757202,19513.0,42538.341302633286,Stop Loss | P&L: -9.2%,132973.4209792763,WEAK
2015-06-18 10:30:00-04:00,ZIP.AX,sell,0.23000000417232513,81474.0,18739.020339936018,Stop Loss | P&L: -8.0%,131936.23196841776,WEAK
2015-06-18 10:30:00-04:00,NST.AX,buy,2.309999942779541,11423.0,26387.129346370697,"Conviction 5 | MAX conviction: 50, trend: 90, vol: 1.7x",131936.23196841776,WEAK
2015-06-19 10:30:00-04:00,ZIP.AX,buy,0.20999999344348907,109946.0,23088.65927913785,"Conviction 4 | HIGH conviction: 40, trend: 60, vol: 2.1x",131936.23196841776,WEAK
2015-07-15 10:30:00-04:00,ZIP.AX,sell,0.27000001072883606,109946.0,29685.42117959261,Trailing Stop | P&L: 28.6%,137729.10240791738,WEAK
2015-07-16 10:30:00-04:00,ZIP.AX,buy,0.27000001072883606,144665.0,39059.55155208707,"Conviction 3 | STANDARD conviction: 30, trend: 80, vol: 0.0x",138947.57072137296,STRONG
2015-07-20 10:30:00-04:00,NST.AX,sell,2.0299999713897705,11423.0,23188.68967318535,Stop Loss | P&L: -12.1%,144052.05668453872,STRONG
2015-08-04 10:30:00-04:00,PME.AX,sell,2.680000066757202,16286.0,43646.481087207794,HOME RUN TARGET | P&L: 57.6%,141065.30568169057,STRONG
2015-08-05 10:30:00-04:00,PME.AX,buy,2.5999999046325684,21755.0,56562.997925281525,"Conviction 5 | MAX conviction: 65, trend: 100, vol: 1.8x",141410.57587693632,STRONG
2015-08-10 10:30:00-04:00,PME.AX,sell,2.109999895095825,21755.0,45903.04771780968,Stop Loss | P&L: -18.8%,130786.08616016807,STRONG
2015-09-09 10:30:00-04:00,FMG.AX,buy,2.0399999618530273,23991.0,48941.63908481598,"Conviction 5 | MAX conviction: 52, trend: 75, vol: 1.6x",128318.74516247214,NORMAL
2015-09-16 10:30:00-04:00,NST.AX,buy,2.2100000381469727,543.0,1200.0300207138062,"Conviction 2 | LOW conviction: 20, trend: 70, vol: 0.6x",132730.88808773458,WEAK
2015-09-22 10:30:00-04:00,FMG.AX,sell,1.840000033378601,23991.0,44143.44080078602,Stop Loss | P&L: -9.8%,132351.22970582545,WEAK
2015-09-24 10:30:00-04:00,PME.AX,buy,2.4000000953674316,10745.0,25788.001024723053,"Conviction 5 | MAX conviction: 45, trend: 60, vol: 8.8x",128942.13825057448,WEAK
2015-10-06 10:30:00-04:00,FMG.AX,buy,1.975000023841858,9260.0,18288.500220775604,"Conviction 3 | STANDARD conviction: 27, trend: 65, vol: 1.3x",136971.67075829208,NORMAL
2015-10-29 10:30:00-04:00,NST.AX,sell,2.7200000286102295,543.0,1476.9600155353546,Trailing Stop | P&L: 23.1%,151254.72166602314,NORMAL
2015-10-30 10:30:00-04:00,XRO.AX,buy,15.0,92.0,1380.0,"Conviction 1 | MINIMAL conviction: 12, trend: 65, vol: 1.1x",151254.72166602314,NORMAL
2015-11-09 09:30:00-05:00,PME.AX,sell,3.6500000953674316,10745.0,39219.25102472305,HOME RUN TARGET | P&L: 52.1%,156567.6325983256,NORMAL
2015-11-10 09:30:00-05:00,PME.AX,buy,3.700000047683716,8421.0,31157.70040154457,"Conviction 5 | MAX conviction: 45, trend: 100, vol: 0.9x",155792.67331545055,WEAK
2015-11-12 09:30:00-05:00,ZIP.AX,sell,0.4099999964237213,144665.0,59312.649482637644,HOME RUN TARGET | P&L: 51.9%,155672.7036819011,WEAK
2015-11-12 09:30:00-05:00,PME.AX,sell,3.25,8421.0,27368.25,Stop Loss | P&L: -12.2%,155672.7036819011,WEAK
2015-11-13 09:30:00-05:00,PME.AX,buy,3.1600000858306885,7389.0,23349.240634202957,"Conviction 3 | STANDARD conviction: 30, trend: 60, vol: 1.9x",155672.7036819011,WEAK
2015-11-13 09:30:00-05:00,ZIP.AX,buy,0.4699999988079071,66243.0,31134.20992103219,"Conviction 5 | MAX conviction: 75, trend: 100, vol: 4.2x",155672.7036819011,WEAK
2015-12-03 09:30:00-05:00,PME.AX,sell,2.7200000286102295,7389.0,20098.080211400986,Stop Loss | P&L: -13.9%,158543.17459844053,WEAK
2015-12-08 09:30:00-05:00,FMG.AX,sell,1.7999999523162842,9260.0,16667.99955844879,Stop Loss | P&L: -8.9%,158035.6190444082,WEAK
2015-12-11 09:30:00-05:00,PME.AX,buy,3.2200000286102295,4862.0,15655.640139102936,"Conviction 1 | MINIMAL conviction: 15, trend: 60, vol: 0.9x",156587.0671043545,WEAK
2015-12-16 09:30:00-05:00,ZIP.AX,sell,0.4300000071525574,66243.0,28484.490473806858,Stop Loss | P&L: -8.5%,157408.1326978654,WEAK
2015-12-17 09:30:00-05:00,NST.AX,buy,2.75,10027.0,27574.25,"Conviction 4 | HIGH conviction: 35, trend: 60, vol: 1.6x",157576.75194673243,WEAK
2015-12-29 09:30:00-05:00,FPH.AX,sell,8.5,2200.0,18700.0,HOME RUN TARGET | P&L: 54.0%,161984.57438926402,WEAK
2015-12-30 09:30:00-05:00,FPH.AX,buy,8.329999923706055,7707.0,64199.30941200256,"Conviction 5 | MAX conviction: 45, trend: 100, vol: 0.7x",160516.8034861535,NORMAL
2016-01-19 09:30:00-05:00,FPH.AX,sell,7.710000038146973,7707.0,59420.97029399872,Stop Loss | P&L: -7.4%,154537.87363319102,NORMAL
2016-01-21 09:30:00-05:00,FPH.AX,buy,7.75,2502.0,19390.5,"Conviction 2 | LOW conviction: 25, trend: 70, vol: 1.9x",155177.50284151736,WEAK
2016-02-08 09:30:00-05:00,PME.AX,sell,2.9100000858306885,4862.0,14148.420417308807,Stop Loss | P&L: -9.6%,158153.67369727793,WEAK
2016-02-09 09:30:00-05:00,TNE.AX,sell,4.309999942779541,5927.0,25545.36966085434,Trailing Stop | P&L: 29.8%,156839.45351557437,WEAK
2016-02-10 09:30:00-05:00,XRO.AX,sell,13.819999694824219,92.0,1271.4399719238281,Stop Loss | P&L: -7.9%,157398.02291707697,WEAK
2016-02-18 09:30:00-05:00,FMG.AX,buy,2.0899999141693115,26988.0,56404.91768360138,"Conviction 4 | HIGH conviction: 35, trend: 80, vol: 0.9x",161156.91530661288,NORMAL
2016-03-03 09:30:00-05:00,TNE.AX,buy,4.650000095367432,9341.0,43435.65089082718,"Conviction 2 | LOW conviction: 20, trend: 70, vol: 1.3x",173755.64616040888,NORMAL
2016-03-07 09:30:00-05:00,FMG.AX,sell,3.25,26988.0,87711.0,HOME RUN TARGET | P&L: 55.5%,191719.60447435084,NORMAL
2016-03-08 09:30:00-05:00,FMG.AX,buy,2.7899999618530273,27382.0,76395.7789554596,"Conviction 5 | MAX conviction: 60, trend: 70, vol: 2.6x",190993.64457015696,NORMAL
2016-03-11 09:30:00-05:00,ZIP.AX,buy,0.38499999046325684,55522.0,21375.969470500946,"Conviction 4 | HIGH conviction: 35, trend: 70, vol: 1.7x",196758.06886224452,NORMAL
2016-03-14 10:30:00-04:00,NST.AX,sell,3.3499999046325684,10027.0,33590.44904375076,Trailing Stop | P&L: 21.8%,186192.95195244256,NORMAL
2016-03-14 10:30:00-04:00,FMG.AX,sell,2.5199999809265137,27382.0,69002.6394777298,Stop Loss | P&L: -9.7%,186192.95195244256,NORMAL
2016-03-14 10:30:00-04:00,ZIP.AX,sell,0.3499999940395355,55522.0,19432.69966906309,Stop Loss | P&L: -9.1%,186192.95195244256,NORMAL
2016-03-14 10:30:00-04:00,PME.AX,buy,3.0999999046325684,179.0,554.8999829292297,"Conviction 1 | MINIMAL conviction: 15, trend: 60, vol: 0.4x",186192.95195244256,NORMAL
2016-03-15 10:30:00-04:00,FMG.AX,buy,2.5399999618530273,18256.0,46370.23930358887,"Conviction 2 | LOW conviction: 25, trend: 70, vol: 0.7x",185486.4460463375,NORMAL
2016-03-16 10:30:00-04:00,NST.AX,buy,3.4100000858306885,13686.0,46669.2611746788,"Conviction 2 | LOW conviction: 20, trend: 60, vol: 1.2x",186688.32370708886,NORMAL
2016-03-21 10:30:00-04:00,ZIP.AX,buy,0.38999998569488525,68458.0,26698.619020700455,"Conviction 4 | HIGH conviction: 40, trend: 70, vol: 1.5x",192761.48063729706,NORMAL
2016-04-25 10:30:00-04:00,FMG.AX,sell,3.130000114440918,18256.0,57141.2820892334,Trailing Stop | P&L: 23.2%,213536.8653188795,NORMAL
2016-04-26 10:30:00-04:00,XRO.AX,buy,15.0,3809.0,57135.0,"Conviction 3 | STANDARD conviction: 27, trend: 75, vol: 0.6x",213584.19531641903,STRONG
2016-04-26 10:30:00-04:00,FMG.AX,buy,3.1500000953674316,18140.0,57141.00172996521,"Conviction 5 | MAX conviction: 55, trend: 80, vol: 1.5x",213584.19531641903,STRONG
2016-05-02 10:30:00-04:00,ZIP.AX,sell,0.6299999952316284,68458.0,43128.53967356682,HOME RUN TARGET | P&L: 61.5%,226485.69744656983,STRONG
2016-05-09 10:30:00-04:00,FMG.AX,sell,2.9000000953674316,18140.0,52606.00172996521,Stop Loss | P&L: -7.9%,219360.33305142823,STRONG
2016-05-10 10:30:00-04:00,FMG.AX,buy,2.8499999046325684,12978.0,36987.29876232147,"Conviction 2 | LOW conviction: 20, trend: 60, vol: 1.2x",222498.3548691124,STRONG
2016-05-10 10:30:00-04:00,ZIP.AX,buy,0.6700000166893005,55205.0,36987.350921332836,"Conviction 5 | MAX conviction: 45, trend: 100, vol: 1.0x",222498.3548691124,STRONG
2016-05-31 10:30:00-04:00,PME.AX,sell,4.809999942779541,179.0,860.9899897575378,HOME RUN TARGET | P&L: 55.2%,232426.25976346436,STRONG
2016-06-09 10:30:00-04:00,ZIP.AX,sell,0.5950000286102295,55205.0,32846.97657942772,Stop Loss | P&L: -11.2%,249893.62342981997,STRONG
2016-06-27 10:30:00-04:00,NST.AX,sell,5.199999809265137,13686.0,71167.19738960266,HOME RUN TARGET | P&L: 52.5%,244243.00990872088,WEAK
2016-06-28 10:30:00-04:00,NST.AX,buy,4.920000076293945,10020.0,49298.40076446533,"Conviction 5 | MAX conviction: 45, trend: 100, vol: 1.1x",246507.20590643588,WEAK
2016-06-28 10:30:00-04:00,PME.AX,buy,4.739999771118164,6500.0,30809.998512268066,"Conviction 2 | LOW conviction: 25, trend: 90, vol: 0.1x",246507.20590643588,WEAK
2016-07-12 10:30:00-04:00,FMG.AX,sell,4.300000190734863,12978.0,55805.402475357056,HOME RUN TARGET | P&L: 50.9%,271106.19871048635,WEAK
2016-07-13 10:30:00-04:00,ZIP.AX,buy,0.6600000262260437,62350.0,41151.001635193825,"Conviction 1 | MINIMAL conviction: 15, trend: 60, vol: 0.2x",273152.3933477849,STRONG
2016-07-13 10:30:00-04:00,FMG.AX,buy,4.400000095367432,9352.0,41148.80089187622,"Conviction 5 | MAX conviction: 45, trend: 100, vol: 1.2x",273152.3933477849,STRONG
2016-07-18 10:30:00-04:00,FMG.AX,sell,4.079999923706055,9352.0,38156.15928649902,Stop Loss | P&L: -7.3%,266816.3513727636,STRONG
2016-07-25 10:30:00-04:00,ZIP.AX,sell,0.6050000190734863,62350.0,37721.75118923187,Stop Loss | P&L: -8.3%,266735.12157230085,STRONG
2016-07-26 10:30:00-04:00,FMG.AX,buy,4.119999885559082,9110.0,37533.19895744324,"Conviction 5 | MAX conviction: 45, trend: 100, vol: 0.9x",269724.84800510114,STRONG
2016-08-22 10:30:00-04:00,NST.AX,sell,4.550000190734863,10020.0,45591.00191116333,Stop Loss | P&L: -7.5%,278721.65960197157,STRONG
2016-08-23 10:30:00-04:00,ZIP.AX,buy,0.75,58846.0,44134.5,"Conviction 4 | HIGH conviction: 40, trend: 100, vol: 0.4x",283897.6598222703,STRONG
2016-09-13 10:30:00-04:00,PME.AX,sell,5.739999771118164,6500.0,37309.99851226807,Trailing Stop | P&L: 21.1%,271914.13300351804,STRONG
2016-09-26 10:30:00-04:00,NST.AX,buy,4.639999866485596,7914.0,36720.958943367004,"Conviction 1 | MINIMAL conviction: 15, trend: 60, vol: 1.1x",272939.5291932077,STRONG
2016-10-04 10:30:00-04:00,NST.AX,sell,4.150000095367432,7914.0,32843.100754737854,Stop Loss | P&L: -10.6%,276970.05098669237,STRONG
2016-11-03 10:30:00-04:00,NST.AX,buy,4.5,7369.0,33160.5,"Conviction 4 | HIGH conviction: 40, trend: 70, vol: 1.8x",266805.25626973814,WEAK
2016-11-07 09:30:00-05:00,NST.AX,sell,4.170000076293945,7369.0,30728.730562210083,Stop Loss | P&L: -7.3%,267988.77890913194,WEAK
2016-11-09 09:30:00-05:00,NST.AX,buy,4.639999866485596,6638.0,30800.319113731384,"Conviction 5 | MAX conviction: 65, trend: 80, vol: 3.2x",271292.90413527197,WEAK
2016-11-10 09:30:00-05:00,NST.AX,sell,4.269999980926514,6638.0,28344.259873390198,Stop Loss | P&L: -8.0%,276404.25779299444,WEAK
2016-11-14 09:30:00-05:00,FMG.AX,sell,6.199999809265137,9110.0,56481.998262405396,HOME RUN TARGET | P&L: 50.5%,274509.44764046377,WEAK
2016-11-15 09:30:00-05:00,FMG.AX,buy,6.090000152587891,14321.0,87214.89218521118,"Conviction 5 | MAX conviction: 55, trend: 100, vol: 1.2x",272784.1698823423,NORMAL
2016-11-28 09:30:00-05:00,PME.AX,buy,5.389999866485596,452.0,2436.2799396514893,"Conviction 2 | LOW conviction: 25, trend: 80, vol: 0.1x",280522.491585061,STRONG
2016-12-06 09:30:00-05:00,PME.AX,sell,4.75,452.0,2147.0,Stop Loss | P&L: -11.9%,275998.15289418405,STRONG
2017-01-17 09:30:00-05:00,FPH.AX,sell,8.380000114440918,2502.0,20966.760286331177,Time Exit | P&L: 8.1%,273371.15007095045,STRONG
2017-01-18 09:30:00-05:00,FPH.AX,buy,8.380000114440918,2761.0,23137.180315971375,"Conviction 1 | MINIMAL conviction: 12, trend: 65, vol: 1.1x",274818.86869029707,NORMAL
2017-01-23 09:30:00-05:00,PME.AX,buy,5.130000114440918,16.0,82.08000183105469,"Conviction 4 | HIGH conviction: 37, trend: 65, vol: 1.3x",278020.00751475996,NORMAL
2017-02-01 09:30:00-05:00,PME.AX,sell,4.769999980926514,16.0,76.31999969482422,Stop Loss | P&L: -7.0%,283010.5310709924,NORMAL
2017-02-02 09:30:00-05:00,NST.AX,buy,3.940000057220459,19.0,74.86000108718872,"Conviction 1 | MINIMAL conviction: 12, trend: 65, vol: 1.1x",281295.50108961767,NORMAL
2017-02-27 09:30:00-05:00,TNE.AX,sell,5.050000190734863,9341.0,47172.05178165436,Time Exit | P&L: 8.6%,279352.61884050077,NORMAL
2017-03-15 10:30:00-04:00,ZIP.AX,sell,0.6899999976158142,58846.0,40603.7398597002,Stop Loss | P&L: -8.0%,276611.05357758707,NORMAL
2017-03-20 10:30:00-04:00,PME.AX,buy,5.309999942779541,16530.0,87774.29905414581,"Conviction 5 | MAX conviction: 65, trend: 80, vol: 4.1x",275779.707078144,STRONG
2017-04-12 10:30:00-04:00,FMG.AX,sell,5.5,14321.0,78765.5,Stop Loss | P&L: -9.7%,260946.51264302438,STRONG
2017-04-13 10:30:00-04:00,TNE.AX,buy,5.320000171661377,14619.0,77773.08250951767,"Conviction 5 | MAX conviction: 47, trend: 65, vol: 2.1x",260946.51264302438,STRONG
2017-05-23 10:30:00-04:00,XRO.AX,sell,22.760000228881836,3809.0,86692.84087181091,HOME RUN TARGET | P&L: 51.7%,286342.2569910735,STRONG
2017-05-24 10:30:00-04:00,XRO.AX,buy,22.760000228881836,2527.0,57514.5205783844,"Conviction 5 | MAX conviction: 45, trend: 100, vol: 0.4x",287573.05975835025,WEAK
2017-07-11 10:30:00-04:00,FMG.AX,buy,5.269999980926514,5499.0,28979.7298951149,"Conviction 1 | MINIMAL conviction: 12, trend: 65, vol: 0.9x",289831.8813354224,WEAK
2017-08-07 10:30:00-04:00,PME.AX,sell,4.820000171661377,16530.0,79674.60283756256,Stop Loss | P&L: -9.2%,282991.24767653644,WEAK
2017-08-08 10:30:00-04:00,ZIP.AX,buy,0.7699999809265137,105362.0,81128.73799037933,"Conviction 5 | MAX conviction: 50, trend: 90, vol: 1.4x",281984.7496058196,NORMAL
2017-08-23 10:30:00-04:00,TNE.AX,sell,4.829999923706055,14619.0,70609.76888465881,Stop Loss | P&L: -9.2%,274905.52601234615,NORMAL
2017-09-14 10:30:00-04:00,PME.AX,buy,5.150000095367432,13301.0,68500.15126848221,"Conviction 2 | LOW conviction: 20, trend: 70, vol: 1.2x",274709.48238949483,STRONG
2017-09-21 10:30:00-04:00,ZIP.AX,sell,0.7099999785423279,105362.0,74807.01773917675,Stop Loss | P&L: -7.8%,268668.66483490175,STRONG
2017-10-04 10:30:00-04:00,NST.AX,sell,4.789999961853027,19.0,91.00999927520752,Trailing Stop | P&L: 21.6%,288554.494631216,STRONG
2017-10-12 10:30:00-04:00,NST.AX,buy,5.25,14241.0,74765.25,"Conviction 5 | MAX conviction: 45, trend: 80, vol: 2.0x",293780.54861252016,STRONG
2017-10-18 10:30:00-04:00,FMG.AX,sell,4.849999904632568,5499.0,26670.149475574493,Stop Loss | P&L: -8.0%,294558.27966873354,STRONG
2017-11-02 10:30:00-04:00,ZIP.AX,buy,0.7099999785423279,37567.0,26672.56919389963,"Conviction 2 | LOW conviction: 20, trend: 70, vol: 1.2x",303302.35370151704,STRONG
2017-11-15 09:30:00-05:00,ZIP.AX,sell,0.6549999713897705,37567.0,24606.38392519951,Stop Loss | P&L: -7.7%,307033.44702045625,STRONG
2017-11-16 09:30:00-05:00,TNE.AX,buy,5.289999961853027,4580.0,24228.199825286865,"Conviction 1 | MINIMAL conviction: 12, trend: 65, vol: 0.7x",305878.3229665012,STRONG
2017-11-22 09:30:00-05:00,PME.AX,sell,7.909999847412109,13301.0,105210.90797042847,HOME RUN TARGET | P&L: 53.6%,318581.99332802003,STRONG
2017-11-24 09:30:00-05:00,ZIP.AX,buy,0.7099999785423279,147865.0,104984.14682716131,"Conviction 2 | LOW conviction: 20, trend: 80, vol: 0.6x",319046.94883100694,STRONG
2017-11-24 09:30:00-05:00,PME.AX,buy,7.769999980926514,13511.0,104980.46974229813,"Conviction 5 | MAX conviction: 45, trend: 100, vol: 1.0x",319046.94883100694,STRONG
2017-12-05 09:30:00-05:00,XRO.AX,sell,27.700000762939453,2527.0,69997.901927948,Trailing Stop | P&L: 21.7%,308403.5826489181,STRONG
2017-12-13 09:30:00-05:00,ZIP.AX,sell,0.6600000262260437,147865.0,97590.90387791395,Stop Loss | P&L: -7.0%,309038.7998307199,STRONG
2017-12-18 09:30:00-05:00,FPH.AX,sell,12.600000381469727,2761.0,34788.601053237915,HOME RUN TARGET | P&L: 50.4%,310203.60112838453,STRONG
2017-12-19 09:30:00-05:00,FPH.AX,buy,12.880000114440918,7513.0,96767.44085979462,"Conviction 5 | MAX conviction: 45, trend: 100, vol: 0.7x",310479.84086494154,STRONG
2017-12-21 09:30:00-05:00,ZIP.AX,buy,0.6800000071525574,346.0,235.28000247478485,"Conviction 5 | MAX conviction: 47, trend: 65, vol: 2.5x",314089.6668990106,STRONG
2018-01-16 09:30:00-05:00,TNE.AX,sell,4.889999866485596,4580.0,22396.19938850403,Stop Loss | P&L: -7.6%,313349.2568880767,NORMAL
2018-01-16 09:30:00-05:00,FPH.AX,sell,11.920000076293945,7513.0,89554.96057319641,Stop Loss | P&L: -7.5%,313349.2568880767,NORMAL
2018-01-17 09:30:00-05:00,FMG.AX,buy,5.150000095367432,7598.0,39129.700724601746,"Conviction 2 | LOW conviction: 22, trend: 65, vol: 1.2x",313057.14378325647,WEAK
2018-01-17 09:30:00-05:00,XRO.AX,buy,30.530000686645508,1281.0,39108.930879592896,"Conviction 2 | LOW conviction: 25, trend: 80, vol: 1.2x",313057.14378325647,WEAK
2018-01-29 09:30:00-05:00,ZIP.AX,sell,1.1799999475479126,346.0,408.27998185157776,HOME RUN TARGET | P&L: 73.5%,302380.5331265182,WEAK
2018-01-30 09:30:00-05:00,ZIP.AX,buy,1.2350000143051147,27012.0,33359.82038640976,"Conviction 5 | MAX conviction: 45, trend: 100, vol: 1.1x",300304.0743667335,WEAK
2018-02-05 09:30:00-05:00,ZIP.AX,sell,1.1150000095367432,27012.0,30118.380257606506,Stop Loss | P&L: -9.7%,294119.88492743677,WEAK
2018-02-06 09:30:00-05:00,ZIP.AX,buy,1.1100000143051147,27133.0,30117.63038814068,"Conviction 3 | STANDARD conviction: 30, trend: 80, vol: 1.0x",298283.78703467554,WEAK
2018-02-27 09:30:00-05:00,ZIP.AX,sell,1.0099999904632568,27133.0,27404.329741239548,Stop Loss | P&L: -9.0%,306111.4583138675,WEAK
2018-02-28 09:30:00-05:00,FPH.AX,buy,12.770000457763672,1986.0,25361.220909118652,"Conviction 2 | LOW conviction: 25, trend: 80, vol: 0.9x",303379.3195447177,STRONG
2018-03-07 09:30:00-05:00,FMG.AX,sell,4.730000019073486,7598.0,35938.54014492035,Stop Loss | P&L: -8.2%,309503.20341102785,STRONG
2018-03-07 09:30:00-05:00,TNE.AX,buy,5.03000020980835,29.0,145.87000608444214,"Conviction 2 | LOW conviction: 20, trend: 70, vol: 0.9x",309503.20341102785,WEAK
2018-03-14 10:30:00-04:00,FPH.AX,sell,11.859999656677246,1986.0,23553.95931816101,Stop Loss | P&L: -7.1%,311891.3793777675,WEAK
2018-03-21 10:30:00-04:00,FPH.AX,buy,12.470000267028809,4770.0,59481.90127372742,"Conviction 2 | LOW conviction: 25, trend: 80, vol: 1.5x",315054.1727971286,STRONG
2018-04-19 10:30:00-04:00,FPH.AX,sell,11.449999809265137,4770.0,54616.4990901947,Stop Loss | P&L: -8.2%,296148.64816658205,STRONG
2018-05-11 10:30:00-04:00,FMG.AX,buy,4.929999828338623,11080.0,54624.39809799194,"Conviction 2 | LOW conviction: 25, trend: 80, vol: 0.8x",309423.26317112154,STRONG
2018-05-21 10:30:00-04:00,TNE.AX,sell,4.650000095367432,29.0,134.85000276565552,Stop Loss | P&L: -7.6%,296824.6913108081,STRONG
2018-05-22 10:30:00-04:00,FPH.AX,buy,12.1899995803833,75.0,914.2499685287476,"Conviction 2 | LOW conviction: 20, trend: 70, vol: 0.6x",294392.23963634676,STRONG
2018-05-24 10:30:00-04:00,FMG.AX,sell,4.559999942779541,11080.0,50524.799365997314,Stop Loss | P&L: -7.5%,291364.28137962526,STRONG
2018-05-31 10:30:00-04:00,ZIP.AX,buy,0.8500000238418579,59442.0,50525.70141720772,"Conviction 4 | HIGH conviction: 35, trend: 60, vol: 2.6x",292496.5029529781,NORMAL
2018-06-18 10:30:00-04:00,XRO.AX,sell,46.04999923706055,1281.0,58990.04902267456,HOME RUN TARGET | P&L: 50.8%,304918.83457450574,NORMAL
2018-06-19 10:30:00-04:00,XRO.AX,buy,45.36000061035156,1274.0,57788.64077758789,"Conviction 5 | MAX conviction: 70, trend: 100, vol: 4.2x",304518.59835152334,STRONG
2018-06-25 10:30:00-04:00,PME.AX,sell,7.210000038146973,13511.0,97414.31051540375,Stop Loss | P&L: -7.2%,304923.83075301355,STRONG
2018-06-28 10:30:00-04:00,PME.AX,buy,8.0,12089.0,96712.0,"Conviction 5 | MAX conviction: 50, trend: 70, vol: 7.6x",309403.67779175943,STRONG
2018-09-04 10:30:00-04:00,NST.AX,sell,8.039999961853027,14241.0,114497.63945674896,HOME RUN TARGET | P&L: 53.1%,375208.8090140075,STRONG
2018-09-05 10:30:00-04:00,ZIP.AX,sell,1.0399999618530273,59442.0,61819.67773246765,Trailing Stop | P&L: 22.4%,364708.1538774223,STRONG
2018-09-05 10:30:00-04:00,NST.AX,buy,8.319999694824219,13558.0,112802.55586242676,"Conviction 5 | MAX conviction: 65, trend: 100, vol: 1.5x",364708.1538774223,NORMAL
2018-09-05 10:30:00-04:00,TNE.AX,buy,5.679999828338623,19860.0,112804.79659080505,"Conviction 5 | MAX conviction: 45, trend: 100, vol: 1.1x",364708.1538774223,NORMAL
2018-09-25 10:30:00-04:00,PME.AX,sell,12.010000228881836,12089.0,145188.89276695251,HOME RUN TARGET | P&L: 50.1%,384911.6704293937,WEAK
2018-09-26 10:30:00-04:00,PME.AX,buy,12.25,6279.0,76917.75,"Conviction 5 | MAX conviction: 45, trend: 100, vol: 1.1x",384610.4040624351,WEAK
2018-09-26 10:30:00-04:00,ZIP.AX,buy,1.1299999952316284,34036.0,38460.679837703705,"Conviction 1 | MINIMAL conviction: 15, trend: 80, vol: 0.4x",384610.4040624351,WEAK
2018-10-09 10:30:00-04:00,PME.AX,sell,11.170000076293945,6279.0,70136.43047904968,Stop Loss | P&L: -8.8%,368811.43383614725,WEAK
2018-10-10 10:30:00-04:00,TNE.AX,sell,5.159999847412109,19860.0,102477.59696960449,Stop Loss | P&L: -9.2%,361552.5899650306,WEAK
2018-10-10 10:30:00-04:00,PME.AX,buy,11.380000114440918,4539.0,51653.82051944733,"Conviction 4 | HIGH conviction: 40, trend: 80, vol: 1.6x",361552.5899650306,WEAK
2018-10-11 10:30:00-04:00,XRO.AX,sell,42.040000915527344,1274.0,53558.961166381836,Stop Loss | P&L: -7.3%,359290.48197238153,WEAK
2018-10-11 10:30:00-04:00,ZIP.AX,sell,1.0099999904632568,34036.0,34376.35967540741,Stop Loss | P&L: -10.6%,359290.48197238153,WEAK
2018-10-11 10:30:00-04:00,PME.AX,sell,10.0,4539.0,45390.0,Stop Loss | P&L: -12.1%,359290.48197238153,WEAK
2018-10-18 10:30:00-04:00,TNE.AX,buy,5.400000095367432,6646.0,35888.40063381195,"Conviction 1 | MINIMAL conviction: 17, trend: 65, vol: 0.8x",358905.4826599807,WEAK
2018-10-31 10:30:00-04:00,FMG.AX,buy,4.0,15623.0,62492.0,"Conviction 4 | HIGH conviction: 37, trend: 65, vol: 1.6x",357104.9643770904,WEAK
2018-11-27 09:30:00-05:00,ZIP.AX,buy,1.0399999618530273,33642.0,34987.678716659546,"Conviction 1 | MINIMAL conviction: 15, trend: 60, vol: 0.9x",349877.88103406137,WEAK
2018-12-04 09:30:00-05:00,NST.AX,sell,7.679999828338623,13558.0,104125.43767261505,Stop Loss | P&L: -7.7%,350277.7664007396,WEAK
2018-12-04 09:30:00-05:00,PME.AX,buy,10.550000190734863,3320.0,35026.000633239746,"Conviction 1 | MINIMAL conviction: 15, trend: 60, vol: 1.0x",350277.7664007396,WEAK
2018-12-18 09:30:00-05:00,NST.AX,buy,8.5600004196167,5155.0,44126.802163124084,"Conviction 2 | LOW conviction: 25, trend: 70, vol: 1.5x",353023.1585337371,WEAK
2019-02-06 09:30:00-05:00,FMG.AX,sell,6.099999904632568,15623.0,95300.29851007462,HOME RUN TARGET | P&L: 52.5%,403002.70687977975,WEAK
2019-02-07 09:30:00-05:00,XRO.AX,buy,46.220001220703125,3472.0,160475.84423828125,"Conviction 5 | MAX conviction: 60, trend: 90, vol: 1.8x",401200.8369957656,STRONG
2019-02-07 09:30:00-05:00,FMG.AX,buy,6.139999866485596,26136.0,160475.03651046753,"Conviction 5 | MAX conviction: 45, trend: 100, vol: 1.1x",401200.8369957656,STRONG
2019-02-26 09:30:00-05:00,ZIP.AX,sell,1.600000023841858,33642.0,53827.200802087784,HOME RUN TARGET | P&L: 53.8%,440132.2309095115,STRONG
2019-03-13 10:30:00-04:00,PME.AX,sell,16.0,3320.0,53120.0,HOME RUN TARGET | P&L: 51.7%,451236.2911512108,STRONG
2019-03-14 10:30:00-04:00,ZIP.AX,buy,1.649999976158142,8054.0,13289.099807977676,"Conviction 5 | MAX conviction: 50, trend: 100, vol: 1.2x",454718.7111131401,STRONG
2019-03-14 10:30:00-04:00,PME.AX,buy,16.030000686645508,829.0,13288.870569229126,"Conviction 5 | MAX conviction: 45, trend: 100, vol: 0.9x",454718.7111131401,STRONG
2019-03-21 10:30:00-04:00,TNE.AX,sell,8.180000305175781,6646.0,54364.28202819824,HOME RUN TARGET | P&L: 51.5%,463602.4998184891,STRONG
2019-03-27 10:30:00-04:00,PME.AX,sell,14.84000015258789,829.0,12302.360126495361,Stop Loss | P&L: -7.4%,458861.74391929817,STRONG
2019-03-28 10:30:00-04:00,TNE.AX,buy,7.929999828338623,6716.0,53257.87884712219,"Conviction 4 | HIGH conviction: 40, trend: 100, vol: 0.7x",462744.32022945595,NORMAL
2019-03-28 10:30:00-04:00,PME.AX,buy,14.829999923706055,3591.0,53254.52972602844,"Conviction 5 | MAX conviction: 45, trend: 70, vol: 1.6x",462744.32022945595,NORMAL
2019-04-15 10:30:00-04:00,ZIP.AX,sell,2.75,8054.0,22148.5,HOME RUN TARGET | P&L: 66.7%,527458.6055118294,NORMAL
2019-05-23 10:30:00-04:00,TNE.AX,sell,7.03000020980835,6716.0,47213.481409072876,Stop Loss | P&L: -11.3%,564462.0125848503,NORMAL
2019-05-24 10:30:00-04:00,ZIP.AX,buy,3.5,4417.0,15459.5,"Conviction 3 | STANDARD conviction: 30, trend: 80, vol: 0.8x",564462.0125848503,STRONG
2019-05-28 10:30:00-04:00,FPH.AX,sell,14.369999885559082,75.0,1077.7499914169312,Time Exit | P&L: 17.9%,579457.5250827522,STRONG
2019-05-28 10:30:00-04:00,PME.AX,sell,23.600000381469727,3591.0,84747.60136985779,HOME RUN TARGET | P&L: 59.1%,579457.5250827522,STRONG
2019-05-29 10:30:00-04:00,PME.AX,buy,23.479999542236328,3636.0,85373.27833557129,"Conviction 5 | MAX conviction: 45, trend: 100, vol: 0.8x",574213.1211694927,STRONG
2019-05-30 10:30:00-04:00,ZIP.AX,sell,3.240000009536743,4417.0,14311.080042123795,Stop Loss | P&L: -7.4%,563575.6671361179,STRONG
2019-06-03 10:30:00-04:00,FMG.AX,sell,7.769999980926514,26136.0,203076.71950149536,Trailing Stop | P&L: 26.5%,552484.5992182941,STRONG
2019-06-03 10:30:00-04:00,ZIP.AX,buy,2.9100000858306885,4897.0,14250.270420312881,"Conviction 2 | LOW conviction: 20, trend: 60, vol: 1.5x",552484.5992182941,NORMAL
2019-06-04 10:30:00-04:00,PME.AX,sell,21.600000381469727,3636.0,78537.60138702393,Stop Loss | P&L: -8.0%,553425.0886220188,NORMAL
2019-06-05 10:30:00-04:00,FMG.AX,buy,7.949999809265137,17299.0,137527.0467004776,"Conviction 2 | LOW conviction: 25, trend: 70, vol: 0.5x",550136.2309054584,NORMAL
2019-06-05 10:30:00-04:00,PME.AX,buy,21.309999465942383,9035.0,192535.84517478943,"Conviction 4 | HIGH conviction: 40, trend: 80, vol: 1.2x",550136.2309054584,NORMAL
2019-07-18 10:30:00-04:00,NST.AX,sell,13.350000381469727,5155.0,68819.25196647644,HOME RUN TARGET | P&L: 56.0%,662337.1633443089,NORMAL
2019-07-19 10:30:00-04:00,NST.AX,buy,13.470000267028809,1433.0,19302.510382652283,"Conviction 5 | MAX conviction: 55, trend: 100, vol: 1.4x",662337.1633443089,STRONG
2019-07-19 10:30:00-04:00,FPH.AX,buy,15.300000190734863,1262.0,19308.600240707397,"Conviction 3 | STANDARD conviction: 30, trend: 90, vol: 0.6x",662337.1633443089,STRONG
2019-07-31 10:30:00-04:00,NST.AX,sell,12.510000228881836,1433.0,17926.83032798767,Stop Loss | P&L: -7.1%,684904.6491333694,STRONG
2019-08-01 10:30:00-04:00,PME.AX,sell,32.5099983215332,9035.0,293727.8348350525,HOME RUN TARGET | P&L: 52.6%,687587.1295539589,STRONG
2019-08-02 10:30:00-04:00,PME.AX,buy,32.599998474121094,8436.0,275013.58712768555,"Conviction 5 | MAX conviction: 75, trend: 100, vol: 2.6x",687587.1295539589,STRONG
2019-08-02 10:30:00-04:00,NST.AX,buy,12.5600004196167,21897.0,275026.32918834686,"Conviction 2 | LOW conviction: 25, trend: 70, vol: 1.1x",687587.1295539589,STRONG
2019-08-05 10:30:00-04:00,FMG.AX,sell,6.75,17299.0,116768.25,Stop Loss | P&L: -15.1%,604313.3580364437,STRONG
2019-08-05 10:30:00-04:00,PME.AX,sell,27.0,8436.0,227772.0,Stop Loss | P&L: -17.2%,604313.3580364437,STRONG
2019-08-13 10:30:00-04:00,PME.AX,buy,29.350000381469727,2066.0,60637.100788116455,"Conviction 1 | MINIMAL conviction: 15, trend: 60, vol: 0.9x",606609.8441821785,WEAK
2019-08-15 10:30:00-04:00,PME.AX,sell,27.0,2066.0,55782.0,Stop Loss | P&L: -8.0%,584872.7086095066,WEAK
2019-08-19 10:30:00-04:00,NST.AX,sell,11.579999923706055,21897.0,253567.25832939148,Stop Loss | P&L: -7.8%,579281.7540196629,WEAK
2019-08-22 10:30:00-04:00,PME.AX,buy,30.579999923706055,2858.0,87397.6397819519,"Conviction 3 | STANDARD conviction: 30, trend: 90, vol: 1.1x",582738.2895945759,WEAK
2019-08-26 10:30:00-04:00,NST.AX,buy,12.390000343322754,4688.0,58084.32160949707,"Conviction 1 | MINIMAL conviction: 15, trend: 60, vol: 1.2x",580951.7529420109,WEAK
2019-09-05 10:30:00-04:00,FMG.AX,buy,8.270000457763672,22377.0,185057.8002433777,"Conviction 1 | MINIMAL conviction: 15, trend: 60, vol: 1.0x",613217.4494921417,STRONG
2019-09-09 10:30:00-04:00,NST.AX,sell,10.680000305175781,4688.0,50067.84143066406,Stop Loss | P&L: -13.8%,606695.5468725414,STRONG
2019-09-16 10:30:00-04:00,ZIP.AX,sell,3.5,4897.0,17139.5,Trailing Stop | P&L: 20.3%,575393.2092739792,STRONG
2019-09-16 10:30:00-04:00,PME.AX,sell,27.200000762939453,2858.0,77737.60218048096,Stop Loss | P&L: -11.1%,575393.2092739792,STRONG
2019-09-17 10:30:00-04:00,ZIP.AX,buy,3.5399999618530273,40123.0,142035.41846942902,"Conviction 2 | LOW conviction: 25, trend: 70, vol: 0.8x",582477.5040232391,STRONG
2019-10-09 10:30:00-04:00,ZIP.AX,sell,5.340000152587891,40123.0,214256.82612228394,HOME RUN TARGET | P&L: 50.8%,648751.5617365093,WEAK
2019-10-10 10:30:00-04:00,ZIP.AX,buy,5.28000020980835,24828.0,131091.8452091217,"Conviction 5 | MAX conviction: 45, trend: 100, vol: 1.0x",655466.8968967649,WEAK
2019-10-10 10:30:00-04:00,NST.AX,buy,11.989999771118164,5466.0,65537.33874893188,"Conviction 1 | MINIMAL conviction: 15, trend: 60, vol: 0.9x",655466.8968967649,WEAK
2019-10-16 10:30:00-04:00,XRO.AX,sell,70.0,3472.0,243040.0,HOME RUN TARGET | P&L: 51.4%,652580.687680647,WEAK
2019-10-16 10:30:00-04:00,NST.AX,sell,10.699999809265137,5466.0,58486.19895744324,Stop Loss | P&L: -10.8%,652580.687680647,WEAK
2019-10-17 10:30:00-04:00,ZIP.AX,sell,4.559999942779541,24828.0,113215.67857933044,Stop Loss | P&L: -13.6%,638488.8908857557,WEAK
2019-10-17 10:30:00-04:00,XRO.AX,buy,69.37999725341797,3681.0,255387.76988983154,"Conviction 5 | MAX conviction: 75, trend: 100, vol: 2.1x",638488.8908857557,STRONG
2019-10-17 10:30:00-04:00,PME.AX,buy,30.600000381469727,8346.0,255387.60318374634,"Conviction 3 | STANDARD conviction: 30, trend: 70, vol: 0.8x",638488.8908857557,STRONG
2019-10-23 10:30:00-04:00,PME.AX,sell,28.31999969482422,8346.0,236358.71745300293,Stop Loss | P&L: -7.5%,626451.6941513272,STRONG
2019-10-24 10:30:00-04:00,ZIP.AX,buy,4.25,37464.0,159222.0,"Conviction 2 | LOW conviction: 25, trend: 70, vol: 0.7x",625357.4288238736,STRONG
2019-10-31 10:30:00-04:00,ZIP.AX,sell,3.819999933242798,37464.0,143112.47749900818,Stop Loss | P&L: -10.1%,612505.758162901,STRONG
2019-11-08 09:30:00-05:00,TNE.AX,buy,7.539999961853027,18533.0,139738.81929302216,"Conviction 1 | MINIMAL conviction: 17, trend: 65, vol: 1.1x",647508.9463772031,STRONG
2019-12-20 09:30:00-05:00,NST.AX,buy,10.699999809265137,121.0,1294.6999769210815,"Conviction 5 | MAX conviction: 47, trend: 65, vol: 3.1x",737378.8703011724,STRONG
2020-01-17 09:30:00-05:00,ZIP.AX,buy,3.819999933242798,8.0,30.559999465942383,"Conviction 4 | HIGH conviction: 35, trend: 60, vol: 1.6x",768505.7829322072,STRONG
2020-01-22 09:30:00-05:00,FMG.AX,sell,12.859999656677246,22377.0,287768.21231746674,HOME RUN TARGET | P&L: 55.5%,796039.5207118245,STRONG
2020-01-23 09:30:00-05:00,FMG.AX,buy,12.529999732971191,22966.0,287763.9738674164,"Conviction 5 | MAX conviction: 55, trend: 100, vol: 1.3x",790430.9727610799,STRONG
2020-01-27 09:30:00-05:00,FMG.AX,sell,11.5,22966.0,264109.0,Stop Loss | P&L: -8.2%,755414.6922072622,STRONG
2020-01-28 09:30:00-05:00,FMG.AX,buy,11.569999694824219,22986.0,265948.0129852295,"Conviction 5 | MAX conviction: 50, trend: 80, vol: 1.7x",767252.151997492,STRONG
2020-01-28 09:30:00-05:00,PME.AX,buy,25.559999465942383,10405.0,265951.7944431305,"Conviction 1 | MINIMAL conviction: 12, trend: 65, vol: 0.6x",767252.151997492,STRONG
2020-02-04 09:30:00-05:00,FPH.AX,sell,23.190000534057617,1262.0,29265.780673980713,HOME RUN TARGET | P&L: 51.6%,756855.4336680623,STRONG
2020-02-18 09:30:00-05:00,PME.AX,sell,22.299999237060547,10405.0,232031.492061615,Stop Loss | P&L: -12.8%,743856.3269738408,STRONG
2020-02-24 09:30:00-05:00,ZIP.AX,sell,3.309999942779541,8.0,26.479999542236328,Stop Loss | P&L: -13.4%,685327.0422572347,STRONG
2020-02-27 09:30:00-05:00,FMG.AX,sell,10.300000190734863,22986.0,236755.80438423157,Stop Loss | P&L: -11.0%,648400.6567200872,WEAK
2020-02-28 09:30:00-05:00,FPH.AX,buy,24.59000015258789,5273.0,129663.07080459595,"Conviction 5 | MAX conviction: 60, trend: 100, vol: 2.0x",648400.656720087,WEAK
2020-03-02 09:30:00-05:00,NST.AX,sell,12.960000038146973,121.0,1568.1600046157837,Trailing Stop | P&L: 21.1%,671831.4350852222,WEAK
2020-03-04 09:30:00-05:00,NST.AX,buy,14.09000015258789,7295.0,102786.55111312866,"Conviction 4 | HIGH conviction: 40, trend: 100, vol: 0.9x",679344.0376652927,WEAK
2020-03-09 10:30:00-04:00,TNE.AX,sell,6.920000076293945,18533.0,128248.36141395569,Stop Loss | P&L: -8.2%,610476.4143771381,WEAK
2020-03-11 10:30:00-04:00,NST.AX,sell,12.039999961853027,7295.0,87831.79972171783,Stop Loss | P&L: -14.5%,617047.1579455585,WEAK
2020-03-12 10:30:00-04:00,FPH.AX,sell,21.309999465942383,5273.0,112367.62718391418,Stop Loss | P&L: -13.3%,584230.9570159168,WEAK
2020-03-13 10:30:00-04:00,FPH.AX,buy,24.049999237060547,4858.0,116834.89629364014,"Conviction 5 | MAX conviction: 50, trend: 80, vol: 2.2x",584230.9570159168,WEAK
2020-03-19 10:30:00-04:00,XRO.AX,sell,64.51000213623047,3681.0,237461.31786346436,Stop Loss | P&L: -7.0%,598806.2362746448,WEAK
2020-03-25 10:30:00-04:00,NST.AX,buy,13.5,4439.0,59926.5,"Conviction 1 | MINIMAL conviction: 15, trend: 60, vol: 1.0x",599389.2003516407,WEAK
2020-03-26 10:30:00-04:00,NST.AX,sell,11.390000343322754,4439.0,50560.211524009705,Stop Loss | P&L: -15.6%,595853.1792906971,WEAK
2020-04-01 10:30:00-04:00,TNE.AX,buy,8.270000457763672,9076.0,75058.52415466309,"Conviction 2 | LOW conviction: 20, trend: 70, vol: 0.6x",600468.282997057,WEAK
2020-04-03 10:30:00-04:00,FMG.AX,buy,10.5600004196167,5749.0,60709.442412376404,"Conviction 1 | MINIMAL conviction: 15, trend: 60, vol: 0.8x",607173.1819361896,WEAK
2020-04-14 10:30:00-04:00,NST.AX,buy,13.130000114440918,9115.0,119679.95104312897,"Conviction 1 | MINIMAL conviction: 15, trend: 60, vol: 0.6x",598425.0243319721,NORMAL
2020-04-15 10:30:00-04:00,XRO.AX,buy,79.52999877929688,1496.0,118976.87817382812,"Conviction 1 | MINIMAL conviction: 15, trend: 60, vol: 0.6x",595091.7165478916,NORMAL
2020-04-22 10:30:00-04:00,PME.AX,buy,24.649999618530273,3750.0,92437.49856948853,"Conviction 2 | LOW conviction: 20, trend: 60, vol: 1.3x",604974.8552569599,NORMAL
2020-04-30 10:30:00-04:00,NST.AX,sell,12.170000076293945,9115.0,110929.55069541931,Stop Loss | P&L: -7.3%,599871.0999001713,NORMAL
2020-05-05 10:30:00-04:00,NST.AX,buy,12.770000457763672,8644.0,110383.88395690918,"Conviction 1 | MINIMAL conviction: 15, trend: 70, vol: 0.5x",606511.9952363224,NORMAL
2020-07-14 10:30:00-04:00,FMG.AX,sell,15.970000267028809,5749.0,91811.53153514862,HOME RUN TARGET | P&L: 51.2%,692405.5445155354,NORMAL
2020-07-15 10:30:00-04:00,ZIP.AX,buy,6.570000171661377,13777.0,90514.89236497879,"Conviction 5 | MAX conviction: 50, trend: 70, vol: 2.3x",700043.4243983479,NORMAL
2020-07-15 10:30:00-04:00,FMG.AX,buy,16.030000686645508,5646.0,90505.38387680054,"Conviction 5 | MAX conviction: 45, trend: 100, vol: 1.1x",700043.4243983479,NORMAL
2020-07-16 10:30:00-04:00,ZIP.AX,sell,5.920000076293945,13777.0,81559.84105110168,Stop Loss | P&L: -9.9%,679369.1573752613,NORMAL
2020-08-05 10:30:00-04:00,PME.AX,sell,22.90999984741211,3750.0,85912.49942779541,Stop Loss | P&L: -7.1%,702002.6819266529,NORMAL
2020-08-07 10:30:00-04:00,ZIP.AX,buy,6.179999828338623,12528.0,77423.03784942627,"Conviction 1 | MINIMAL conviction: 15, trend: 60, vol: 0.5x",697437.6046675892,NORMAL
2020-08-26 10:30:00-04:00,ZIP.AX,sell,10.460000038146973,12528.0,131042.88047790527,HOME RUN TARGET | P&L: 69.3%,748486.2036933155,NORMAL
2020-08-27 10:30:00-04:00,ZIP.AX,buy,9.199999809265137,14353.0,132047.5972623825,"Conviction 5 | MAX conviction: 65, trend: 80, vol: 3.7x",750008.6503180714,STRONG
2020-08-27 10:30:00-04:00,PME.AX,buy,27.09000015258789,4874.0,132036.66074371338,"Conviction 2 | LOW conviction: 25, trend: 80, vol: 0.7x",750008.6503180714,STRONG
2020-09-01 10:30:00-04:00,ZIP.AX,sell,7.260000228881836,14353.0,104202.78328514099,Stop Loss | P&L: -21.1%,703197.0506934376,STRONG
2020-09-03 10:30:00-04:00,TNE.AX,sell,7.570000171661377,9076.0,68705.32155799866,Stop Loss | P&L: -8.5%,686358.6288127155,STRONG
2020-09-04 10:30:00-04:00,ZIP.AX,buy,6.760000228881836,6629.0,44812.04151725769,"Conviction 4 | HIGH conviction: 35, trend: 70, vol: 1.2x",686358.6288127155,WEAK
2020-09-10 10:30:00-04:00,FPH.AX,sell,30.0,4858.0,145740.0,Trailing Stop | P&L: 24.7%,661721.6595296116,WEAK
2020-09-10 10:30:00-04:00,PME.AX,sell,25.06999969482422,4874.0,122191.17851257324,Stop Loss | P&L: -7.5%,661721.6595296116,WEAK
2020-09-10 10:30:00-04:00,ZIP.AX,sell,6.159999847412109,6629.0,40834.63898849487,Stop Loss | P&L: -8.9%,661721.6595296116,WEAK
2020-09-11 10:30:00-04:00,PME.AX,buy,26.260000228881836,4409.0,115780.34100914001,"Conviction 4 | HIGH conviction: 40, trend: 90, vol: 1.4x",661721.6595296116,WEAK
2020-10-06 10:30:00-04:00,ZIP.AX,buy,6.960000038146973,20061.0,139624.56076526642,"Conviction 1 | MINIMAL conviction: 15, trend: 60, vol: 0.9x",698124.385765955,NORMAL
2020-10-13 10:30:00-04:00,FPH.AX,buy,32.5099983215332,1852.0,60208.51689147949,"Conviction 2 | LOW conviction: 25, trend: 80, vol: 0.8x",746746.4561404438,STRONG
2020-10-26 10:30:00-04:00,ZIP.AX,sell,6.119999885559082,20061.0,122773.31770420074,Stop Loss | P&L: -12.1%,725541.2387422771,STRONG
2020-10-27 10:30:00-04:00,TNE.AX,buy,8.760000228881836,13962.0,122307.1231956482,"Conviction 2 | LOW conviction: 20, trend: 80, vol: 1.1x",719064.4127916546,NORMAL
2020-11-05 09:30:00-05:00,XRO.AX,sell,120.0,1496.0,179520.0,HOME RUN TARGET | P&L: 50.9%,759728.6102441998,NORMAL
2020-11-06 09:30:00-05:00,XRO.AX,buy,118.16999816894531,1510.0,178436.69723510742,"Conviction 3 | STANDARD conviction: 30, trend: 90, vol: 1.0x",759728.6102441998,STRONG
2020-12-07 09:30:00-05:00,FPH.AX,sell,30.100000381469727,1852.0,55745.20070648193,Stop Loss | P&L: -7.4%,752582.8255266399,STRONG
2020-12-21 09:30:00-05:00,FMG.AX,sell,24.110000610351562,5646.0,136125.06344604492,HOME RUN TARGET | P&L: 50.4%,783702.4685606213,STRONG
2020-12-22 09:30:00-05:00,FMG.AX,buy,23.479999542236328,8058.0,189201.83631134033,"Conviction 5 | MAX conviction: 45, trend: 100, vol: 0.8x",790622.8589281292,NORMAL
2021-01-04 09:30:00-05:00,TNE.AX,sell,8.100000381469727,13962.0,113092.20532608032,Stop Loss | P&L: -7.5%,809252.7612337322,NORMAL
2021-01-19 09:30:00-05:00,PME.AX,sell,43.880001068115234,4409.0,193466.92470932007,HOME RUN TARGET | P&L: 67.1%,833509.7682451458,NORMAL
2021-01-20 09:30:00-05:00,PME.AX,buy,41.970001220703125,7312.0,306884.64892578125,"Conviction 5 | MAX conviction: 45, trend: 100, vol: 1.1x",832688.7110704632,STRONG
2021-01-21 09:30:00-05:00,ZIP.AX,buy,7.360000133514404,617.0,4541.120082378387,"Conviction 5 | MAX conviction: 65, trend: 80, vol: 4.2x",822288.3391069622,STRONG
2021-02-16 09:30:00-05:00,NST.AX,sell,11.279999732971191,8644.0,97504.31769180298,Stop Loss | P&L: -11.7%,789712.8869580479,STRONG
2021-02-16 09:30:00-05:00,ZIP.AX,sell,13.649999618530273,617.0,8422.049764633179,HOME RUN TARGET | P&L: 85.5%,789712.8869580479,STRONG
2021-02-17 09:30:00-05:00,TNE.AX,buy,8.399999618530273,12571.0,105596.39520454407,"Conviction 2 | LOW conviction: 20, trend: 80, vol: 0.5x",838087.7959698887,STRONG
2021-02-17 09:30:00-05:00,ZIP.AX,buy,11.970000267028809,8821.0,105587.37235546112,"Conviction 5 | MAX conviction: 45, trend: 80, vol: 1.3x",838087.7959698887,STRONG
2021-02-25 09:30:00-05:00,ZIP.AX,sell,10.199999809265137,8821.0,89974.19831752777,Stop Loss | P&L: -14.8%,791444.6373795719,STRONG
2021-03-09 09:30:00-05:00,FMG.AX,sell,21.770000457763672,8058.0,175422.66368865967,Stop Loss | P&L: -7.3%,759438.9658354969,NORMAL
2021-04-08 10:30:00-04:00,FPH.AX,buy,30.90999984741211,5320.0,164441.19918823242,"Conviction 2 | LOW conviction: 20, trend: 70, vol: 0.8x",829907.5862464161,STRONG
2021-05-26 10:30:00-04:00,FPH.AX,sell,26.950000762939453,5320.0,143374.0040588379,Stop Loss | P&L: -12.8%,774604.6173457355,STRONG
2021-05-27 10:30:00-04:00,NST.AX,buy,11.600000381469727,12250.0,142100.00467300415,"Conviction 5 | MAX conviction: 62, trend: 75, vol: 2.1x",789605.9272832127,STRONG
2021-06-01 10:30:00-04:00,FMG.AX,buy,22.81999969482422,5.0,114.0999984741211,"Conviction 3 | STANDARD conviction: 30, trend: 90, vol: 0.8x",787061.9737052174,STRONG
2021-06-16 10:30:00-04:00,NST.AX,sell,10.479999542236328,12250.0,128379.99439239502,Stop Loss | P&L: -9.7%,842326.5128354282,STRONG
2021-06-18 10:30:00-04:00,ZIP.AX,buy,8.140000343322754,15772.0,128384.08541488647,"Conviction 5 | MAX conviction: 45, trend: 60, vol: 2.1x",860334.5300444813,STRONG
2021-07-06 10:30:00-04:00,ZIP.AX,sell,7.28000020980835,15772.0,114820.16330909729,Stop Loss | P&L: -10.6%,850441.0312976093,STRONG
2021-07-08 10:30:00-04:00,ZIP.AX,buy,8.779999732971191,14047.0,123332.65624904633,"Conviction 5 | MAX conviction: 55, trend: 80, vol: 3.3x",860497.5112351627,STRONG
2021-07-13 10:30:00-04:00,ZIP.AX,sell,7.739999771118164,14047.0,108723.77678489685,Stop Loss | P&L: -11.8%,869851.5741347523,STRONG
2021-07-23 10:30:00-04:00,FPH.AX,buy,30.899999618530273,3687.0,113928.29859352112,"Conviction 2 | LOW conviction: 25, trend: 80, vol: 0.9x",868073.1094569416,STRONG
2021-08-18 10:30:00-04:00,PME.AX,sell,64.5,7312.0,471624.0,HOME RUN TARGET | P&L: 53.7%,932712.5197228641,STRONG
2021-08-18 10:30:00-04:00,FMG.AX,sell,20.729999542236328,5.0,103.64999771118164,Stop Loss | P&L: -9.2%,932712.5197228641,STRONG
2021-08-19 10:30:00-04:00,PME.AX,buy,64.87999725341797,5804.0,376563.5040588379,"Conviction 5 | MAX conviction: 75, trend: 100, vol: 4.1x",941430.3263615818,NORMAL
2021-09-07 10:30:00-04:00,PME.AX,sell,58.70000076293945,5804.0,340694.8044281006,Stop Loss | P&L: -9.5%,929896.8676385136,NORMAL
2021-09-13 10:30:00-04:00,PME.AX,buy,60.849998474121094,3042.0,185105.69535827637,"Conviction 1 | MINIMAL conviction: 15, trend: 60, vol: 0.6x",925829.4167498797,NORMAL
2021-09-27 10:30:00-04:00,PME.AX,sell,55.81999969482422,3042.0,169804.43907165527,Stop Loss | P&L: -8.3%,900492.6254500598,NORMAL
2021-10-11 10:30:00-04:00,FPH.AX,sell,28.1200008392334,3687.0,103678.44309425354,Stop Loss | P&L: -9.0%,873413.7863969058,NORMAL
2021-10-28 10:30:00-04:00,TNE.AX,sell,12.649999618530273,12571.0,159023.14520454407,HOME RUN TARGET | P&L: 50.6%,918499.621309206,NORMAL
2021-10-29 10:30:00-04:00,TNE.AX,buy,12.210000038146973,15045.0,183699.4505739212,"Conviction 5 | MAX conviction: 60, trend: 100, vol: 1.6x",918499.621309206,WEAK
2021-11-03 10:30:00-04:00,PME.AX,buy,57.0,4024.0,229368.0,"Conviction 2 | LOW conviction: 25, trend: 60, vol: 1.4x",917627.6685275288,NORMAL
2021-11-03 10:30:00-04:00,FPH.AX,buy,30.65999984741211,7482.0,229398.1188583374,"Conviction 2 | LOW conviction: 25, trend: 80, vol: 1.0x",917627.6685275288,NORMAL
2021-11-08 09:30:00-05:00,NST.AX,buy,9.920000076293945,3398.0,33708.160259246826,"Conviction 4 | HIGH conviction: 37, trend: 65, vol: 1.6x",908996.0944337101,STRONG
2021-11-10 09:30:00-05:00,XRO.AX,sell,139.9199981689453,1510.0,211279.19723510742,Time Exit | P&L: 18.4%,903553.6611670704,STRONG
2021-11-19 09:30:00-05:00,XRO.AX,buy,151.0,1396.0,210796.0,"Conviction 1 | MINIMAL conviction: 15, trend: 80, vol: 1.0x",923246.2706736774,STRONG
2021-11-23 09:30:00-05:00,XRO.AX,sell,139.8000030517578,1396.0,195160.8042602539,Stop Loss | P&L: -7.4%,874285.8569497318,STRONG
2021-11-23 09:30:00-05:00,FMG.AX,buy,17.350000381469727,207.0,3591.4500789642334,"Conviction 3 | STANDARD conviction: 27, trend: 65, vol: 1.4x",874285.8569497318,STRONG
2021-12-01 09:30:00-05:00,NST.AX,sell,9.0,3398.0,30582.0,Stop Loss | P&L: -9.3%,868073.7915209979,STRONG
2021-12-01 09:30:00-05:00,XRO.AX,buy,148.74000549316406,583.0,86715.42320251465,"Conviction 1 | MINIMAL conviction: 15, trend: 80, vol: 1.1x",868073.7915209979,WEAK
2021-12-16 09:30:00-05:00,XRO.AX,sell,135.9600067138672,583.0,79264.68391418457,Stop Loss | P&L: -8.6%,883642.0897626132,WEAK
2022-01-10 09:30:00-05:00,PME.AX,sell,52.27000045776367,4024.0,210334.48184204102,Stop Loss | P&L: -8.3%,837450.9240693301,WEAK
2022-01-13 09:30:00-05:00,TNE.AX,sell,10.949999809265137,15045.0,164742.74713039398,Stop Loss | P&L: -10.3%,823976.5653180331,WEAK
2022-01-19 09:30:00-05:00,FPH.AX,sell,28.3700008392334,7482.0,212264.3462791443,Stop Loss | P&L: -7.5%,812172.1694401951,WEAK
2022-02-17 09:30:00-05:00,NST.AX,buy,9.4399995803833,21505.0,203007.19097614288,"Conviction 2 | LOW conviction: 20, trend: 70, vol: 1.0x",812062.4592980595,NORMAL
2022-03-23 10:30:00-04:00,TNE.AX,buy,11.399999618530273,29037.0,331021.78892326355,"Conviction 1 | MINIMAL conviction: 17, trend: 65, vol: 0.5x",827568.6102942677,STRONG
2022-04-04 10:30:00-04:00,PME.AX,buy,48.220001220703125,5524.0,266367.28674316406,"Conviction 1 | MINIMAL conviction: 17, trend: 65, vol: 0.6x",830663.4322079868,STRONG
2022-04-26 10:30:00-04:00,TNE.AX,sell,10.109999656677246,29037.0,293564.0600309372,Stop Loss | P&L: -11.3%,775576.1508664341,STRONG
2022-05-02 10:30:00-04:00,PME.AX,sell,43.790000915527344,5524.0,241895.96505737305,Stop Loss | P&L: -9.2%,736591.9792527409,STRONG
2022-05-10 10:30:00-04:00,NST.AX,sell,8.550000190734863,21505.0,183867.75410175323,Stop Loss | P&L: -9.4%,717470.7017611713,STRONG
2022-06-24 10:30:00-04:00,TNE.AX,buy,10.770000457763672,6656.0,71685.123046875,"Conviction 1 | MINIMAL conviction: 17, trend: 65, vol: 1.1x",716942.8515242786,WEAK
2022-07-08 10:30:00-04:00,PME.AX,buy,47.52000045776367,1901.0,90335.52087020874,"Conviction 2 | LOW conviction: 20, trend: 70, vol: 0.9x",722786.7539843769,WEAK
2022-07-20 10:30:00-04:00,FPH.AX,buy,19.079999923706055,7626.0,145504.07941818237,"Conviction 1 | MINIMAL conviction: 12, trend: 65, vol: 0.6x",727548.9483584614,NORMAL
2022-07-22 10:30:00-04:00,XRO.AX,buy,91.22000122070312,3222.0,293910.84393310547,"Conviction 5 | MAX conviction: 42, trend: 75, vol: 1.3x",734794.881759569,NORMAL
2022-07-27 10:30:00-04:00,ZIP.AX,buy,1.2400000095367432,92875.0,115165.00088572502,"Conviction 5 | MAX conviction: 57, trend: 65, vol: 3.6x",737280.3616885394,NORMAL
2022-08-01 10:30:00-04:00,ZIP.AX,sell,1.0750000476837158,92875.0,99840.6294286251,Stop Loss | P&L: -13.3%,715277.9506999701,NORMAL
2022-08-15 10:30:00-04:00,NST.AX,buy,8.1899995803833,10432.0,85438.0756225586,"Conviction 1 | MINIMAL conviction: 12, trend: 65, vol: 0.7x",734989.0440417975,NORMAL
2022-08-22 10:30:00-04:00,NST.AX,sell,7.570000171661377,10432.0,78970.24179077148,Stop Loss | P&L: -7.6%,682014.3601905555,NORMAL
2022-08-29 10:30:00-04:00,XRO.AX,sell,83.25,3222.0,268231.5,Stop Loss | P&L: -8.7%,664910.7112342566,NORMAL
2022-08-31 10:30:00-04:00,FPH.AX,sell,17.530000686645508,7626.0,133683.78523635864,Stop Loss | P&L: -8.1%,665891.2956077307,NORMAL
2022-09-06 10:30:00-04:00,FMG.AX,sell,16.049999237060547,207.0,3322.349842071533,Stop Loss | P&L: -7.5%,661526.9103080481,NORMAL
2022-09-09 10:30:00-04:00,NST.AX,buy,7.71999979019165,17308.0,133617.75636863708,"Conviction 1 | MINIMAL conviction: 17, trend: 65, vol: 1.2x",668114.6015044898,NORMAL
2022-09-26 10:30:00-04:00,NST.AX,sell,7.039999961853027,17308.0,121848.3193397522,Stop Loss | P&L: -8.8%,651160.5276347846,NORMAL
2022-09-30 10:30:00-04:00,NST.AX,buy,7.829999923706055,12460.0,97561.79904937744,"Conviction 3 | STANDARD conviction: 27, trend: 65, vol: 1.1x",650438.152856037,WEAK
2022-11-08 09:30:00-05:00,FPH.AX,buy,17.899999618530273,7749.0,138707.0970439911,"Conviction 1 | MINIMAL conviction: 12, trend: 65, vol: 0.7x",693564.1461726874,NORMAL
2022-11-14 09:30:00-05:00,FMG.AX,buy,19.549999237060547,12634.0,246994.69036102295,"Conviction 5 | MAX conviction: 65, trend: 80, vol: 2.2x",705695.9226581305,STRONG
2023-01-09 09:30:00-05:00,NST.AX,sell,11.760000228881836,12460.0,146529.60285186768,HOME RUN TARGET | P&L: 50.2%,786244.5931884497,STRONG
2023-01-10 09:30:00-05:00,NST.AX,buy,11.729999542236328,12870.0,150965.09410858154,"Conviction 5 | MAX conviction: 45, trend: 100, vol: 0.9x",793979.3506347388,WEAK
2023-02-22 09:30:00-05:00,NST.AX,sell,10.539999961853027,12870.0,135649.79950904846,Stop Loss | P&L: -10.1%,815653.5529739112,NORMAL
2023-02-28 09:30:00-05:00,PME.AX,sell,59.779998779296875,1901.0,113641.77767944336,Trailing Stop | P&L: 25.8%,798439.8740283698,NORMAL
2023-03-06 09:30:00-05:00,XRO.AX,buy,78.47000122070312,3144.0,246709.68383789062,"Conviction 4 | HIGH conviction: 35, trend: 80, vol: 1.3x",813515.7146522254,STRONG
2023-03-07 09:30:00-05:00,PME.AX,buy,61.7599983215332,9.0,555.8399848937988,"Conviction 1 | MINIMAL conviction: 15, trend: 60, vol: 0.8x",815728.4751445502,STRONG
2023-03-20 10:30:00-04:00,NST.AX,buy,11.819999694824219,1.0,11.819999694824219,"Conviction 1 | MINIMAL conviction: 15, trend: 60, vol: 1.1x",821261.6317645758,WEAK
2023-05-25 10:30:00-04:00,TNE.AX,sell,16.389999389648438,6656.0,109091.8359375,HOME RUN TARGET | P&L: 52.2%,873486.0984832495,WEAK
2023-05-25 10:30:00-04:00,FPH.AX,sell,22.68000030517578,7749.0,175747.32236480713,Trailing Stop | P&L: 26.7%,873486.0984832495,WEAK
2023-05-26 10:30:00-04:00,TNE.AX,buy,16.760000228881836,10423.0,174689.48238563538,"Conviction 5 | MAX conviction: 65, trend: 100, vol: 1.6x",873486.0984832495,WEAK
2023-05-30 10:30:00-04:00,ZIP.AX,buy,0.574999988079071,198286.0,114014.44763624668,"Conviction 3 | STANDARD conviction: 27, trend: 75, vol: 0.4x",880010.5432416648,NORMAL
2023-06-01 10:30:00-04:00,ZIP.AX,sell,0.5199999809265137,198286.0,103108.71621799469,Stop Loss | P&L: -9.6%,878715.8901892155,NORMAL
2023-06-20 10:30:00-04:00,XRO.AX,sell,120.0,3144.0,377280.0,HOME RUN TARGET | P&L: 52.9%,929458.6209488362,NORMAL
2023-06-21 10:30:00-04:00,XRO.AX,buy,118.54000091552734,3126.0,370556.0428619385,"Conviction 5 | MAX conviction: 55, trend: 100, vol: 1.3x",926429.1114283055,STRONG
2023-06-22 10:30:00-04:00,TNE.AX,sell,15.470000267028809,10423.0,161243.81278324127,Stop Loss | P&L: -7.7%,903100.231586501,STRONG
2023-07-17 10:30:00-04:00,TNE.AX,buy,15.960000038146973,17297.0,276060.1206598282,"Conviction 2 | LOW conviction: 20, trend: 70, vol: 1.4x",951556.0753546208,STRONG
2023-08-08 10:30:00-04:00,NST.AX,sell,10.829999923706055,1.0,10.829999923706055,Stop Loss | P&L: -8.4%,907015.8111553639,STRONG
2023-08-16 10:30:00-04:00,TNE.AX,sell,14.670000076293945,17297.0,253746.99131965637,Stop Loss | P&L: -8.1%,866658.2094049901,STRONG
2023-08-31 10:30:00-04:00,TNE.AX,buy,15.40999984741211,16422.0,253063.01749420166,"Conviction 3 | STANDARD conviction: 30, trend: 70, vol: 1.8x",909778.8794947118,STRONG
2023-10-03 10:30:00-04:00,XRO.AX,sell,109.9000015258789,3126.0,343547.40476989746,Stop Loss | P&L: -7.3%,848832.7717848271,STRONG
2023-10-11 10:30:00-04:00,XRO.AX,buy,119.73999786376953,913.0,109322.61804962158,"Conviction 2 | LOW conviction: 20, trend: 70, vol: 1.4x",875496.8078184575,WEAK
2023-10-19 10:30:00-04:00,XRO.AX,sell,109.83000183105469,913.0,100274.79167175293,Stop Loss | P&L: -8.3%,856317.7992716283,WEAK
2023-10-19 10:30:00-04:00,NST.AX,buy,11.979999542236328,14295.0,171254.0934562683,"Conviction 5 | MAX conviction: 47, trend: 65, vol: 1.5x",856317.7992716283,WEAK
2023-11-06 09:30:00-05:00,ZIP.AX,buy,0.375,426717.0,160018.875,"Conviction 5 | MAX conviction: 42, trend: 75, vol: 1.4x",873545.1404247731,NORMAL
2023-11-24 09:30:00-05:00,FPH.AX,buy,20.610000610351562,207.0,4266.270126342773,"Conviction 1 | MINIMAL conviction: 17, trend: 65, vol: 0.6x",906242.4584539384,NORMAL
2023-12-13 09:30:00-05:00,PME.AX,sell,92.9800033569336,9.0,836.8200302124023,HOME RUN TARGET | P&L: 50.6%,1022350.8183396906,NORMAL
2023-12-14 09:30:00-05:00,PME.AX,buy,93.26000213623047,9.0,839.3400192260742,"Conviction 5 | MAX conviction: 45, trend: 100, vol: 0.7x",1024084.6925664991,STRONG
2023-12-18 09:30:00-05:00,ZIP.AX,sell,0.6100000143051147,426717.0,260297.37610423565,HOME RUN TARGET | P&L: 62.7%,1056660.157576248,STRONG
2023-12-19 09:30:00-05:00,ZIP.AX,buy,0.5849999785423279,444947.0,260293.98545247316,"Conviction 3 | STANDARD conviction: 30, trend: 70, vol: 0.8x",1070196.7783838958,STRONG
