timestamp,symbol,action,price,quantity,value,reason,portfolio_value,market_regime,strategy
2020-01-02 09:30:00-05:00,CAR.AX,buy,16.00689125061035,937.0,14998.4571018219,"ASX GOOD: 55, 3-6M: 34.1%, ATR: 0.96",100000.0,WEAK,consolidation_conviction_asx300
2020-01-02 09:30:00-05:00,CSL.AX,buy,275.0400085449219,54.0,14852.160461425781,"ASX GOOD: 55, 3-6M: 41.5%, ATR: 1.19",100000.0,WEAK,consolidation_conviction_asx300
2020-01-03 09:30:00-05:00,KMD.AX,buy,2.317591905593872,6472.0,14999.45481300354,"ASX GOOD: 45, 3-6M: 40.3%, ATR: 1.11",100000.0,WEAK,consolidation_conviction_asx300
2020-01-03 09:30:00-05:00,NEU.AX,buy,2.609999895095825,5747.0,14999.669397115707,"ASX GOOD: 55, 3-6M: 133.0%, ATR: 0.97",100000.0,WEAK,consolidation_conviction_asx300
2020-01-06 09:30:00-05:00,MP1.AX,buy,10.260000228881836,1479.0,15174.540338516235,"ASX HIGH: 60, 3-6M: 150.9%, ATR: 0.99",101167.33182191849,WEAK,consolidation_conviction_asx300
2020-01-06 09:30:00-05:00,RMD.AX,buy,22.280000686645508,681.0,15172.68046760559,"ASX HIGH: 68, 3-6M: 56.8%, ATR: 0.71",101167.33182191849,WEAK,consolidation_conviction_asx300
2020-01-07 09:30:00-05:00,REA.AX,buy,106.8499984741211,93.0,9937.049858093262,"ASX HIGH: 60, 3-6M: 43.2%, ATR: 0.92",101922.98565411568,STRONG,consolidation_conviction_asx300
2020-01-07 09:30:00-05:00,MSB.AX,buy,2.1617770195007324,4601.0,9946.33606672287,"ASX FAIR: 38, 3-6M: 61.1%",101922.98565411568,STRONG,consolidation_conviction_asx300
2020-01-30 09:30:00-05:00,KMD.AX,sell,2.064105987548828,6472.0,13358.893951416016,Stop Loss | P&L: -10.9%,108976.99865603447,STRONG,consolidation_conviction_asx300
2020-01-31 09:30:00-05:00,ALD.AX,buy,34.380001068115234,86.0,2956.68009185791,"ASX HIGH: 65, 3-6M: 34.8%, ATR: 0.67",108976.99865603447,STRONG,consolidation_conviction_asx300
2020-01-31 09:30:00-05:00,GOR.AX,buy,1.4199999570846558,2083.0,2957.859910607338,"ASX GOOD: 53, 3-6M: 58.7%, ATR: 0.90",108976.99865603447,STRONG,consolidation_conviction_asx300
2020-02-18 09:30:00-05:00,MSB.AX,sell,2.559999942779541,4601.0,11778.559736728668,Trailing Stop | P&L: 18.4%,111939.69869303703,STRONG,consolidation_conviction_asx300
2020-02-26 09:30:00-05:00,NEU.AX,sell,2.299999952316284,5747.0,13218.099725961685,Stop Loss | P&L: -11.9%,102838.53846013546,STRONG,consolidation_conviction_asx300
2020-02-27 09:30:00-05:00,JBH.AX,buy,37.130001068115234,401.0,14889.130428314209,"ASX FAIR: 35, 3-6M: 45.2%",99490.45751476288,WEAK,consolidation_conviction_asx300
2020-02-27 09:30:00-05:00,NST.AX,buy,14.829999923706055,1006.0,14918.979923248291,"ASX FAIR: 38, 3-6M: 57.3%",99490.45751476288,WEAK,consolidation_conviction_asx300
2020-03-02 09:30:00-05:00,NST.AX,sell,12.960000038146973,1006.0,13037.760038375854,Stop Loss | P&L: -12.6%,100518.18758392334,WEAK,consolidation_conviction_asx300
2020-03-03 09:30:00-05:00,REA.AX,sell,96.52999877929688,93.0,8977.28988647461,Stop Loss | P&L: -9.7%,98168.0195223093,WEAK,consolidation_conviction_asx300
2020-03-04 09:30:00-05:00,NST.AX,buy,14.09000015258789,1066.0,15019.940162658691,"ASX FAIR: 43, 3-6M: 51.3%",100144.47128534317,WEAK,consolidation_conviction_asx300
2020-03-04 09:30:00-05:00,FPH.AX,buy,25.270000457763672,594.0,15010.380271911621,"ASX FAIR: 43, 3-6M: 61.7%",100144.47128534317,WEAK,consolidation_conviction_asx300
2020-03-09 10:30:00-04:00,CAR.AX,sell,13.814166069030762,937.0,12943.873606681824,Stop Loss | P&L: -13.7%,87403.4652775526,WEAK,consolidation_conviction_asx300
2020-03-09 10:30:00-04:00,MP1.AX,sell,7.949999809265137,1479.0,11758.049717903137,Stop Loss | P&L: -22.5%,87403.4652775526,WEAK,consolidation_conviction_asx300
2020-03-09 10:30:00-04:00,ALD.AX,sell,25.549999237060547,86.0,2197.299934387207,Stop Loss | P&L: -25.7%,87403.4652775526,WEAK,consolidation_conviction_asx300
2020-03-09 10:30:00-04:00,GOR.AX,sell,1.2799999713897705,2083.0,2666.239940404892,Stop Loss | P&L: -9.9%,87403.4652775526,WEAK,consolidation_conviction_asx300
2020-03-09 10:30:00-04:00,JBH.AX,sell,31.010000228881836,401.0,12435.010091781616,Stop Loss | P&L: -16.5%,87403.4652775526,WEAK,consolidation_conviction_asx300
2020-03-10 10:30:00-04:00,A2M.AX,buy,16.040000915527344,843.0,13521.72077178955,"ASX FAIR: 35, 3-6M: 33.2%",90246.17581832409,WEAK,consolidation_conviction_asx300
2020-03-11 10:30:00-04:00,NST.AX,sell,12.039999961853027,1066.0,12834.639959335327,Stop Loss | P&L: -14.5%,85765.48530471325,WEAK,consolidation_conviction_asx300
2020-03-12 10:30:00-04:00,RMD.AX,sell,20.079999923706055,681.0,13674.479948043823,Stop Loss | P&L: -9.9%,78507.88598906994,WEAK,consolidation_conviction_asx300
2020-03-12 10:30:00-04:00,FPH.AX,sell,21.309999465942383,594.0,12658.139682769775,Stop Loss | P&L: -15.7%,78507.88598906994,WEAK,consolidation_conviction_asx300
2020-03-12 10:30:00-04:00,A2M.AX,sell,14.0,843.0,11802.0,Stop Loss | P&L: -12.7%,78507.88598906994,WEAK,consolidation_conviction_asx300
2020-03-13 10:30:00-04:00,RMD.AX,buy,22.799999237060547,516.0,11764.799606323242,"ASX FAIR: 40, 3-6M: 40.0%",78507.88598906994,WEAK,consolidation_conviction_asx300
2020-03-13 10:30:00-04:00,FPH.AX,buy,24.049999237060547,489.0,11760.449626922607,"ASX GOOD: 53, 3-6M: 68.7%, ATR: 1.76",78507.88598906994,WEAK,consolidation_conviction_asx300
2020-03-23 10:30:00-04:00,RMD.AX,sell,20.959999084472656,516.0,10815.35952758789,Stop Loss | P&L: -8.1%,82718.41620147228,WEAK,consolidation_conviction_asx300
2020-03-26 10:30:00-04:00,A2M.AX,buy,16.0,796.0,12736.0,"ASX GOOD: 45, 3-6M: 33.1%, ATR: 2.05",84999.07544410229,WEAK,consolidation_conviction_asx300
2020-03-26 10:30:00-04:00,RMD.AX,buy,22.81999969482422,558.0,12733.559829711914,"ASX FAIR: 40, 3-6M: 32.8%",84999.07544410229,WEAK,consolidation_conviction_asx300
2020-05-07 10:30:00-04:00,FMG.AX,buy,11.449999809265137,1512.0,17312.399711608887,"ASX GOOD: 50, 3-6M: 38.8%, ATR: 1.02",86580.7358521223,NORMAL,consolidation_conviction_asx300
2020-05-07 10:30:00-04:00,EVN.AX,buy,5.380000114440918,2413.0,12981.940276145935,"ASX FAIR: 30, 3-6M: 45.0%",86580.7358521223,NORMAL,consolidation_conviction_asx300
2020-07-01 10:30:00-04:00,CSL.AX,sell,286.0,54.0,15444.0,Time Exit | P&L: 4.0%,94137.86626279354,NORMAL,consolidation_conviction_asx300
2020-07-02 10:30:00-04:00,XRO.AX,buy,91.80000305175781,137.0,12576.60041809082,"ASX HIGH: 65, 3-6M: 47.4%, ATR: 0.67",95541.61658322811,NORMAL,consolidation_conviction_asx300
2020-07-02 10:30:00-04:00,KGN.AX,buy,15.729999542236328,805.0,12662.649631500244,"ASX FAIR: 40, 3-6M: 206.6%",95541.61658322811,NORMAL,consolidation_conviction_asx300
2020-07-07 10:30:00-04:00,FPH.AX,sell,34.0,489.0,16626.0,ASX PROFIT TARGET | P&L: 41.4%,98663.03545892239,NORMAL,consolidation_conviction_asx300
2020-07-08 10:30:00-04:00,IMU.AX,buy,1.156000018119812,3341.0,3862.196060538292,"ASX GOOD: 45, 3-6M: 47.8%, ATR: 0.88",98728.73707520962,NORMAL,consolidation_conviction_asx300
2020-07-08 10:30:00-04:00,MSB.AX,buy,3.470221996307373,1113.0,3862.357081890106,"ASX FAIR: 42, 3-6M: 80.3%",98728.73707520962,NORMAL,consolidation_conviction_asx300
2020-07-14 10:30:00-04:00,MSB.AX,sell,3.1573328971862793,1113.0,3514.111514568329,Stop Loss | P&L: -9.0%,100061.54142224789,NORMAL,consolidation_conviction_asx300
2020-07-15 10:30:00-04:00,FMG.AX,sell,16.1200008392334,1512.0,24373.4412689209,ASX PROFIT TARGET | P&L: 40.8%,101137.44437634945,NORMAL,consolidation_conviction_asx300
2020-07-16 10:30:00-04:00,NST.AX,buy,14.739999771118164,1356.0,19987.43968963623,"ASX GOOD: 50, 3-6M: 30.6%, ATR: 0.62",99981.19977092743,NORMAL,consolidation_conviction_asx300
2020-07-16 10:30:00-04:00,LYC.AX,buy,1.9332410097122192,12330.0,23836.861649751663,"ASX HIGH: 60, 3-6M: 33.8%, ATR: 0.67",99981.19977092743,NORMAL,consolidation_conviction_asx300
2020-07-22 10:30:00-04:00,IMU.AX,sell,1.7000000476837158,3341.0,5679.700159311295,ASX PROFIT TARGET | P&L: 47.1%,107542.48232662678,NORMAL,consolidation_conviction_asx300
2020-08-20 10:30:00-04:00,KGN.AX,sell,22.100000381469727,805.0,17790.50030708313,ASX PROFIT TARGET | P&L: 40.5%,110461.1802059412,STRONG,consolidation_conviction_asx300
2020-08-21 10:30:00-04:00,CHC.AX,buy,12.289999961853027,287.0,3527.229989051819,"ASX GOOD: 48, 3-6M: 58.6%, ATR: 0.67",110461.1802059412,NORMAL,consolidation_conviction_asx300
2020-08-21 10:30:00-04:00,MSB.AX,buy,4.84503698348999,730.0,3536.876997947693,"ASX FAIR: 40, 3-6M: 185.5%",110461.1802059412,NORMAL,consolidation_conviction_asx300
2020-08-27 10:30:00-04:00,NST.AX,sell,13.489999771118164,1356.0,18292.43968963623,Stop Loss | P&L: -8.5%,106682.31143534184,NORMAL,consolidation_conviction_asx300
2020-08-28 10:30:00-04:00,PMV.AX,buy,18.979999542236328,778.0,14766.439643859863,"ASX FAIR: 40, 3-6M: 47.6%",106682.31143534184,NORMAL,consolidation_conviction_asx300
2020-08-28 10:30:00-04:00,WTC.AX,buy,28.139999389648438,524.0,14745.359680175781,"ASX FAIR: 35, 3-6M: 73.3%",106682.31143534184,NORMAL,consolidation_conviction_asx300
2020-09-08 10:30:00-04:00,MSB.AX,sell,4.33303689956665,730.0,3163.116936683655,Stop Loss | P&L: -10.6%,102024.81679689884,NORMAL,consolidation_conviction_asx300
2020-09-21 10:30:00-04:00,WTC.AX,sell,25.639999389648438,524.0,13435.359680175781,Stop Loss | P&L: -8.9%,103095.406868577,NORMAL,consolidation_conviction_asx300
2020-09-22 10:30:00-04:00,NXT.AX,buy,11.938614845275879,162.0,1934.0556049346924,"ASX FAIR: 40, 3-6M: 83.4%",105359.69821465015,WEAK,consolidation_conviction_asx300
2020-09-22 10:30:00-04:00,HVN.AX,buy,4.449999809265137,435.0,1935.7499170303345,"ASX GOOD: 58, 3-6M: 51.4%, ATR: 0.91",105359.69821465015,WEAK,consolidation_conviction_asx300
2020-09-23 10:30:00-04:00,A2M.AX,sell,16.860000610351562,796.0,13420.560485839844,Time Exit | P&L: 5.4%,103114.93876516819,WEAK,consolidation_conviction_asx300
2020-09-23 10:30:00-04:00,RMD.AX,sell,23.899999618530273,558.0,13336.199787139893,Time Exit | P&L: 4.7%,103114.93876516819,WEAK,consolidation_conviction_asx300
2020-09-24 10:30:00-04:00,CAR.AX,buy,19.744056701660156,791.0,15617.548851013184,"ASX GOOD: 55, 3-6M: 32.3%, ATR: 1.05",104165.51452696323,WEAK,consolidation_conviction_asx300
2020-09-24 10:30:00-04:00,KGN.AX,buy,19.940000534057617,783.0,15613.020418167114,"ASX GOOD: 50, 3-6M: 181.2%, ATR: 1.31",104165.51452696323,WEAK,consolidation_conviction_asx300
2020-10-08 10:30:00-04:00,LYC.AX,sell,2.7100000381469727,12330.0,33414.30047035217,ASX PROFIT TARGET | P&L: 40.2%,116429.25297129154,WEAK,consolidation_conviction_asx300
2020-11-04 09:30:00-05:00,EVN.AX,sell,5.75,2413.0,13874.75,Time Exit | P&L: 6.9%,115840.37837183475,WEAK,consolidation_conviction_asx300
2020-11-05 09:30:00-05:00,FPH.AX,buy,34.34000015258789,1025.0,35198.50015640259,"ASX GOOD: 58, 3-6M: 57.6%, ATR: 0.84",117435.28235161304,STRONG,consolidation_conviction_asx300
2020-11-05 09:30:00-05:00,GMG.AX,buy,19.6299991607666,1794.0,35216.21849441528,"ASX GOOD: 55, 3-6M: 31.3%, ATR: 0.88",117435.28235161304,STRONG,consolidation_conviction_asx300
2020-11-10 09:30:00-05:00,FPH.AX,sell,30.559999465942383,1025.0,31323.999452590942,Stop Loss | P&L: -11.0%,108893.76415550709,STRONG,consolidation_conviction_asx300
2020-11-19 09:30:00-05:00,KGN.AX,sell,18.229999542236328,783.0,14274.089641571045,Stop Loss | P&L: -8.6%,106563.89909803867,STRONG,consolidation_conviction_asx300
2020-11-20 09:30:00-05:00,EVN.AX,buy,5.460000038146973,2868.0,15659.280109405518,"ASX GOOD: 45, 3-6M: 36.5%, ATR: 0.86",106563.89909803867,STRONG,consolidation_conviction_asx300
2020-11-20 09:30:00-05:00,PDN.AX,buy,1.3698920011520386,11434.0,15663.345141172409,"ASX GOOD: 45, 3-6M: 41.4%, ATR: 0.64",106563.89909803867,STRONG,consolidation_conviction_asx300
2020-11-23 09:30:00-05:00,XRO.AX,sell,133.3300018310547,137.0,18266.210250854492,ASX PROFIT TARGET | P&L: 45.2%,106430.81102049351,STRONG,consolidation_conviction_asx300
2020-11-24 09:30:00-05:00,EVN.AX,sell,4.869999885559082,2868.0,13967.159671783447,Stop Loss | P&L: -10.8%,106650.76768624783,STRONG,consolidation_conviction_asx300
2020-11-25 09:30:00-05:00,MIN.AX,buy,31.649999618530273,514.0,16268.09980392456,"ASX FAIR: 38, 3-6M: 66.2%",107319.02008807659,STRONG,consolidation_conviction_asx300
2020-11-25 09:30:00-05:00,WTC.AX,buy,30.110000610351562,540.0,16259.400329589844,"ASX GOOD: 45, 3-6M: 42.0%, ATR: 1.02",107319.02008807659,STRONG,consolidation_conviction_asx300
2020-12-07 09:30:00-05:00,PDN.AX,sell,2.2505369186401367,11434.0,25732.639127731323,ASX PROFIT TARGET | P&L: 64.3%,117603.29805505276,STRONG,consolidation_conviction_asx300
2020-12-09 09:30:00-05:00,GMG.AX,sell,17.969999313354492,1794.0,32238.17876815796,Stop Loss | P&L: -8.5%,116709.64280641079,STRONG,consolidation_conviction_asx300
2020-12-10 09:30:00-05:00,CAR.AX,sell,18.018478393554688,791.0,14252.616409301758,Stop Loss | P&L: -8.7%,116039.33348119259,STRONG,consolidation_conviction_asx300
2020-12-10 09:30:00-05:00,REA.AX,buy,144.16000366210938,241.0,34742.56088256836,"ASX GOOD: 55, 3-6M: 46.3%, ATR: 0.95",116039.33348119259,STRONG,consolidation_conviction_asx300
2020-12-10 09:30:00-05:00,SCG.AX,buy,2.819999933242798,12344.0,34810.0791759491,"ASX GOOD: 45, 3-6M: 46.9%, ATR: 1.12",116039.33348119259,STRONG,consolidation_conviction_asx300
2021-01-12 09:30:00-05:00,WTC.AX,sell,27.549999237060547,540.0,14876.999588012695,Stop Loss | P&L: -8.5%,117625.05868422985,STRONG,consolidation_conviction_asx300
2021-01-13 09:30:00-05:00,IMU.AX,buy,3.569999933242798,523.0,1867.1099650859833,"ASX GOOD: 47, 3-6M: 400.0%, ATR: 1.68",118778.09424388409,NORMAL,consolidation_conviction_asx300
2021-01-13 09:30:00-05:00,URW.AX,buy,4.900000095367432,381.0,1866.9000363349915,"ASX GOOD: 53, 3-6M: 52.2%, ATR: 0.96",118778.09424388409,NORMAL,consolidation_conviction_asx300
2021-01-19 09:30:00-05:00,PMV.AX,sell,22.610000610351562,778.0,17590.580474853516,Trailing Stop | P&L: 19.1%,116779.69102942944,NORMAL,consolidation_conviction_asx300
2021-01-25 09:30:00-05:00,URW.AX,sell,4.480000019073486,381.0,1706.8800072669983,Stop Loss | P&L: -8.6%,117162.67395484447,NORMAL,consolidation_conviction_asx300
2021-01-26 09:30:00-05:00,URW.AX,buy,4.489999771118164,3888.0,17457.119110107422,"ASX GOOD: 45, 3-6M: 48.7%, ATR: 0.77",118399.7921923399,STRONG,consolidation_conviction_asx300
2021-01-26 09:30:00-05:00,WHC.AX,buy,1.5850000381469727,11014.0,17457.190420150757,"ASX GOOD: 45, 3-6M: 83.2%, ATR: 1.24",118399.7921923399,STRONG,consolidation_conviction_asx300
2021-02-02 09:30:00-05:00,MIN.AX,sell,36.65999984741211,514.0,18843.239921569824,Trailing Stop | P&L: 15.8%,119591.28443038464,STRONG,consolidation_conviction_asx300
2021-02-18 09:30:00-05:00,CHC.AX,sell,12.600000381469727,287.0,3616.2001094818115,Time Exit | P&L: 2.5%,115453.31979644299,STRONG,consolidation_conviction_asx300
2021-02-19 09:30:00-05:00,IGO.AX,buy,6.630000114440918,601.0,3984.6300687789917,"ASX FAIR: 40, 3-6M: 48.5%",115453.31979644299,STRONG,consolidation_conviction_asx300
2021-02-19 09:30:00-05:00,CBA.AX,buy,82.51000213623047,48.0,3960.4801025390625,"ASX GOOD: 50, 3-6M: 37.2%, ATR: 1.11",115453.31979644299,STRONG,consolidation_conviction_asx300
2021-02-25 09:30:00-05:00,NXT.AX,sell,10.898321151733398,162.0,1765.5280265808105,Stop Loss | P&L: -8.7%,113902.98394787312,STRONG,consolidation_conviction_asx300
2021-03-08 09:30:00-05:00,IMU.AX,sell,3.2300000190734863,523.0,1689.2900099754333,Stop Loss | P&L: -9.5%,117968.29305827618,STRONG,consolidation_conviction_asx300
2021-04-20 10:30:00-04:00,WHC.AX,sell,1.399999976158142,11014.0,15419.599737405777,Stop Loss | P&L: -11.7%,116660.05488169193,STRONG,consolidation_conviction_asx300
2021-04-21 10:30:00-04:00,IMU.AX,buy,6.800000190734863,2168.0,14742.400413513184,"ASX FAIR: 35, 3-6M: 488.2%",116114.79492676258,STRONG,consolidation_conviction_asx300
2021-04-21 10:30:00-04:00,WTC.AX,buy,30.6299991607666,481.0,14733.029596328735,"ASX GOOD: 45, 3-6M: 42.0%, ATR: 0.84",116114.79492676258,STRONG,consolidation_conviction_asx300
2021-04-26 10:30:00-04:00,HVN.AX,sell,5.329999923706055,435.0,2318.549966812134,Trailing Stop | P&L: 19.8%,117991.72127830982,STRONG,consolidation_conviction_asx300
2021-05-10 10:30:00-04:00,WTC.AX,sell,27.299999237060547,481.0,13131.299633026123,Stop Loss | P&L: -10.9%,122670.28046143055,STRONG,consolidation_conviction_asx300
2021-05-11 10:30:00-04:00,CHC.AX,buy,14.069999694824219,87.0,1224.089973449707,"ASX HIGH: 60, 3-6M: 37.3%, ATR: 0.82",121039.02318537235,STRONG,consolidation_conviction_asx300
2021-05-11 10:30:00-04:00,FMG.AX,buy,24.09000015258789,51.0,1228.5900077819824,"ASX GOOD: 50, 3-6M: 42.6%, ATR: 0.70",121039.02318537235,STRONG,consolidation_conviction_asx300
2021-05-13 10:30:00-04:00,IMU.AX,sell,10.710000038146973,2168.0,23219.280082702637,ASX PROFIT TARGET | P&L: 57.5%,123001.33316481113,STRONG,consolidation_conviction_asx300
2021-05-14 10:30:00-04:00,SEK.AX,buy,28.920000076293945,637.0,18422.040048599243,"ASX FAIR: 40, 3-6M: 33.5%",123001.33316481113,NORMAL,consolidation_conviction_asx300
2021-05-14 10:30:00-04:00,PDN.AX,buy,4.75,4635.0,22016.25,"ASX GOOD: 45, 3-6M: 288.4%, ATR: 0.85",123001.33316481113,NORMAL,consolidation_conviction_asx300
2021-05-24 10:30:00-04:00,FMG.AX,sell,21.420000076293945,51.0,1092.4200038909912,Stop Loss | P&L: -11.1%,127797.10017931461,NORMAL,consolidation_conviction_asx300
2021-06-09 10:30:00-04:00,REA.AX,sell,164.52999877929688,241.0,39651.72970581055,Time Exit | P&L: 14.1%,137222.6405545473,NORMAL,consolidation_conviction_asx300
2021-06-09 10:30:00-04:00,SCG.AX,sell,2.859999895095825,12344.0,35303.838705062866,Time Exit | P&L: 1.4%,137222.6405545473,NORMAL,consolidation_conviction_asx300
2021-06-09 10:30:00-04:00,URW.AX,sell,6.5,3888.0,25272.0,ASX PROFIT TARGET | P&L: 44.8%,137222.6405545473,NORMAL,consolidation_conviction_asx300
2021-06-10 10:30:00-04:00,SCG.AX,buy,2.9100000858306885,14416.0,41950.561237335205,"ASX GOOD: 50, 3-6M: 41.3%, ATR: 0.85",139838.65982544422,STRONG,consolidation_conviction_asx300
2021-06-10 10:30:00-04:00,STO.AX,buy,7.599999904632568,5519.0,41944.399473667145,"ASX GOOD: 50, 3-6M: 35.2%, ATR: 0.92",139838.65982544422,STRONG,consolidation_conviction_asx300
2021-07-14 10:30:00-04:00,SCG.AX,sell,2.6700000762939453,14416.0,38490.721099853516,Stop Loss | P&L: -8.2%,130488.78778421879,NORMAL,consolidation_conviction_asx300
2021-07-15 10:30:00-04:00,IMU.AX,buy,11.5600004196167,2245.0,25952.20094203949,"ASX GOOD: 47, 3-6M: 623.4%, ATR: 1.13",129786.44968235493,NORMAL,consolidation_conviction_asx300
2021-07-15 10:30:00-04:00,BHP.AX,buy,45.88270950317383,565.0,25923.730869293213,"ASX GOOD: 55, 3-6M: 44.7%, ATR: 0.78",129786.44968235493,NORMAL,consolidation_conviction_asx300
2021-07-19 10:30:00-04:00,PDN.AX,sell,4.199999809265137,4635.0,19466.99911594391,Stop Loss | P&L: -11.6%,121840.80312550068,NORMAL,consolidation_conviction_asx300
2021-07-19 10:30:00-04:00,STO.AX,sell,6.630000114440918,5519.0,36590.970631599426,Stop Loss | P&L: -12.8%,121840.80312550068,NORMAL,consolidation_conviction_asx300
2021-07-20 10:30:00-04:00,TLS.AX,buy,3.7300000190734863,6576.0,24528.480125427246,"ASX GOOD: 55, 3-6M: 31.8%, ATR: 1.04",122659.03657925129,NORMAL,consolidation_conviction_asx300
2021-07-20 10:30:00-04:00,PDN.AX,buy,4.349999904632568,5639.0,24529.649462223053,"ASX GOOD: 55, 3-6M: 255.6%, ATR: 0.85",122659.03657925129,NORMAL,consolidation_conviction_asx300
2021-07-28 10:30:00-04:00,IMU.AX,sell,10.199999809265137,2245.0,22898.999571800232,Stop Loss | P&L: -11.8%,126279.72587549686,NORMAL,consolidation_conviction_asx300
2021-07-29 10:30:00-04:00,FMG.AX,buy,26.299999237060547,589.0,15490.699550628662,"ASX GOOD: 58, 3-6M: 60.5%, ATR: 0.80",127690.51180946827,STRONG,consolidation_conviction_asx300
2021-07-29 10:30:00-04:00,REA.AX,buy,162.9499969482422,95.0,15480.249710083008,"ASX HIGH: 60, 3-6M: 32.1%, ATR: 0.90",127690.51180946827,STRONG,consolidation_conviction_asx300
2021-08-02 10:30:00-04:00,IGO.AX,sell,9.5,601.0,5709.5,ASX PROFIT TARGET | P&L: 43.3%,125466.16908943653,STRONG,consolidation_conviction_asx300
2021-08-03 10:30:00-04:00,FMG.AX,sell,23.899999618530273,589.0,14077.099775314331,Stop Loss | P&L: -9.1%,125662.67086994648,STRONG,consolidation_conviction_asx300
2021-08-04 10:30:00-04:00,WHC.AX,buy,2.1500000953674316,2065.0,4439.750196933746,"ASX GOOD: 55, 3-6M: 108.7%, ATR: 1.15",126294.56195271015,STRONG,consolidation_conviction_asx300
2021-08-04 10:30:00-04:00,MIN.AX,buy,61.33000183105469,72.0,4415.7601318359375,"ASX HIGH: 60, 3-6M: 146.2%, ATR: 1.13",126294.56195271015,STRONG,consolidation_conviction_asx300
2021-08-17 10:30:00-04:00,MIN.AX,sell,55.16999816894531,72.0,3972.2398681640625,Stop Loss | P&L: -10.0%,120081.72114503384,STRONG,consolidation_conviction_asx300
2021-08-18 10:30:00-04:00,BHP.AX,sell,40.31766128540039,565.0,22779.47862625122,Stop Loss | P&L: -12.1%,117576.92174398899,STRONG,consolidation_conviction_asx300
2021-08-19 10:30:00-04:00,PME.AX,buy,64.87999725341797,345.0,22383.5990524292,"ASX GOOD: 50, 3-6M: 96.0%, ATR: 1.00",118243.15283238888,NORMAL,consolidation_conviction_asx300
2021-08-19 10:30:00-04:00,MP1.AX,buy,17.09000015258789,1310.0,22387.900199890137,"ASX GOOD: 55, 3-6M: 39.2%, ATR: 0.97",118243.15283238888,NORMAL,consolidation_conviction_asx300
2021-09-02 10:30:00-04:00,PDN.AX,sell,6.900000095367432,5639.0,38909.10053777695,ASX PROFIT TARGET | P&L: 58.6%,134329.5010534525,NORMAL,consolidation_conviction_asx300
2021-09-07 10:30:00-04:00,PME.AX,sell,58.70000076293945,345.0,20251.50026321411,Stop Loss | P&L: -9.5%,134333.0542486906,NORMAL,consolidation_conviction_asx300
2021-09-08 10:30:00-04:00,PLS.AX,buy,2.1700000762939453,16891.0,36653.47128868103,"ASX GOOD: 50, 3-6M: 228.1%, ATR: 1.99",133105.37139832973,STRONG,consolidation_conviction_asx300
2021-09-08 10:30:00-04:00,RMD.AX,buy,39.56999969482422,926.0,36641.81971740723,"ASX GOOD: 48, 3-6M: 58.3%, ATR: 1.26",133105.37139832973,STRONG,consolidation_conviction_asx300
2021-09-14 10:30:00-04:00,WHC.AX,sell,3.119999885559082,2065.0,6442.799763679504,ASX PROFIT TARGET | P&L: 45.1%,136068.98139488697,STRONG,consolidation_conviction_asx300
2021-09-29 10:30:00-04:00,PLS.AX,sell,1.9900000095367432,16891.0,33613.09016108513,Stop Loss | P&L: -8.3%,125888.5006030798,STRONG,consolidation_conviction_asx300
2021-09-30 10:30:00-04:00,CHC.AX,sell,16.549999237060547,87.0,1439.8499336242676,Trailing Stop | P&L: 17.6%,125435.58789479733,STRONG,consolidation_conviction_asx300
2021-09-30 10:30:00-04:00,RMD.AX,sell,36.349998474121094,926.0,33660.09858703613,Stop Loss | P&L: -8.1%,125435.58789479733,STRONG,consolidation_conviction_asx300
2021-09-30 10:30:00-04:00,CAR.AX,buy,24.553455352783203,143.0,3511.144115447998,"ASX GOOD: 50, 3-6M: 32.7%, ATR: 1.26",125435.58789479733,WEAK,consolidation_conviction_asx300
2021-09-30 10:30:00-04:00,WHC.AX,buy,3.2300000190734863,1091.0,3523.9300208091736,"ASX FAIR: 40, 3-6M: 110.4%",125435.58789479733,WEAK,consolidation_conviction_asx300
2021-10-01 10:30:00-04:00,NEU.AX,buy,2.0899999141693115,9002.0,18814.179227352142,"ASX FAIR: 38, 3-6M: 67.2%",125435.58789479731,WEAK,consolidation_conviction_asx300
2021-10-01 10:30:00-04:00,WTC.AX,buy,53.040000915527344,354.0,18776.16032409668,"ASX GOOD: 45, 3-6M: 90.8%, ATR: 1.94",125435.58789479731,WEAK,consolidation_conviction_asx300
2021-10-18 10:30:00-04:00,NEU.AX,sell,1.9199999570846558,9002.0,17283.83961367607,Stop Loss | P&L: -8.1%,125711.27297794817,WEAK,consolidation_conviction_asx300
2021-10-21 10:30:00-04:00,WHC.AX,sell,2.9000000953674316,1091.0,3163.900104045868,Stop Loss | P&L: -10.2%,126112.5617533922,WEAK,consolidation_conviction_asx300
2021-10-22 10:30:00-04:00,PDN.AX,buy,9.25,1581.0,14624.25,"ASX FAIR: 32, 3-6M: 226.0%",126112.5617533922,NORMAL,consolidation_conviction_asx300
2021-10-22 10:30:00-04:00,LYC.AX,buy,6.840000152587891,2138.0,14623.92032623291,"ASX GOOD: 53, 3-6M: 56.2%, ATR: 0.97",126112.5617533922,NORMAL,consolidation_conviction_asx300
2021-10-27 10:30:00-04:00,PDN.AX,sell,8.449999809265137,1581.0,13359.449698448181,Stop Loss | P&L: -8.6%,127305.96544373035,NORMAL,consolidation_conviction_asx300
2021-11-18 09:30:00-05:00,CBA.AX,sell,97.7300033569336,48.0,4691.0401611328125,Trailing Stop | P&L: 18.4%,138512.5037766695,NORMAL,consolidation_conviction_asx300
2021-11-19 09:30:00-05:00,CPU.AX,buy,19.6200008392334,140.0,2746.800117492676,"ASX GOOD: 55, 3-6M: 36.2%, ATR: 0.97",138512.5037766695,STRONG,consolidation_conviction_asx300
2021-11-19 09:30:00-05:00,TNE.AX,buy,13.430000305175781,204.0,2739.7200622558594,"ASX FAIR: 43, 3-6M: 57.3%",138512.5037766695,STRONG,consolidation_conviction_asx300
2021-11-23 09:30:00-05:00,TNE.AX,sell,11.949999809265137,204.0,2437.799961090088,Stop Loss | P&L: -11.0%,132365.4728242159,STRONG,consolidation_conviction_asx300
2021-12-20 09:30:00-05:00,SEK.AX,sell,33.130001068115234,637.0,21103.810680389404,Time Exit | P&L: 14.6%,132210.67799580097,STRONG,consolidation_conviction_asx300
2021-12-21 09:30:00-05:00,PME.AX,buy,60.43000030517578,344.0,20787.92010498047,"ASX GOOD: 55, 3-6M: 36.9%, ATR: 0.97",134386.58684170246,NORMAL,consolidation_conviction_asx300
2021-12-21 09:30:00-05:00,WHC.AX,buy,2.569999933242798,8096.0,20806.71945953369,"ASX HIGH: 63, 3-6M: 54.8%, ATR: 0.62",134386.58684170246,NORMAL,consolidation_conviction_asx300
2021-12-23 09:30:00-05:00,LYC.AX,sell,9.75,2138.0,20845.5,ASX PROFIT TARGET | P&L: 42.5%,137715.2782059908,NORMAL,consolidation_conviction_asx300
2022-01-06 09:30:00-05:00,PME.AX,sell,54.84000015258789,344.0,18864.960052490234,Stop Loss | P&L: -9.3%,132491.87504589558,NORMAL,consolidation_conviction_asx300
2022-01-07 09:30:00-05:00,PDN.AX,buy,9.149999618530273,2057.0,18821.549215316772,"ASX GOOD: 50, 3-6M: 144.0%, ATR: 0.73",132491.87504589558,STRONG,consolidation_conviction_asx300
2022-01-07 09:30:00-05:00,IMU.AX,buy,12.239999771118164,1538.0,18825.119647979736,"ASX FAIR: 37, 3-6M: 200.0%",132491.87504589558,STRONG,consolidation_conviction_asx300
2022-01-13 09:30:00-05:00,CAR.AX,sell,22.363603591918945,143.0,3197.995313644409,Stop Loss | P&L: -8.9%,132209.67499554157,STRONG,consolidation_conviction_asx300
2022-01-18 09:30:00-05:00,TLS.AX,sell,4.239999771118164,6576.0,27882.238494873047,Time Exit | P&L: 13.7%,131124.51141941547,STRONG,consolidation_conviction_asx300
2022-01-19 09:30:00-05:00,MP1.AX,sell,15.359999656677246,1310.0,20121.599550247192,Stop Loss | P&L: -10.1%,127133.55340778828,STRONG,consolidation_conviction_asx300
2022-01-19 09:30:00-05:00,CHC.AX,buy,17.93000030517578,645.0,11564.850196838379,"ASX FAIR: 30, 3-6M: 33.1%",127133.55340778828,WEAK,consolidation_conviction_asx300
2022-01-19 09:30:00-05:00,LTR.AX,buy,1.715000033378601,6752.0,11579.680225372314,"ASX GOOD: 50, 3-6M: 289.0%, ATR: 0.88",127133.55340778828,WEAK,consolidation_conviction_asx300
2022-01-24 09:30:00-05:00,REA.AX,sell,147.66000366210938,95.0,14027.70034790039,Stop Loss | P&L: -9.4%,118114.96336996555,WEAK,consolidation_conviction_asx300
2022-01-24 09:30:00-05:00,PDN.AX,sell,7.400000095367432,2057.0,15221.800196170807,Stop Loss | P&L: -19.1%,118114.96336996555,WEAK,consolidation_conviction_asx300
2022-01-24 09:30:00-05:00,IMU.AX,sell,10.539999961853027,1538.0,16210.519941329956,Stop Loss | P&L: -13.9%,118114.96336996555,WEAK,consolidation_conviction_asx300
2022-01-24 09:30:00-05:00,LTR.AX,sell,1.5,6752.0,10128.0,Stop Loss | P&L: -12.5%,118114.96336996555,WEAK,consolidation_conviction_asx300
2022-01-25 09:30:00-05:00,PDN.AX,buy,6.900000095367432,2567.0,17712.300244808197,"ASX FAIR: 37, 3-6M: 70.4%",118114.96336996555,WEAK,consolidation_conviction_asx300
2022-01-25 09:30:00-05:00,PLS.AX,buy,3.25,5451.0,17715.75,"ASX GOOD: 45, 3-6M: 156.9%, ATR: 1.49",118114.96336996555,WEAK,consolidation_conviction_asx300
2022-01-26 09:30:00-05:00,WTC.AX,sell,44.81999969482422,354.0,15866.279891967773,Stop Loss | P&L: -15.5%,115308.30118072033,WEAK,consolidation_conviction_asx300
2022-01-26 09:30:00-05:00,LYC.AX,buy,9.270000457763672,1865.0,17288.550853729248,"ASX FAIR: 30, 3-6M: 48.3%",115308.30118072033,WEAK,consolidation_conviction_asx300
2022-01-26 09:30:00-05:00,IGO.AX,buy,11.84000015258789,1460.0,17286.40022277832,"ASX GOOD: 58, 3-6M: 65.1%, ATR: 1.08",115308.30118072033,WEAK,consolidation_conviction_asx300
2022-01-27 09:30:00-05:00,CHC.AX,sell,16.15999984741211,645.0,10423.19990158081,Stop Loss | P&L: -9.9%,112510.75396549702,WEAK,consolidation_conviction_asx300
2022-01-27 09:30:00-05:00,LTR.AX,buy,1.3650000095367432,5942.0,8110.830056667328,"ASX GOOD: 45, 3-6M: 231.5%, ATR: 0.88",112510.75396549702,WEAK,consolidation_conviction_asx300
2022-01-27 09:30:00-05:00,FMG.AX,buy,19.479999542236328,416.0,8103.6798095703125,"ASX GOOD: 55, 3-6M: 32.5%, ATR: 0.95",112510.75396549702,WEAK,consolidation_conviction_asx300
2022-02-17 09:30:00-05:00,PLS.AX,sell,2.799999952316284,5451.0,15262.799740076065,Stop Loss | P&L: -13.8%,114244.27276432514,WEAK,consolidation_conviction_asx300
2022-02-18 09:30:00-05:00,ORG.AX,buy,5.650000095367432,3001.0,16955.650286197662,"ASX FAIR: 40, 3-6M: 35.8%",114244.27276432514,NORMAL,consolidation_conviction_asx300
2022-02-18 09:30:00-05:00,PLS.AX,buy,2.9700000286102295,5709.0,16955.7301633358,"ASX FAIR: 35, 3-6M: 127.6%",114244.27276432514,NORMAL,consolidation_conviction_asx300
2022-02-22 09:30:00-05:00,PLS.AX,sell,2.609999895095825,5709.0,14900.489401102066,Stop Loss | P&L: -12.1%,109120.74256193638,NORMAL,consolidation_conviction_asx300
2022-03-02 09:30:00-05:00,WHC.AX,sell,3.819999933242798,8096.0,30926.71945953369,ASX PROFIT TARGET | P&L: 48.6%,127970.70019471645,NORMAL,consolidation_conviction_asx300
2022-03-03 09:30:00-05:00,WTC.AX,buy,46.58000183105469,546.0,25432.68099975586,"ASX GOOD: 50, 3-6M: 76.7%, ATR: 1.11",127207.97305858135,NORMAL,consolidation_conviction_asx300
2022-03-03 09:30:00-05:00,WHC.AX,buy,3.9600000381469727,6424.0,25439.040245056152,"ASX GOOD: 45, 3-6M: 176.9%, ATR: 1.13",127207.97305858135,NORMAL,consolidation_conviction_asx300
2022-03-14 10:30:00-04:00,FMG.AX,sell,17.5,416.0,7280.0,Stop Loss | P&L: -10.2%,122742.09125697613,NORMAL,consolidation_conviction_asx300
2022-03-29 10:30:00-04:00,PDN.AX,sell,7.949999809265137,2567.0,20407.649510383606,Trailing Stop | P&L: 15.2%,136796.130718112,NORMAL,consolidation_conviction_asx300
2022-03-29 10:30:00-04:00,LTR.AX,sell,1.934999942779541,5942.0,11497.769659996033,ASX PROFIT TARGET | P&L: 41.8%,136796.130718112,NORMAL,consolidation_conviction_asx300
2022-03-30 10:30:00-04:00,AGL.AX,buy,7.739999771118164,2360.0,18266.399459838867,"ASX GOOD: 53, 3-6M: 50.9%, ATR: 0.84",136671.29108512402,STRONG,consolidation_conviction_asx300
2022-03-30 10:30:00-04:00,PLS.AX,buy,3.2100000381469727,5691.0,18268.11021709442,"ASX GOOD: 50, 3-6M: 130.1%, ATR: 0.93",136671.29108512402,STRONG,consolidation_conviction_asx300
2022-04-12 10:30:00-04:00,PLS.AX,sell,2.9200000762939453,5691.0,16617.720434188843,Stop Loss | P&L: -9.0%,134194.313023448,STRONG,consolidation_conviction_asx300
2022-05-02 10:30:00-04:00,WTC.AX,sell,42.79999923706055,546.0,23368.79958343506,Stop Loss | P&L: -8.1%,131710.76060330868,NORMAL,consolidation_conviction_asx300
2022-05-03 10:30:00-04:00,PDN.AX,buy,7.849999904632568,2529.0,19852.649758815765,"ASX GOOD: 45, 3-6M: 80.5%, ATR: 0.95",132371.6811350584,WEAK,consolidation_conviction_asx300
2022-05-03 10:30:00-04:00,WTC.AX,buy,42.34000015258789,468.0,19815.120071411133,"ASX GOOD: 45, 3-6M: 38.9%, ATR: 0.72",132371.6811350584,WEAK,consolidation_conviction_asx300
2022-05-09 10:30:00-04:00,LYC.AX,sell,8.100000381469727,1865.0,15106.50071144104,Stop Loss | P&L: -12.6%,120460.04836404324,WEAK,consolidation_conviction_asx300
2022-05-09 10:30:00-04:00,PDN.AX,sell,6.849999904632568,2529.0,17323.649758815765,Stop Loss | P&L: -12.7%,120460.04836404324,WEAK,consolidation_conviction_asx300
2022-05-09 10:30:00-04:00,WTC.AX,sell,37.0,468.0,17316.0,Stop Loss | P&L: -12.6%,120460.04836404324,WEAK,consolidation_conviction_asx300
2022-05-10 10:30:00-04:00,PLS.AX,buy,2.5299999713897705,7287.0,18436.109791517258,"ASX FAIR: 35, 3-6M: 42.9%",122914.21883332728,WEAK,consolidation_conviction_asx300
2022-05-10 10:30:00-04:00,WDS.AX,buy,30.770000457763672,599.0,18431.23027420044,"ASX GOOD: 55, 3-6M: 39.5%, ATR: 1.05",122914.21883332728,WEAK,consolidation_conviction_asx300
2022-05-11 10:30:00-04:00,CPU.AX,sell,23.420000076293945,140.0,3278.8000106811523,Trailing Stop | P&L: 19.4%,124244.76949179171,WEAK,consolidation_conviction_asx300
2022-05-12 10:30:00-04:00,IGO.AX,sell,10.199999809265137,1460.0,14891.9997215271,Stop Loss | P&L: -13.9%,120317.6001819372,WEAK,consolidation_conviction_asx300
2022-05-13 10:30:00-04:00,VEA.AX,buy,2.8299999237060547,4631.0,13105.72964668274,"ASX FAIR: 40, 3-6M: 34.6%",120317.6001819372,WEAK,consolidation_conviction_asx300
2022-05-13 10:30:00-04:00,CPU.AX,buy,23.739999771118164,552.0,13104.479873657227,"ASX GOOD: 50, 3-6M: 48.0%, ATR: 1.10",120317.6001819372,WEAK,consolidation_conviction_asx300
2022-06-01 10:30:00-04:00,PLS.AX,sell,2.299999952316284,7287.0,16760.099652528763,Stop Loss | P&L: -9.1%,120110.3885771036,NORMAL,consolidation_conviction_asx300
2022-06-02 10:30:00-04:00,NEU.AX,buy,3.8299999237060547,1103.0,4224.489915847778,"ASX HIGH: 63, 3-6M: 68.0%, ATR: 0.69",122598.3497058153,NORMAL,consolidation_conviction_asx300
2022-06-02 10:30:00-04:00,LYC.AX,buy,9.210000038146973,458.0,4218.1800174713135,"ASX GOOD: 50, 3-6M: 35.8%, ATR: 0.82",122598.3497058153,NORMAL,consolidation_conviction_asx300
2022-06-13 10:30:00-04:00,LYC.AX,sell,7.949999809265137,458.0,3641.0999126434326,Stop Loss | P&L: -13.7%,119024.69064748286,NORMAL,consolidation_conviction_asx300
2022-06-15 10:30:00-04:00,NEU.AX,sell,3.509999990463257,1103.0,3871.5299894809723,Stop Loss | P&L: -8.4%,119403.98879206179,WEAK,consolidation_conviction_asx300
2022-06-16 10:30:00-04:00,NEU.AX,buy,3.5199999809265137,919.0,3234.879982471466,"ASX GOOD: 53, 3-6M: 61.5%, ATR: 0.78",117123.69935977457,WEAK,consolidation_conviction_asx300
2022-06-16 10:30:00-04:00,STO.AX,buy,8.020000457763672,403.0,3232.0601844787598,"ASX GOOD: 55, 3-6M: 32.6%, ATR: 0.88",117123.69935977457,WEAK,consolidation_conviction_asx300
2022-06-21 10:30:00-04:00,WHC.AX,sell,4.909999847412109,6424.0,31541.83901977539,Trailing Stop | P&L: 24.0%,117298.59898173808,WEAK,consolidation_conviction_asx300
2022-06-22 10:30:00-04:00,STO.AX,sell,7.340000152587891,403.0,2958.02006149292,Stop Loss | P&L: -8.5%,115764.4098998308,WEAK,consolidation_conviction_asx300
2022-06-22 10:30:00-04:00,WHC.AX,buy,4.699999809265137,3694.0,17361.799295425415,"ASX FAIR: 38, 3-6M: 62.6%",115764.4098998308,WEAK,consolidation_conviction_asx300
2022-07-14 10:30:00-04:00,APA.AX,buy,11.779999732971191,1206.0,14206.679677963257,"ASX GOOD: 45, 3-6M: 37.1%, ATR: 1.45",118720.28680813311,WEAK,consolidation_conviction_asx300
2022-07-18 10:30:00-04:00,VEA.AX,sell,2.549999952316284,4631.0,11809.049779176712,Stop Loss | P&L: -9.9%,121442.52916181086,WEAK,consolidation_conviction_asx300
2022-07-26 10:30:00-04:00,NEU.AX,sell,4.989999771118164,919.0,4585.809789657593,ASX PROFIT TARGET | P&L: 41.8%,125056.23939311503,WEAK,consolidation_conviction_asx300
2022-07-27 10:30:00-04:00,NEU.AX,buy,5.110000133514404,3212.0,16413.320428848267,"ASX FAIR: 40, 3-6M: 143.3%",125245.49812972544,NORMAL,consolidation_conviction_asx300
2022-08-16 10:30:00-04:00,WHC.AX,sell,6.75,3694.0,24934.5,ASX PROFIT TARGET | P&L: 43.6%,127701.51877534388,NORMAL,consolidation_conviction_asx300
2022-08-17 10:30:00-04:00,MIN.AX,buy,60.52000045776367,312.0,18882.240142822266,"ASX FAIR: 38, 3-6M: 54.6%",126209.03846299647,NORMAL,consolidation_conviction_asx300
2022-08-17 10:30:00-04:00,PLS.AX,buy,3.119999885559082,6067.0,18929.03930568695,"ASX FAIR: 40, 3-6M: 37.4%",126209.03846299647,NORMAL,consolidation_conviction_asx300
2022-08-18 10:30:00-04:00,ORG.AX,sell,6.0,3001.0,18006.0,Time Exit | P&L: 6.2%,126807.61695086955,NORMAL,consolidation_conviction_asx300
2022-08-19 10:30:00-04:00,FMG.AX,buy,19.15999984741211,305.0,5843.799953460693,"ASX GOOD: 55, 3-6M: 33.2%, ATR: 0.78",126807.61695086955,NORMAL,consolidation_conviction_asx300
2022-08-19 10:30:00-04:00,LYC.AX,buy,9.720000267028809,602.0,5851.440160751343,"ASX GOOD: 45, 3-6M: 33.2%, ATR: 0.90",126807.61695086955,NORMAL,consolidation_conviction_asx300
2022-08-29 10:30:00-04:00,LYC.AX,sell,8.680000305175781,602.0,5225.36018371582,Stop Loss | P&L: -10.7%,132289.4379056692,NORMAL,consolidation_conviction_asx300
2022-09-01 10:30:00-04:00,APA.AX,sell,10.720000267028809,1206.0,12928.320322036743,Stop Loss | P&L: -9.0%,127496.12825906275,NORMAL,consolidation_conviction_asx300
2022-09-01 10:30:00-04:00,FMG.AX,sell,17.15999984741211,305.0,5233.799953460693,Stop Loss | P&L: -10.4%,127496.12825906275,NORMAL,consolidation_conviction_asx300
2022-09-02 10:30:00-04:00,WHC.AX,buy,7.96999979019165,2179.0,17366.629542827606,"ASX FAIR: 40, 3-6M: 224.0%",127496.12825906275,NORMAL,consolidation_conviction_asx300
2022-09-06 10:30:00-04:00,AGL.AX,sell,7.039999961853027,2360.0,16614.399909973145,Stop Loss | P&L: -9.0%,132644.02977836132,NORMAL,consolidation_conviction_asx300
2022-09-08 10:30:00-04:00,PLS.AX,sell,4.369999885559082,6067.0,26512.78930568695,ASX PROFIT TARGET | P&L: 40.1%,137999.96676194668,NORMAL,consolidation_conviction_asx300
2022-09-08 10:30:00-04:00,WTC.AX,buy,59.0,283.0,16697.0,"ASX GOOD: 45, 3-6M: 34.6%, ATR: 1.07",137999.96676194668,NORMAL,consolidation_conviction_asx300
2022-09-08 10:30:00-04:00,AGL.AX,buy,7.010000228881836,2389.0,16746.890546798706,"ASX GOOD: 45, 3-6M: 30.8%, ATR: 0.98",137999.96676194668,NORMAL,consolidation_conviction_asx300
2022-09-09 10:30:00-04:00,IGO.AX,buy,14.3100004196167,669.0,9573.390280723572,"ASX GOOD: 45, 3-6M: 39.7%, ATR: 0.88",137999.96676194665,NORMAL,consolidation_conviction_asx300
2022-09-09 10:30:00-04:00,PLS.AX,buy,4.5,2128.0,9576.0,"ASX FAIR: 35, 3-6M: 77.9%",137999.96676194665,NORMAL,consolidation_conviction_asx300
2022-09-19 10:30:00-04:00,NEU.AX,sell,7.179999828338623,3212.0,23062.159448623657,ASX PROFIT TARGET | P&L: 40.5%,141457.34645068643,NORMAL,consolidation_conviction_asx300
2022-09-26 10:30:00-04:00,WTC.AX,sell,53.27000045776367,283.0,15075.41012954712,Stop Loss | P&L: -9.7%,131946.08700501916,NORMAL,consolidation_conviction_asx300
2022-09-26 10:30:00-04:00,AGL.AX,sell,6.360000133514404,2389.0,15194.040318965912,Stop Loss | P&L: -9.3%,131946.08700501916,NORMAL,consolidation_conviction_asx300
2022-09-27 10:30:00-04:00,NEU.AX,buy,6.75,3025.0,20418.75,"ASX FAIR: 30, 3-6M: 88.0%",136151.2281707525,WEAK,consolidation_conviction_asx300
2022-09-28 10:30:00-04:00,WTC.AX,buy,53.65999984741211,382.0,20498.119941711426,"ASX FAIR: 40, 3-6M: 30.3%",136658.9057010412,WEAK,consolidation_conviction_asx300
2022-10-26 10:30:00-04:00,WHC.AX,sell,9.75,2179.0,21245.25,Trailing Stop | P&L: 22.3%,149526.65709292886,WEAK,consolidation_conviction_asx300
2022-10-27 10:30:00-04:00,LTR.AX,buy,1.940000057220459,11467.0,22245.980656147003,"ASX FAIR: 40, 3-6M: 120.5%",148312.92782294747,NORMAL,consolidation_conviction_asx300
2022-10-27 10:30:00-04:00,PME.AX,buy,55.15999984741211,403.0,22229.47993850708,"ASX FAIR: 40, 3-6M: 36.7%",148312.92782294747,NORMAL,consolidation_conviction_asx300
2022-11-02 10:30:00-04:00,MIN.AX,sell,70.41999816894531,312.0,21971.039428710938,Trailing Stop | P&L: 16.4%,144701.85723185536,NORMAL,consolidation_conviction_asx300
2022-11-10 09:30:00-05:00,CPU.AX,sell,26.290000915527344,552.0,14512.080505371094,Time Exit | P&L: 10.7%,154445.34316217896,NORMAL,consolidation_conviction_asx300
2022-11-11 09:30:00-05:00,MIN.AX,buy,81.77999877929688,204.0,16683.119750976562,"ASX FAIR: 30, 3-6M: 74.4%",154445.34316217896,STRONG,consolidation_conviction_asx300
2022-11-11 09:30:00-05:00,WHC.AX,buy,8.039999961853027,2077.0,16699.079920768738,"ASX FAIR: 32, 3-6M: 200.0%",154445.34316217896,STRONG,consolidation_conviction_asx300
2022-11-28 09:30:00-05:00,WDS.AX,sell,35.119998931884766,599.0,21036.879360198975,Time Exit | P&L: 14.1%,151905.8580830097,STRONG,consolidation_conviction_asx300
2022-12-12 09:30:00-05:00,LTR.AX,sell,1.7699999809265137,11467.0,20296.589781284332,Stop Loss | P&L: -8.8%,148211.27170360085,STRONG,consolidation_conviction_asx300
2022-12-13 09:30:00-05:00,TNE.AX,buy,13.979999542236328,1588.0,22200.23927307129,"ASX FAIR: 40, 3-6M: 31.0%",148086.28246104714,NORMAL,consolidation_conviction_asx300
2022-12-13 09:30:00-05:00,A2M.AX,buy,6.650000095367432,3589.0,23866.850342273712,"ASX GOOD: 50, 3-6M: 30.1%, ATR: 0.84",148086.28246104714,NORMAL,consolidation_conviction_asx300
2022-12-15 09:30:00-05:00,PLS.AX,sell,3.950000047683716,2128.0,8405.600101470947,Stop Loss | P&L: -12.2%,145012.31115329263,NORMAL,consolidation_conviction_asx300
2022-12-22 09:30:00-05:00,NEU.AX,sell,7.800000190734863,3025.0,23595.00057697296,Trailing Stop | P&L: 15.6%,144039.56152284142,NORMAL,consolidation_conviction_asx300
2022-12-23 09:30:00-05:00,NEU.AX,buy,8.270000457763672,1159.0,9584.930530548096,"ASX GOOD: 50, 3-6M: 101.7%, ATR: 1.05",144039.56152284142,NORMAL,consolidation_conviction_asx300
2022-12-28 09:30:00-05:00,IGO.AX,sell,13.15999984741211,669.0,8804.039897918701,Stop Loss | P&L: -8.0%,141521.64329993722,NORMAL,consolidation_conviction_asx300
2022-12-28 09:30:00-05:00,WHC.AX,sell,9.550000190734863,2077.0,19835.35039615631,Trailing Stop | P&L: 18.8%,141521.64329993722,NORMAL,consolidation_conviction_asx300
2022-12-29 09:30:00-05:00,GOR.AX,buy,1.7050000429153442,12487.0,21290.335535883904,"ASX GOOD: 50, 3-6M: 30.7%, ATR: 1.04",141941.88167417046,WEAK,consolidation_conviction_asx300
2022-12-29 09:30:00-05:00,NST.AX,buy,11.069999694824219,1923.0,21287.609413146973,"ASX GOOD: 55, 3-6M: 44.7%, ATR: 1.09",141941.88167417046,WEAK,consolidation_conviction_asx300
2023-01-03 09:30:00-05:00,MIN.AX,sell,74.87999725341797,204.0,15275.519439697266,Stop Loss | P&L: -8.4%,142439.21753716466,WEAK,consolidation_conviction_asx300
2023-01-04 09:30:00-05:00,WHC.AX,buy,9.119999885559082,189.0,1723.6799783706665,"ASX GOOD: 55, 3-6M: 127.4%, ATR: 0.84",144760.42758870122,WEAK,consolidation_conviction_asx300
2023-01-04 09:30:00-05:00,MIN.AX,buy,77.5,22.0,1705.0,"ASX GOOD: 48, 3-6M: 65.5%, ATR: 0.93",144760.42758870122,WEAK,consolidation_conviction_asx300
2023-01-05 09:30:00-05:00,WTC.AX,sell,49.349998474121094,382.0,18851.699417114258,Stop Loss | P&L: -8.0%,143332.9754605293,WEAK,consolidation_conviction_asx300
2023-01-30 09:30:00-05:00,WHC.AX,sell,8.199999809265137,189.0,1549.7999639511108,Stop Loss | P&L: -10.1%,148789.82576358315,WEAK,consolidation_conviction_asx300
2023-01-31 09:30:00-05:00,PLS.AX,buy,4.75,3939.0,18710.25,"ASX FAIR: 43, 3-6M: 60.5%",149365.3548725843,STRONG,consolidation_conviction_asx300
2023-01-31 09:30:00-05:00,RIO.AX,buy,126.63999938964844,147.0,18616.07991027832,"ASX GOOD: 50, 3-6M: 38.8%, ATR: 0.88",149365.3548725843,STRONG,consolidation_conviction_asx300
2023-02-06 09:30:00-05:00,NEU.AX,sell,7.440000057220459,1159.0,8622.960066318512,Stop Loss | P&L: -10.0%,146307.25726127622,STRONG,consolidation_conviction_asx300
2023-02-06 09:30:00-05:00,GOR.AX,sell,1.5449999570846558,12487.0,19292.414464116096,Stop Loss | P&L: -9.4%,146307.25726127622,STRONG,consolidation_conviction_asx300
2023-02-07 09:30:00-05:00,NEU.AX,buy,7.260000228881836,1167.0,8472.420267105103,"ASX GOOD: 45, 3-6M: 88.6%, ATR: 0.92",145741.78328227994,STRONG,consolidation_conviction_asx300
2023-02-07 09:30:00-05:00,WHC.AX,buy,8.619999885559082,983.0,8473.459887504578,"ASX HIGH: 60, 3-6M: 95.9%, ATR: 0.67",145741.78328227994,STRONG,consolidation_conviction_asx300
2023-02-09 09:30:00-05:00,WHC.AX,sell,7.760000228881836,983.0,7628.080224990845,Stop Loss | P&L: -10.0%,143591.26706075665,STRONG,consolidation_conviction_asx300
2023-02-21 09:30:00-05:00,A2M.AX,sell,6.070000171661377,3589.0,21785.230616092682,Stop Loss | P&L: -8.7%,134235.8265919685,STRONG,consolidation_conviction_asx300
2023-02-21 09:30:00-05:00,PLS.AX,sell,4.25,3939.0,16740.75,Stop Loss | P&L: -10.5%,134235.8265919685,STRONG,consolidation_conviction_asx300
2023-02-22 09:30:00-05:00,FMG.AX,buy,22.889999389648438,1629.0,37287.809005737305,"ASX HIGH: 60, 3-6M: 33.8%, ATR: 0.83",133247.47718858716,NORMAL,consolidation_conviction_asx300
2023-02-22 09:30:00-05:00,A2M.AX,buy,6.460000038146973,4125.0,26647.500157356262,"ASX GOOD: 58, 3-6M: 55.3%, ATR: 0.96",133247.47718858716,NORMAL,consolidation_conviction_asx300
2023-02-27 09:30:00-05:00,RIO.AX,sell,116.44999694824219,147.0,17118.1495513916,Stop Loss | P&L: -8.0%,130051.80422735211,NORMAL,consolidation_conviction_asx300
2023-03-14 10:30:00-04:00,NEU.AX,sell,10.470000267028809,1167.0,12218.49031162262,ASX PROFIT TARGET | P&L: 44.2%,135779.34623670575,WEAK,consolidation_conviction_asx300
2023-03-15 10:30:00-04:00,FMG.AX,sell,21.040000915527344,1629.0,34274.16149139404,Stop Loss | P&L: -8.1%,134728.6060633659,WEAK,consolidation_conviction_asx300
2023-03-15 10:30:00-04:00,NEU.AX,buy,11.899999618530273,281.0,3343.899892807007,"ASX GOOD: 55, 3-6M: 213.2%, ATR: 0.97",134728.6060633659,WEAK,consolidation_conviction_asx300
2023-03-15 10:30:00-04:00,WHC.AX,buy,7.0,478.0,3346.0,"ASX GOOD: 45, 3-6M: 35.7%, ATR: 0.66",134728.6060633659,WEAK,consolidation_conviction_asx300
2023-03-16 10:30:00-04:00,ORG.AX,buy,8.039999961853027,2507.0,20156.27990436554,"ASX GOOD: 55, 3-6M: 40.1%, ATR: 0.80",134422.9582414627,WEAK,consolidation_conviction_asx300
2023-03-16 10:30:00-04:00,PLS.AX,buy,3.569999933242798,5648.0,20163.359622955322,"ASX FAIR: 33, 3-6M: 56.6%",134422.9582414627,WEAK,consolidation_conviction_asx300
2023-03-20 10:30:00-04:00,A2M.AX,sell,5.880000114440918,4125.0,24255.000472068787,Stop Loss | P&L: -9.0%,133502.52938461304,WEAK,consolidation_conviction_asx300
2023-04-26 10:30:00-04:00,PME.AX,sell,62.040000915527344,403.0,25002.12036895752,Time Exit | P&L: 12.5%,142220.26312303543,WEAK,consolidation_conviction_asx300
2023-04-27 10:30:00-04:00,GOR.AX,buy,1.8899999856948853,17072.0,32266.07975578308,"ASX FAIR: 40, 3-6M: 73.4%",143409.6980500221,STRONG,consolidation_conviction_asx300
2023-04-27 10:30:00-04:00,IGO.AX,buy,13.479999542236328,2944.0,39685.11865234375,"ASX GOOD: 50, 3-6M: 40.3%, ATR: 0.81",143409.6980500221,STRONG,consolidation_conviction_asx300
2023-05-03 10:30:00-04:00,MIN.AX,sell,68.55000305175781,22.0,1508.1000671386719,Stop Loss | P&L: -11.5%,144250.3390774727,STRONG,consolidation_conviction_asx300
2023-05-25 10:30:00-04:00,WHC.AX,sell,6.309999942779541,478.0,3016.1799726486206,Stop Loss | P&L: -9.9%,143323.64889764786,STRONG,consolidation_conviction_asx300
2023-05-25 10:30:00-04:00,GOR.AX,sell,1.7200000286102295,17072.0,29363.840488433838,Stop Loss | P&L: -9.0%,143323.64889764786,STRONG,consolidation_conviction_asx300
2023-05-26 10:30:00-04:00,WTC.AX,buy,74.9000015258789,8.0,599.2000122070312,"ASX GOOD: 50, 3-6M: 40.2%, ATR: 0.81",143323.64889764786,WEAK,consolidation_conviction_asx300
2023-05-26 10:30:00-04:00,LTR.AX,buy,2.700000047683716,223.0,602.1000106334686,"ASX GOOD: 55, 3-6M: 80.6%, ATR: 0.83",143323.64889764786,WEAK,consolidation_conviction_asx300
2023-05-30 10:30:00-04:00,PLS.AX,sell,4.429999828338623,5648.0,25020.639030456543,Trailing Stop | P&L: 24.1%,143199.78156471252,WEAK,consolidation_conviction_asx300
2023-05-31 10:30:00-04:00,XRO.AX,buy,109.94999694824219,197.0,21660.14939880371,"ASX GOOD: 48, 3-6M: 50.9%, ATR: 0.96",144633.1291794777,WEAK,consolidation_conviction_asx300
2023-05-31 10:30:00-04:00,PLS.AX,buy,4.409999847412109,4919.0,21692.789249420166,"ASX GOOD: 50, 3-6M: 36.5%, ATR: 0.78",144633.1291794777,WEAK,consolidation_conviction_asx300
2023-06-12 10:30:00-04:00,TNE.AX,sell,15.989999771118164,1588.0,25392.119636535645,Time Exit | P&L: 14.4%,145726.4588046074,WEAK,consolidation_conviction_asx300
2023-06-28 10:30:00-04:00,NST.AX,sell,12.3100004196167,1923.0,23672.130806922913,Time Exit | P&L: 11.2%,146311.11201953888,WEAK,consolidation_conviction_asx300
2023-06-29 10:30:00-04:00,KGN.AX,buy,5.090000152587891,4336.0,22070.240661621094,"ASX FAIR: 35, 3-6M: 43.0%",147142.04863786697,NORMAL,consolidation_conviction_asx300
2023-06-29 10:30:00-04:00,TNE.AX,buy,15.6899995803833,1875.0,29418.74921321869,"ASX GOOD: 55, 3-6M: 35.1%, ATR: 1.15",147142.04863786697,NORMAL,consolidation_conviction_asx300
2023-09-11 10:30:00-04:00,WTC.AX,sell,68.31999969482422,8.0,546.5599975585938,Stop Loss | P&L: -8.8%,144525.3797569275,NORMAL,consolidation_conviction_asx300
2023-09-12 10:30:00-04:00,NEU.AX,sell,11.989999771118164,281.0,3369.189935684204,Time Exit | P&L: 0.8%,142352.7201590538,NORMAL,consolidation_conviction_asx300
2023-09-13 10:30:00-04:00,ORG.AX,sell,8.600000381469727,2507.0,21560.200956344604,Time Exit | P&L: 7.0%,140598.9790725708,NORMAL,consolidation_conviction_asx300
2023-09-14 10:30:00-04:00,CAR.AX,buy,29.959999084472656,139.0,4164.439872741699,"ASX GOOD: 50, 3-6M: 36.7%, ATR: 1.18",142286.02734279633,NORMAL,consolidation_conviction_asx300
2023-09-14 10:30:00-04:00,MP1.AX,buy,11.09000015258789,377.0,4180.930057525635,"ASX GOOD: 45, 3-6M: 106.5%, ATR: 1.59",142286.02734279633,NORMAL,consolidation_conviction_asx300
2023-09-20 10:30:00-04:00,IGO.AX,sell,12.210000038146973,2944.0,35946.24011230469,Stop Loss | P&L: -9.4%,133939.95955824852,NORMAL,consolidation_conviction_asx300
2023-09-21 10:30:00-04:00,PLS.AX,sell,3.9000000953674316,4919.0,19184.100469112396,Stop Loss | P&L: -11.6%,131803.11172413826,NORMAL,consolidation_conviction_asx300
2023-09-21 10:30:00-04:00,PDN.AX,buy,9.800000190734863,2017.0,19766.60038471222,"ASX FAIR: 35, 3-6M: 44.1%",131803.11172413826,WEAK,consolidation_conviction_asx300
2023-09-21 10:30:00-04:00,NXT.AX,buy,12.600000381469727,1569.0,19769.400598526,"ASX GOOD: 45, 3-6M: 36.6%, ATR: 1.22",131803.11172413826,WEAK,consolidation_conviction_asx300
2023-10-02 10:30:00-04:00,CAR.AX,sell,27.469999313354492,139.0,3818.3299045562744,Stop Loss | P&L: -8.3%,136077.65961146355,WEAK,consolidation_conviction_asx300
2023-10-03 10:30:00-04:00,NEU.AX,buy,11.4399995803833,1422.0,16267.679403305054,"ASX GOOD: 53, 3-6M: 54.6%, ATR: 0.88",132506.53888320923,WEAK,consolidation_conviction_asx300
2023-10-19 10:30:00-04:00,LTR.AX,sell,1.840000033378601,223.0,410.32000744342804,Stop Loss | P&L: -31.9%,131296.71692693233,WEAK,consolidation_conviction_asx300
2023-10-20 10:30:00-04:00,CAR.AX,buy,28.450000762939453,21.0,597.4500160217285,"ASX GOOD: 55, 3-6M: 37.3%, ATR: 1.03",131296.71692693233,WEAK,consolidation_conviction_asx300
2023-10-20 10:30:00-04:00,AGL.AX,buy,10.710000038146973,56.0,599.7600021362305,"ASX HIGH: 60, 3-6M: 37.5%, ATR: 0.93",131296.71692693233,WEAK,consolidation_conviction_asx300
2023-10-23 10:30:00-04:00,KGN.AX,sell,4.46999979019165,4336.0,19381.919090270996,Stop Loss | P&L: -12.2%,128605.7261584997,WEAK,consolidation_conviction_asx300
2023-10-25 10:30:00-04:00,MP1.AX,sell,10.100000381469727,377.0,3807.700143814087,Stop Loss | P&L: -8.9%,126563.55898416041,WEAK,consolidation_conviction_asx300
2023-10-26 10:30:00-04:00,NEU.AX,sell,10.300000190734863,1422.0,14646.600271224976,Stop Loss | P&L: -10.0%,125545.66761529444,WEAK,consolidation_conviction_asx300
2023-10-26 10:30:00-04:00,MP1.AX,buy,9.630000114440918,1955.0,18826.650223731995,"ASX FAIR: 35, 3-6M: 40.8%",125545.66761529444,WEAK,consolidation_conviction_asx300
2023-11-09 09:30:00-05:00,XRO.AX,sell,97.29000091552734,197.0,19166.130180358887,Stop Loss | P&L: -11.5%,126948.2186912298,WEAK,consolidation_conviction_asx300
2023-11-10 09:30:00-05:00,XRO.AX,buy,99.93000030517578,190.0,18986.7000579834,"ASX FAIR: 40, 3-6M: 30.1%",126948.2186912298,NORMAL,consolidation_conviction_asx300
2023-11-16 09:30:00-05:00,PME.AX,buy,87.73999786376953,215.0,18864.09954071045,"ASX FAIR: 40, 3-6M: 34.0%",130231.80823647974,NORMAL,consolidation_conviction_asx300
2023-11-16 09:30:00-05:00,NEU.AX,buy,14.819999694824219,1276.0,18910.319610595703,"ASX FAIR: 40, 3-6M: 100.8%",130231.80823647974,NORMAL,consolidation_conviction_asx300
2023-11-27 09:30:00-05:00,AGL.AX,sell,9.819999694824219,56.0,549.9199829101562,Stop Loss | P&L: -8.3%,127398.28897130488,NORMAL,consolidation_conviction_asx300
2023-12-18 09:30:00-05:00,NEU.AX,sell,22.600000381469727,1276.0,28837.60048675537,ASX PROFIT TARGET | P&L: 52.5%,140542.9898313284,NORMAL,consolidation_conviction_asx300
2023-12-19 09:30:00-05:00,NEU.AX,buy,23.959999084472656,428.0,10254.879608154297,"ASX GOOD: 50, 3-6M: 213.2%, ATR: 1.10",142089.88771283627,STRONG,consolidation_conviction_asx300
2023-12-19 09:30:00-05:00,FMG.AX,buy,28.09000015258789,365.0,10252.85005569458,"ASX FAIR: 40, 3-6M: 39.1%",142089.88771283627,STRONG,consolidation_conviction_asx300
2023-12-27 09:30:00-05:00,TNE.AX,sell,15.430000305175781,1875.0,28931.25057220459,Time Exit | P&L: -1.7%,142199.16856610775,STRONG,consolidation_conviction_asx300
2024-01-08 09:30:00-05:00,MP1.AX,sell,8.800000190734863,1955.0,17204.000372886658,Stop Loss | P&L: -8.6%,139454.02957379818,STRONG,consolidation_conviction_asx300
2024-01-09 09:30:00-05:00,REA.AX,buy,178.5399932861328,200.0,35707.99865722656,"ASX GOOD: 50, 3-6M: 35.3%, ATR: 1.09",140197.87999379635,STRONG,consolidation_conviction_asx300
2024-01-09 09:30:00-05:00,BRG.AX,buy,26.299999237060547,1364.0,35873.198959350586,"ASX GOOD: 50, 3-6M: 42.0%, ATR: 1.04",140197.87999379635,STRONG,consolidation_conviction_asx300
2024-02-06 09:30:00-05:00,PDN.AX,sell,13.800000190734863,2017.0,27834.60038471222,ASX PROFIT TARGET | P&L: 40.8%,152596.5528920889,STRONG,consolidation_conviction_asx300
2024-02-20 09:30:00-05:00,NEU.AX,sell,20.600000381469727,428.0,8816.800163269043,Stop Loss | P&L: -14.0%,152098.38016545773,STRONG,consolidation_conviction_asx300
2024-02-21 09:30:00-05:00,URW.AX,buy,5.690000057220459,164.0,933.1600093841553,"ASX GOOD: 58, 3-6M: 53.8%, ATR: 0.87",151866.3601039648,STRONG,consolidation_conviction_asx300
2024-02-21 09:30:00-05:00,MP1.AX,buy,13.229999542236328,70.0,926.099967956543,"ASX FAIR: 35, 3-6M: 146.4%",151866.3601039648,STRONG,consolidation_conviction_asx300
2024-02-28 09:30:00-05:00,FMG.AX,sell,25.68000030517578,365.0,9373.20011138916,Stop Loss | P&L: -8.6%,159160.8243688345,STRONG,consolidation_conviction_asx300
2024-03-20 10:30:00-04:00,NXT.AX,sell,17.670000076293945,1569.0,27724.2301197052,ASX PROFIT TARGET | P&L: 40.2%,159195.2578729391,STRONG,consolidation_conviction_asx300
2024-03-21 10:30:00-04:00,A2M.AX,buy,6.139999866485596,5892.0,36176.87921333313,"ASX GOOD: 48, 3-6M: 64.2%, ATR: 1.27",158594.71196877956,STRONG,consolidation_conviction_asx300
2024-03-21 10:30:00-04:00,NXT.AX,buy,17.540000915527344,2034.0,35676.36186218262,"ASX FAIR: 40, 3-6M: 44.4%",158594.71196877956,STRONG,consolidation_conviction_asx300
2024-04-08 10:30:00-04:00,XRO.AX,sell,123.12999725341797,190.0,23394.699478149414,Trailing Stop | P&L: 23.2%,152885.5708707571,STRONG,consolidation_conviction_asx300
2024-04-15 10:30:00-04:00,NXT.AX,sell,15.800000190734863,2034.0,32137.200387954712,Stop Loss | P&L: -9.9%,148867.03865373135,STRONG,consolidation_conviction_asx300
2024-04-16 10:30:00-04:00,A2M.AX,sell,5.590000152587891,5892.0,32936.28089904785,Stop Loss | P&L: -9.0%,147620.74105012417,STRONG,consolidation_conviction_asx300
2024-04-16 10:30:00-04:00,WES.AX,buy,65.13999938964844,304.0,19802.559814453125,"ASX GOOD: 55, 3-6M: 30.9%, ATR: 1.10",147620.74105012417,WEAK,consolidation_conviction_asx300
2024-04-16 10:30:00-04:00,ZIP.AX,buy,1.184999942779541,16725.0,19819.124042987823,"ASX FAIR: 37, 3-6M: 196.2%",147620.74105012417,WEAK,consolidation_conviction_asx300
2024-05-30 10:30:00-04:00,PME.AX,sell,124.45999908447266,215.0,26758.89980316162,ASX PROFIT TARGET | P&L: 41.9%,154993.33615529537,WEAK,consolidation_conviction_asx300
2024-05-31 10:30:00-04:00,PME.AX,buy,120.12000274658203,193.0,23183.160530090332,"ASX GOOD: 58, 3-6M: 69.5%, ATR: 1.00",154993.33615529537,WEAK,consolidation_conviction_asx300
2024-05-31 10:30:00-04:00,MIN.AX,buy,71.66000366210938,324.0,23217.841186523438,"ASX GOOD: 55, 3-6M: 32.5%, ATR: 0.72",154993.33615529537,WEAK,consolidation_conviction_asx300
2024-06-04 10:30:00-04:00,ZIP.AX,sell,1.0700000524520874,16725.0,17895.75087726116,Stop Loss | P&L: -9.7%,150676.86313772202,WEAK,consolidation_conviction_asx300
2024-06-12 10:30:00-04:00,MIN.AX,sell,64.18000030517578,324.0,20794.320098876953,Stop Loss | P&L: -10.4%,154363.85441923141,WEAK,consolidation_conviction_asx300
2024-06-13 10:30:00-04:00,NXT.AX,buy,18.34000015258789,1667.0,30572.780254364014,"ASX GOOD: 55, 3-6M: 40.1%, ATR: 0.91",155797.37257909775,NORMAL,consolidation_conviction_asx300
2024-06-13 10:30:00-04:00,FPH.AX,buy,28.56999969482422,1070.0,30569.899673461914,"ASX GOOD: 45, 3-6M: 41.2%, ATR: 1.03",155797.37257909775,NORMAL,consolidation_conviction_asx300
2024-06-18 10:30:00-04:00,MP1.AX,sell,12.119999885559082,70.0,848.3999919891357,Stop Loss | P&L: -8.4%,156775.8032336235,NORMAL,consolidation_conviction_asx300
2024-07-08 10:30:00-04:00,REA.AX,sell,194.6300048828125,200.0,38926.0009765625,Time Exit | P&L: 9.0%,153654.0129828453,NORMAL,consolidation_conviction_asx300
2024-07-08 10:30:00-04:00,BRG.AX,sell,27.139999389648438,1364.0,37018.95916748047,Time Exit | P&L: 3.2%,153654.0129828453,NORMAL,consolidation_conviction_asx300
2024-07-09 10:30:00-04:00,PDN.AX,buy,13.069999694824219,3527.0,46097.88892364502,"ASX GOOD: 45, 3-6M: 32.7%, ATR: 0.95",153698.1750254631,STRONG,consolidation_conviction_asx300
2024-07-09 10:30:00-04:00,NEU.AX,buy,19.5,2385.0,46507.5,"ASX HIGH: 60, 3-6M: 86.2%, ATR: 0.73",153698.1750254631,STRONG,consolidation_conviction_asx300
2024-07-24 10:30:00-04:00,NXT.AX,sell,16.469999313354492,1667.0,27455.48885536194,Stop Loss | P&L: -10.2%,151421.96300935745,STRONG,consolidation_conviction_asx300
2024-07-24 10:30:00-04:00,PDN.AX,sell,11.390000343322754,3527.0,40172.53121089935,Stop Loss | P&L: -12.9%,151421.96300935745,STRONG,consolidation_conviction_asx300
2024-07-25 10:30:00-04:00,A2M.AX,buy,6.909999847412109,3117.0,21538.469524383545,"ASX HIGH: 63, 3-6M: 63.4%, ATR: 0.96",150986.232691288,NORMAL,consolidation_conviction_asx300
2024-07-25 10:30:00-04:00,NXT.AX,buy,16.5,1305.0,21532.5,"ASX GOOD: 45, 3-6M: 32.1%, ATR: 1.00",150986.232691288,NORMAL,consolidation_conviction_asx300
2024-08-05 10:30:00-04:00,CAR.AX,sell,32.369998931884766,21.0,679.7699775695801,Time Exit | P&L: 13.8%,139433.10218286514,NORMAL,consolidation_conviction_asx300
2024-08-05 10:30:00-04:00,NEU.AX,sell,17.3799991607666,2385.0,41451.297998428345,Stop Loss | P&L: -10.9%,139433.10218286514,NORMAL,consolidation_conviction_asx300
2024-08-06 10:30:00-04:00,RMD.AX,buy,33.40999984741211,621.0,20747.60990524292,"ASX FAIR: 40, 3-6M: 47.6%",139158.7210226059,WEAK,consolidation_conviction_asx300
2024-08-06 10:30:00-04:00,GMG.AX,buy,32.81999969482422,632.0,20742.239807128906,"ASX GOOD: 48, 3-6M: 55.5%, ATR: 1.06",139158.7210226059,WEAK,consolidation_conviction_asx300
2024-08-19 10:30:00-04:00,A2M.AX,sell,5.710000038146973,3117.0,17798.070118904114,Stop Loss | P&L: -17.4%,147502.78278303146,WEAK,consolidation_conviction_asx300
2024-08-20 10:30:00-04:00,URW.AX,sell,5.690000057220459,164.0,933.1600093841553,Time Exit | P&L: 0.0%,145353.18148183823,WEAK,consolidation_conviction_asx300
2024-09-18 10:30:00-04:00,PME.AX,sell,173.4199981689453,193.0,33470.059646606445,ASX PROFIT TARGET | P&L: 44.4%,157500.3515982628,STRONG,consolidation_conviction_asx300
2024-09-19 10:30:00-04:00,WTC.AX,buy,131.9199981689453,240.0,31660.799560546875,"ASX FAIR: 40, 3-6M: 97.7%",157045.53285360336,STRONG,consolidation_conviction_asx300
2024-09-19 10:30:00-04:00,SCG.AX,buy,3.8299999237060547,8272.0,31681.759368896484,"ASX GOOD: 45, 3-6M: 41.9%, ATR: 0.92",157045.53285360336,STRONG,consolidation_conviction_asx300
2024-10-14 10:30:00-04:00,WES.AX,sell,70.62999725341797,304.0,21471.519165039062,Time Exit | P&L: 8.4%,156265.4245619774,NORMAL,consolidation_conviction_asx300
2024-10-21 10:30:00-04:00,WTC.AX,sell,102.0,240.0,24480.0,Stop Loss | P&L: -22.7%,148245.72161245346,STRONG,consolidation_conviction_asx300
2024-10-22 10:30:00-04:00,TNE.AX,buy,24.420000076293945,588.0,14358.96004486084,"ASX GOOD: 58, 3-6M: 61.7%, ATR: 1.16",147662.8122420311,NORMAL,consolidation_conviction_asx300
2024-10-22 10:30:00-04:00,ZIP.AX,buy,2.819999933242798,5093.0,14362.25966000557,"ASX HIGH: 60, 3-6M: 412.7%, ATR: 1.15",147662.8122420311,NORMAL,consolidation_conviction_asx300
2024-10-29 10:30:00-04:00,SCG.AX,sell,3.490000009536743,8272.0,28869.28007888794,Stop Loss | P&L: -8.9%,147658.96223568916,NORMAL,consolidation_conviction_asx300
2024-10-30 10:30:00-04:00,JBH.AX,buy,77.91000366210938,186.0,14491.260681152344,"ASX GOOD: 55, 3-6M: 34.5%, ATR: 0.90",146796.85483217236,NORMAL,consolidation_conviction_asx300
2024-10-30 10:30:00-04:00,CHC.AX,buy,15.170000076293945,956.0,14502.520072937012,"ASX GOOD: 50, 3-6M: 35.6%, ATR: 0.82",146796.85483217236,NORMAL,consolidation_conviction_asx300
2024-12-30 09:30:00-05:00,NXT.AX,sell,15.149999618530273,1305.0,19770.749502182007,Stop Loss | P&L: -8.2%,153155.1127517223,NORMAL,consolidation_conviction_asx300
