scan_date,data_date,symbol,ib_action,conviction_level,position_size_pct,current_price,stop_loss_price,profit_target_price,daily_change_pct,week_gain_pct,month_gain_pct,atr,atr_percentage,volume,avg_volume_20d,conviction_reason,fundamental_score,fundamental_grade,market_cap,pe_ratio,forward_pe,peg_ratio,roe,roa,profit_margin,gross_margin,operating_margin,revenue_growth,earnings_growth,earnings_quarterly_growth,revenue_quarterly_growth,current_ratio,quick_ratio,debt_to_equity,total_debt_to_equity,free_cashflow,operating_cashflow,book_value,price_to_book,enterprise_to_revenue,enterprise_to_ebitda,target_mean_price,target_high_price,target_low_price,recommendation_mean,number_of_analyst_opinions,trend_strength,breakout_power,volume_surge,momentum_points,total_conviction_score
2025-08-23,253,ZIP.AX,BUY,5,40,3.75,3.4875000000000003,5.625,20.192312100935418,15.740740400064901,25.4180598006422,0.18928568703787668,5.047618321010045,57595740,16878620.95,"MAX conviction: 100, trend: 100, vol: 3.9x, daily: 20.2%",25,D,4840612352,62.5,37.5,0,-7.806,6.552,-4.8720002,100.0,35.952,19.7,-74.3,-68.5,0,2.6,2.324,3.29951,0,174504496,254196992,0.544,6.893382,6.534,15.444,3.5075,4.5,2.1,1.625,8,100,25,3.927905303692468,25,100
2025-08-23,253,EHL.AX,BUY,5,40,1.0499999523162842,0.9764999556541444,1.5749999284744263,9.374997477667968,12.903219810840504,19.318177046115714,0.040000000170298984,3.8095239987449125,3523223,750568.6,"MAX conviction: 100, trend: 100, vol: 6.0x, daily: 9.4%",58,C,544293760,7.4999995,6.9999995,0,11.115,6.973999999999999,9.568,58.055,18.759,2.5,22.1,25.0,0,2.103,1.77,0.44953000000000004,0,60421368,253780000,1.389,0.7559395,0.936,2.689,1.22667,1.4,1.05,1.33333,3,100,25,6.032804013829538,25,100
2025-08-23,253,SRG.AX,BUY,5,40,1.934999942779541,1.7995499467849732,2.9024999141693115,5.163038460738578,20.560742665694963,17.629177216749305,0.0658928496497018,3.4053153280743595,3265331,1605762.0,"MAX conviction: 100, trend: 100, vol: 2.2x, daily: 5.2%",68,B,1008775488,24.1875,21.499998,0,13.614999999999998,6.2319998000000005,3.585,56.538999999999994,6.1680003999999995,25.900000000000002,26.5,48.9,0,1.07,0.988,0.32608,0,122621872,94850000,0.65,2.976923,0.894,10.991,2.01,2.1,1.95,1.0,5,100,25,2.2151693735745956,25,100
2025-08-23,249,BIO,BUY,5,40,303.82000732421875,282.55260681152345,455.7300109863281,6.592291557167385,6.357209069978786,18.18570765473957,8.470716203962054,2.7880705680197706,783300,325475.0,"MAX conviction: 95, trend: 90, vol: 2.6x, daily: 6.6%",45,C,7988552192,27.395853,26.078972,0,4.5900002,1.592,12.497,52.959996,12.185001,2.1,0.0,0.0,0,5.121,3.374,0.1973,0,223395504,534200000,263.419,1.1533716,3.232,20.119,326.5,409.0,265.0,0.0,6,90,25,2.6226269796096027,25,95
2025-08-23,186,CCL.AX,BUY,5,40,3.6700000762939453,3.4131000709533694,5.505000114440918,24.406780236344726,22.333335876464844,18.770232305348,0.1624999557222639,4.427791617006185,2387420,370361.6,"MAX conviction: 95, trend: 90, vol: 9.1x, daily: 24.4%",31,D,703032576,20.38889,14.72122,0,0.0,0.0,6.059,79.690003,29.431,9.1,-12.8,-10.9,0,0.856,0.832,0.41063000000000005,0,0,110800000,1.875,1.9573333,-3.212,-10.552,3.625,3.75,3.5,1.0,2,90,25,9.095881037510003,25,95
2025-08-23,253,LGP.AX,BUY,5,40,0.125,0.11625,0.1875,11.11111405455043,13.636364252114097,13.636364252114097,0.006785715797117778,5.428572637694223,1078158,188707.55,"MAX conviction: 95, trend: 90, vol: 7.9x, daily: 11.1%",55,C,38105376,12.5,41.666668,0,4.0969999999999995,-2.408,9.0179995,67.714,-5.391,48.6,0.0,0.0,0,2.599,0.726,0.05492,0,1652750,-917000,0.28,0.44642857,1.091,-152.314,0.18,0.18,0.18,0.0,1,90,25,7.902289825680365,25,95
2025-08-23,253,RSG.AX,BUY,5,40,0.7400000095367432,0.6882000088691712,1.1100000143051147,2.068963476083585,2.7777750183035854,10.447759866236495,0.02928572041647775,3.9575297350078786,12003085,6541008.2,"MAX conviction: 90, trend: 100, vol: 1.9x, daily: 2.1%",35,D,1575977984,74.0,5.285714,0,-5.0679997,2.0650001000000002,-3.533,46.392,-7.388999999999999,52.400000000000006,0.0,0.0,0,1.027,0.427,0.09063,0,134041376,115006000,0.253,2.9249012,1.826,13.301,1.048,1.5,0.75,1.4,5,100,25,1.9225906080279882,25,90
2025-08-23,253,MAH.AX,BUY,5,40,0.4300000071525574,0.39990000665187836,0.6450000107288361,2.3809572804273094,16.21621665160442,48.27586880195174,0.020000000085149492,4.651162733133118,4132937,2296326.25,"MAX conviction: 90, trend: 100, vol: 1.9x, daily: 2.4%",60,B,926645760,14.333334,8.6,0,11.1540005,5.4569997,3.0460000000000003,74.310994,5.6929998,17.299999999999997,167.3,163.2,0,1.16,1.001,0.6158,0,226677632,334003008,0.325,1.323077,0.445,3.876,0.44,0.49,0.34,1.33333,3,100,25,1.8782619563216771,25,90
2025-08-23,253,TDO.AX,BUY,5,40,0.15000000596046448,0.13950000554323197,0.22500000894069672,15.384624201870857,36.36364252114102,30.43478542555027,0.00678571526493345,4.523809996862241,377869,241204.85,"MAX conviction: 85, trend: 90, vol: 1.7x, daily: 15.4%",25,D,50021100,0,0,0,-22.659001,-13.694999999999999,0.0,0.0,0.0,0.0,0.0,0.0,0,4.071,3.953,0.00436,0,-1951267,-1351589,0.031,4.83871,0.0,-31.161,0.0,0.0,0.0,0.0,0,90,25,1.6634647808703906,25,85
2025-08-23,249,CCL,BUY,4,35,31.299999237060547,29.10899929046631,46.94999885559082,6.9354244876973725,5.174727810264446,1.8217289203382947,0.9078569412231445,2.900501480358513,27179100,17323665.0,"HIGH conviction: 80, trend: 100, vol: 1.6x, daily: 6.9%",63,B,42439041024,16.387434,18.197674,0,30.021998,5.1599998000000005,9.722,54.701,14.760000000000002,9.5,493.9,514.1,0,0.337,0.245,2.8632999999999997,0,2056000000,5432999936,7.627,4.103842,2.603,9.918,33.09091,38.0,26.0,1.71429,22,100,15,1.6355104053618597,25,80
2025-08-23,249,TOL,BUY,4,35,139.1699981689453,129.42809829711913,208.75499725341797,5.768350989716486,6.6436767578125,9.798815123428263,4.2121429443359375,3.0266170868398015,2902600,1632245.0,"HIGH conviction: 80, trend: 100, vol: 1.9x, daily: 5.8%",66,B,13437419520,10.263274,9.519152,0,17.695999,8.3009996,12.642999,26.325,17.376,8.0,3.5999999999999996,-1.3,0,4.262,0.483,0.36277000000000004,0,0,0,83.845,1.6598485,1.429,8.048,147.9375,183.0,92.0,1.82353,16,100,15,1.8915915866990338,25,80
2025-08-23,253,HMY.AX,BUY,4,35,0.8450000286102295,0.7858500266075135,1.2675000429153442,6.962026032742874,39.669421813289496,44.444454633272976,0.039107135363987515,4.628063199986747,299703,88912.85,"HIGH conviction: 75, trend: 100, vol: 4.0x, daily: 7.0%",53,C,87928168,16.9,12.071429,0,15.557000000000002,0.664,7.5329999999999995,81.32700299999999,57.64,10.299999999999999,0.0,0.0,0,97.514,97.514,24.2293,0,0,35038000,0.287,2.944251,12.076,0.0,1.6797923,2.222856,1.1367288,1.0,2,100,0,3.9672299759149063,25,75
2025-08-23,253,CUV.AX,BUY,4,35,12.930000305175781,12.024900283813476,19.395000457763672,7.839871159313239,5.036554544474892,8.38222945867113,0.4603571891784668,3.56038034271499,215644,86033.95,"HIGH conviction: 75, trend: 100, vol: 2.7x, daily: 7.8%",93,A,648098176,16.792208,16.792208,0,19.586000000000002,14.218001,42.599,90.828,45.645002,8.7,32.1,28.7,0,17.366,16.37,0.00329,0,12731025,23826384,4.34,2.9792626,4.942,8.697,24.41571,40.0,15.0,0.0,7,100,0,2.709555012470708,25,75
2025-08-23,249,ADM,BUY,4,35,62.91999816894531,58.51559829711914,94.37999725341797,2.945024981212052,6.208812058355373,12.877558224251185,1.5435104258373329,2.453131708130191,5237100,3677285.0,"HIGH conviction: 70, trend: 100, vol: 1.5x, daily: 2.9%",23,D,30230794240,27.356522,12.410255,0,4.82,1.8159999999999998,1.328,6.370000000000001,2.169,-4.9,-54.1,-54.900000000000006,0,1.423,0.363,0.46798,0,1703874944,5577999872,46.729,1.3464872,0.484,15.489,58.3,70.0,54.0,2.90909,10,100,15,1.47538697531725,25,70
2025-08-23,249,APA,BUY,4,35,21.639999389648438,20.125199432373048,32.459999084472656,4.895784149146354,5.664061881543581,12.708325675792477,0.8257145200456891,3.8156864294583683,7027300,7605260.0,"HIGH conviction: 70, trend: 100, vol: 0.9x, daily: 4.9%",45,C,7742488576,7.487889,7.8690906,0,20.436001,7.002,11.026,66.31,37.546003,-13.600000000000001,14.499999999999998,11.5,0,0.805,0.604,0.67565,0,2154249984,4652000256,16.459,1.3147821,1.346,2.255,23.85714,35.0,16.0,2.96552,28,100,25,0.9404976916833012,25,70
2025-08-23,249,KRC,BUY,4,35,40.15999984741211,37.348799858093265,60.239999771118164,3.3453402383999187,3.745804177817913,6.15912742157132,0.9792853764125279,2.438459611885762,1194600,1708700.0,"HIGH conviction: 70, trend: 100, vol: 0.7x, daily: 3.3%",45,C,4796911104,21.826086,31.131784,0,4.381,1.8880000000000001,19.285999,67.32900000000001,32.134997999999996,3.3000000000000003,39.0,39.1,0,1.001,0.678,0.8448699999999999,0,187449504,565254016,45.365,0.8852639,8.364,14.482,38.33333,55.0,33.0,3.0,15,100,25,0.6838830082608671,25,70
2025-08-23,253,SUL.AX,BUY,4,35,18.65999984741211,17.35379985809326,27.989999771118164,0.48465349524466905,15.114132642279277,23.249665946287724,0.565356935773577,3.0297799592532386,933709,414626.7,"HIGH conviction: 70, trend: 100, vol: 2.4x, daily: 0.5%",40,C,4213913088,19.237112,16.513275,0,16.463,7.131,5.449,45.634997,8.286999999999999,5.1,-4.8,-4.9,0,1.067,0.098,0.93522,0,330175008,577299968,5.851,3.1891985,1.323,11.644,17.35643,20.5,11.5,2.92857,14,100,0,2.4069689806377106,20,70
2025-08-23,253,BXB.AX,BUY,4,35,25.969999313354492,24.15209936141968,38.95499897003174,-1.2547525980192265,11.795091799878655,10.557682275014656,0.6350000926426479,2.4451294163728114,10225632,3992975.4,"HIGH conviction: 70, trend: 100, vol: 2.9x, daily: -1.3%",40,C,35500728320,26.773195,24.733334,0,26.278000000000002,8.913,13.104,34.471000000000004,19.083999,0.0,0.0,0.0,0,0.666,0.624,0.96236,0,670137472,1832999936,2.451,10.595675,5.574,19.407,24.68505,29.142477,19.578754,2.93333,15,100,0,2.8633965767906466,20,70
2025-08-23,253,GPT.AX,BUY,4,35,5.539999961853027,5.152199964523316,8.309999942779541,-0.18018429798489777,5.123339315060971,9.05511899715512,0.08678562300545829,1.5665275018599478,9817258,4740994.05,"HIGH conviction: 70, trend: 100, vol: 2.2x, daily: -0.2%",35,D,10612313088,27.699999,16.787878,0,3.688,2.5339997999999997,35.481,60.931999999999995,63.791,15.1,0.0,0.0,0,0.93,0.277,0.5143800000000001,0,187424992,572499968,5.328,1.0397898,14.839,24.414,5.569,6.0,4.9,2.5,10,100,0,2.1835644374739673,20,70
2025-08-23,253,URW.AX,BUY,4,35,8.119999885559082,7.551599893569946,12.179999828338623,-1.6949193637214477,2.0100483246901613,10.47619035261751,0.12142859186444964,1.4954260292589767,4733456,1308240.85,"HIGH conviction: 70, trend: 100, vol: 4.4x, daily: -1.7%",55,C,23523477504,16.916666,12.492308,0,4.8860002,2.6789999,21.365000000000002,67.27,65.330005,21.2,843.0999999999999,873.1,0,0.93,0.868,1.22413,0,1442837504,2209999872,107.073,0.075836115,7.541,11.503,6.667005,6.667005,6.667005,3.0,1,100,0,4.3532971439631325,20,70
2025-08-23,249,USB,BUY,3,30,48.279998779296875,44.900398864746094,72.41999816894531,4.5700686463764795,5.116478246259182,4.298979962003013,0.893571036202567,1.8508099809350915,12678600,7997960.0,"STANDARD conviction: 65, trend: 90, vol: 1.6x, daily: 4.6%",48,C,75132846080,11.55024,11.150115,0,11.667,1.0140000999999998,26.999000000000002,0.0,37.334,3.3000000000000003,14.399999999999999,13.200000000000001,0,0.0,0.0,0.0,0,0,7484000256,35.024,1.3784834,4.036,0.0,53.54091,67.0,47.0,2.0,22,90,15,1.6321281542299702,15,65
2025-08-23,249,CFG,BUY,3,30,50.77000045776367,47.21610042572022,76.15500068664551,4.766820918143955,5.1574186856329085,2.669908829408607,1.0100010463169642,1.9893658404773882,5326500,3878470.0,"STANDARD conviction: 65, trend: 90, vol: 1.4x, daily: 4.8%",38,D,21899587584,15.478659,13.118863,0,6.484000400000001,0.7270000000000001,22.087,0.0,29.578,5.2,17.9,11.200000000000001,0,0.0,0.0,0.0,0,0,1286000000,53.426,0.9502864,3.814,0.0,55.47368,65.0,51.0,1.7,19,90,25,1.3752389853723523,15,65
2025-08-23,249,HD,BUY,3,30,412.7900085449219,383.8947079467774,619.1850128173828,3.7943162873314673,3.3577053177823,9.682476909906935,9.064285278320312,2.1958586910259217,5283800,3607870.0,"STANDARD conviction: 65, trend: 100, vol: 1.5x, daily: 3.8%",40,C,410696351744,28.080954,26.460897,0,193.95399,13.713999,8.863,33.348,14.478,4.9,-0.4,-0.2,0,1.147,0.281,5.74974,0,11005500416,17871998976,10.751,38.395496,2.835,18.279,436.03125,475.0,335.0,1.78378,32,100,0,1.5294393483716529,25,65
2025-08-23,249,PHM,BUY,3,30,132.3300018310547,123.06690170288087,198.49500274658203,5.551566508729633,2.8285020752142342,10.940646533627296,4.012857164655413,3.032462109218902,2943700,1954370.0,"STANDARD conviction: 65, trend: 100, vol: 1.6x, daily: 5.6%",60,B,26108444672,9.897532,9.802222,0,23.048,12.946,15.498999999999999,27.813,18.341999,-4.3,-20.9,-24.8,0,6.409,0.523,0.18024,0,800167616,1445262976,63.639,2.0793853,1.534,7.473,135.84615,163.0,98.0,2.0,13,100,0,1.5675196425861384,25,65
2025-08-23,249,DHI,BUY,3,30,170.67999267578125,158.73239318847658,256.0199890136719,5.442637810803452,3.055185187642029,15.491865626281264,5.392947850594512,3.159683666520187,6111000,3983995.0,"STANDARD conviction: 65, trend: 100, vol: 1.6x, daily: 5.4%",65,B,50883801088,13.720257,10.714375,0,16.098000000000003,8.959999999999999,11.4630006,23.580000000000002,14.564,-7.3999999999999995,-18.0,-24.3,0,6.526,0.559,0.29937,0,1801437440,2910700032,80.459,2.1213288,1.632,10.799,158.92857,187.0,110.0,2.42105,14,100,0,1.5806831261882284,25,65
2025-08-23,249,HD,BUY,3,30,412.7900085449219,383.8947079467774,619.1850128173828,3.7943162873314673,3.3577053177823,9.682476909906935,9.064285278320312,2.1958586910259217,5283800,3607870.0,"STANDARD conviction: 65, trend: 100, vol: 1.5x, daily: 3.8%",40,C,410696351744,28.080954,26.460897,0,193.95399,13.713999,8.863,33.348,14.478,4.9,-0.4,-0.2,0,1.147,0.281,5.74974,0,11005500416,17871998976,10.751,38.395496,2.835,18.279,436.03125,475.0,335.0,1.78378,32,100,0,1.5294393483716529,25,65
2025-08-23,249,USB,BUY,3,30,48.279998779296875,44.900398864746094,72.41999816894531,4.5700686463764795,5.116478246259182,4.298979962003013,0.893571036202567,1.8508099809350915,12678600,7997960.0,"STANDARD conviction: 65, trend: 90, vol: 1.6x, daily: 4.6%",48,C,75132846080,11.55024,11.150115,0,11.667,1.0140000999999998,26.999000000000002,0.0,37.334,3.3000000000000003,14.399999999999999,13.200000000000001,0,0.0,0.0,0.0,0,0,7484000256,35.024,1.3784834,4.036,0.0,53.54091,67.0,47.0,2.0,22,90,15,1.6321281542299702,15,65
2025-08-23,253,MGH.AX,BUY,3,30,4.449999809265137,4.138499822616577,6.674999713897705,2.298848432756806,4.952831355733589,7.748176415426977,0.16392854281834193,3.6837876369575113,918142,424704.0,"STANDARD conviction: 65, trend: 90, vol: 2.3x, daily: 2.3%",40,C,1614330880,21.190475,21.190475,0,9.604,3.85,6.9190000000000005,48.527,12.031999,29.9,-4.8,3.9,0,1.746,1.005,0.89888,0,3736125,67834000,2.426,1.8342949,2.224,13.842,4.90333,5.45,3.8,1.33333,6,90,0,2.2840589011967687,20,65
2025-08-23,253,CMD.AX,BUY,3,30,0.02800000086426735,0.026040000803768636,0.042000001296401024,0.0,0.0,21.739133955850942,0.0012142856472304889,4.3367343205339655,616370,291821.65,"STANDARD conviction: 65, trend: 100, vol: 2.0x, daily: 0.0%",30,D,19438132,0,0,0,-186.03901000000002,-27.558002,0.0,100.0,-730.833,1764.0,0.0,0.0,0,0.375,0.375,0.28019,0,-1109160,-383502,0.001,28.0,141.034,0.0,0.0,0.0,0.0,0.0,0,100,0,2.0207384939093767,15,65
2025-08-23,253,CRN.AX,BUY,3,30,0.3499999940395355,0.325499994456768,0.5249999910593033,16.666660043928626,11.11111005988279,84.21052549024037,0.027500000383172716,7.857143100427126,16769910,16665988.0,"STANDARD conviction: 65, trend: 90, vol: 0.9x, daily: 16.7%",10,F,6457499648,0,3.5,0,-27.831,-7.362,-14.499,7.452,-10.155,-30.599999999999998,0.0,0.0,0,1.599,0.999,0.7052200000000001,0,-129905872,103032000,0.538,0.65055764,0.211,-3.442,0.22526887,0.3018988,0.1293852,3.77778,8,90,25,0.9435086761067552,25,65
2025-08-23,249,GM,BUY,3,30,58.369998931884766,54.28409900665284,87.55499839782715,3.2914540180455143,3.658315589334804,9.86259694791196,1.1650000980922155,1.995888503358925,6314200,7213785.0,"STANDARD conviction: 60, trend: 100, vol: 0.9x, daily: 3.3%",10,F,55572791296,8.91145,5.522233,0,6.955,2.273,2.545,10.9689996,4.7010000000000005,-1.7999999999999998,-25.1,-35.4,0,1.218,0.965,2.00191,0,1409874944,23970000896,69.345,0.84173334,0.926,10.443,57.69231,80.0,38.0,2.25,26,100,15,0.8742232756997441,25,60
2025-08-23,249,KBH,BUY,3,30,64.75,60.2175,97.125,6.8834566571565725,2.9739168258904325,10.778926071562589,2.1290410081246725,3.2880942210419652,2083100,1405155.0,"STANDARD conviction: 60, trend: 90, vol: 1.5x, daily: 6.9%",38,D,4406250496,8.587533,7.115384,0,14.166,6.561999999999999,8.4709994,20.966999,9.4919994,-10.5,-30.0,-35.9,0,5.653,0.606,0.48023000000000005,0,-45900752,106845000,58.641,1.1041763,0.901,7.89,62.75,80.0,49.0,2.76923,12,90,0,1.5265391069845156,25,60
2025-08-23,249,IPG,BUY,3,30,27.260000228881836,25.35180021286011,40.890000343322754,2.751600163371992,4.484477077237159,2.7128835287012043,0.5557141985212054,2.0385700434896874,9881000,5458900.0,"STANDARD conviction: 60, trend: 80, vol: 1.9x, daily: 2.8%",25,D,9984410624,23.101696,9.912727,0,11.933,5.3940002,4.993,23.599999999999998,17.042999000000002,-6.6000000000000005,-22.8,-24.2,0,1.068,0.978,1.1056,0,934275008,958899968,10.133,2.6902199,1.433,7.372,32.6375,39.0,25.6,2.22222,8,80,15,1.9071755041536704,15,60
2025-08-23,249,LYV,BUY,3,30,165.72000122070312,154.1196011352539,248.5800018310547,2.0003692839179132,2.9764548331099983,7.841480572225956,3.932855878557478,2.3731932473979205,1914600,2245535.0,"STANDARD conviction: 60, trend: 100, vol: 0.9x, daily: 2.0%",35,D,38438752256,70.51915,68.47934,0,59.354997,4.077,3.8760000000000003,25.239,6.933,16.3,-60.0,-18.3,0,0.878,0.707,3.65185,0,1802233600,1868942976,1.565,105.89137,1.76,20.768,170.0,185.0,130.0,1.47619,20,100,15,0.8663583626704797,25,60
2025-08-23,249,BRX,BUY,3,30,27.860000610351562,25.909800567626956,41.790000915527344,3.2616793293032575,5.251232841157627,7.195078321283677,0.5742856434413365,2.061326743933943,1848600,2194725.0,"STANDARD conviction: 60, trend: 90, vol: 0.8x, daily: 3.3%",50,C,8527946240,25.559633,28.72165,0,11.540000000000001,3.395,25.27,74.90299999999999,36.433,7.5,20.3,21.4,0,0.999,0.976,1.74377,0,549183744,624190976,9.647,2.8879445,10.235,15.717,30.0,35.0,26.0,1.5,18,90,25,0.8391932196311109,20,60
2025-08-23,249,GM,BUY,3,30,58.369998931884766,54.28409900665284,87.55499839782715,3.2914540180455143,3.658315589334804,9.86259694791196,1.1650000980922155,1.995888503358925,6314200,7213785.0,"STANDARD conviction: 60, trend: 100, vol: 0.9x, daily: 3.3%",10,F,55572791296,8.91145,5.522233,0,6.955,2.273,2.545,10.9689996,4.7010000000000005,-1.7999999999999998,-25.1,-35.4,0,1.218,0.965,2.00191,0,1409874944,23970000896,69.345,0.84173334,0.926,10.443,57.69231,80.0,38.0,2.25,26,100,15,0.8742232756997441,25,60
2025-08-23,253,WBC.AX,BUY,3,30,38.97999954223633,36.25139957427979,58.46999931335449,0.6454944563770715,5.895131996707392,17.728779292288998,0.7425000326974052,1.9048230923986487,8564878,5035392.85,"STANDARD conviction: 60, trend: 100, vol: 1.8x, daily: 0.6%",28,D,133248843776,19.887754,18.92233,0,0.0,0.0,32.609,0.0,48.214,5.7,0.0,5.6000000000000005,0,0.0,0.0,0.0,0,0,0,21.067,1.8502872,11.026,0.0,30.16769,36.0,27.5,3.69231,13,100,0,1.7965416636216966,20,60
2025-08-23,253,BOQ.AX,BUY,3,30,8.020000457763672,7.458600425720215,12.030000686645508,1.1349386049596566,2.426571339833261,6.084662942669361,0.10714295932224818,1.335947047465934,2376133,1145694.9,"STANDARD conviction: 60, trend: 80, vol: 2.2x, daily: 1.1%",38,D,5271193600,17.822224,14.321429,0,5.0619997,0.302,19.278999,0.0,31.539,2.1999999999999997,16.400000000000002,13.200000000000001,0,0.0,0.0,0.0,0,0,1780000000,9.208,0.8709818,11.701,0.0,6.54824,7.9,5.64,4.08333,13,80,0,2.212181792063013,20,60
2025-08-23,253,ORG.AX,BUY,3,30,13.039999961853027,12.127199964523316,19.55999994277954,-0.2295312446187081,2.0344306284378,8.305647866846776,0.26964289801461355,2.067813641130536,5960449,3557191.0,"STANDARD conviction: 60, trend: 100, vol: 1.8x, daily: -0.2%",58,C,22464659456,15.16279,19.17647,0,15.251000000000001,3.6769999999999996,8.5760005,19.868,4.321,3.6999999999999997,15.4,15.4,0,1.15,0.889,0.48967,0,-1010499968,425000000,5.781,2.255665,1.533,17.302,11.90833,13.7,10.0,2.58333,12,100,0,1.7889733528180676,20,60
2025-08-23,253,WES.AX,BUY,3,30,94.62999725341797,88.00589744567871,141.94499588012695,-0.13719383693723275,5.850106977934577,13.847442404360644,1.6125008719308036,1.7040060432555504,3423854,1831956.8,"STANDARD conviction: 60, trend: 100, vol: 2.0x, daily: -0.1%",35,D,107406000128,41.323143,35.980988,0,29.887000000000004,8.943,5.775,34.004003,9.421,3.5999999999999996,2.9000000000000004,2.9000000000000004,0,1.107,0.294,1.20606,0,2516875008,4271000064,7.906,11.96939,2.616,26.032,72.7313,90.3,58.0,3.91667,12,100,0,1.9992333220540779,20,60
2025-08-23,253,HVN.AX,BUY,3,30,6.210000038146973,5.775300035476685,9.315000057220459,0.6482975908981503,4.369751885991202,9.330989891303787,0.10607143810817174,1.7080746772398223,1822015,1119103.75,"STANDARD conviction: 60, trend: 100, vol: 1.7x, daily: 0.6%",53,C,7737721856,17.742857,17.25,0,9.5010005,5.25,15.336001,30.856,25.361000999999998,0.8999999999999999,39.7,39.7,0,1.358,0.841,0.48223999999999995,0,278462016,637316992,3.75,1.656,3.459,12.89,5.5525,6.5,4.1,2.25,12,100,0,1.6992837232995714,20,60
2025-08-23,253,SGP.AX,BUY,3,30,6.400000095367432,5.952000088691712,9.600000143051147,0.9463713144399533,12.676061422336439,16.78832250167568,0.12535708291190012,1.9587043913114695,8318966,5383664.6,"STANDARD conviction: 60, trend: 100, vol: 1.6x, daily: 0.9%",45,C,15358848000,18.82353,17.777777,0,8.2279995,2.8369999,25.772000000000002,24.648999999999997,26.99,7.9,183.29999999999998,186.20000000000002,0,1.208,0.502,0.51851,0,383875008,328000000,4.254,1.5044663,6.187,24.974,6.211,6.9,5.1,2.6,10,100,0,1.6115728255669375,20,60
2025-08-23,253,DOW.AX,BUY,3,30,7.340000152587891,6.826200141906739,11.010000228881836,0.0,6.531208923402021,6.376812335348658,0.12964275905064174,1.7662500865879833,2012543,1184270.25,"STANDARD conviction: 60, trend: 100, vol: 1.8x, daily: 0.0%",25,D,4929353216,36.7,16.311111,0,6.627,3.551,1.3040001,11.892999999999999,4.3309998,-2.9000000000000004,0.0,1772.2,0,0.911,0.791,0.69759,0,412312512,562499968,3.073,2.3885455,0.554,11.29,6.81667,7.75,5.4,2.66667,9,100,0,1.7923688576219359,20,60
2025-08-23,253,GWA.AX,BUY,3,30,2.490000009536743,2.3157000088691713,3.7350000143051147,-2.352938976529795,-3.179573980806716,6.905889334087689,0.07953086233213005,3.1940105231937945,947585,377324.05,"STANDARD conviction: 60, trend: 90, vol: 2.7x, daily: -2.4%",60,B,660360448,15.5625,13.105264,0,14.279,7.284,10.366,40.512002,19.629999,0.5,43.3,41.699999999999996,0,1.573,0.784,0.56038,0,63634500,69151000,1.142,2.1803854,1.866,9.706,3.0,3.1,2.9,1.8,5,90,0,2.7051138051342307,15,60
2025-08-23,253,RNT.AX,BUY,3,30,0.03700000047683716,0.03441000044345856,0.05550000071525574,5.7142866266016945,-2.6315745616387054,47.99999970197677,0.0033928572333284785,9.169884296224494,6107205,1311240.65,"STANDARD conviction: 60, trend: 80, vol: 5.2x, daily: 5.7%",20,D,35503608,0,0,0,-114.27799999999999,-50.726000000000006,-117.42699999999999,19.660999,-128.21001,-10.4,0.0,0.0,0,1.165,1.165,0.05524,0,-1640400,-1842477,0.004,9.25,8.667,-7.15,0.0,0.0,0.0,0.0,0,80,0,5.232409900103479,20,60
2025-08-23,249,BAC,BUY,3,30,49.47999954223633,46.01639957427979,74.21999931335449,2.52797609435218,5.411165295778431,2.7835483373022774,0.953571047101702,1.927184834122179,45055300,33212530.0,"STANDARD conviction: 55, trend: 90, vol: 1.4x, daily: 2.5%",28,D,366495891456,14.510263,13.519125,0,9.46,0.8380000000000001,28.514,0.0,30.912,4.2,7.199999999999999,3.2,0,0.0,0.0,0.0,0,0,-22677999616,37.127,1.3327229,3.769,0.0,53.08333,59.0,46.0,1.6,24,90,15,1.3999796475293886,15,55
2025-08-23,249,STT,BUY,3,30,115.4800033569336,107.39640312194825,173.2200050354004,2.776791322208827,3.9704723815848553,4.365116822818149,2.046429225376674,1.7721070019814849,2144700,1532510.0,"STANDARD conviction: 55, trend: 90, vol: 1.3x, daily: 2.8%",38,D,32761100288,12.975282,12.364026,0,10.9469995,0.8119998999999999,21.392,0.0,27.648001999999998,7.5,0.8999999999999999,-2.5,0,0.0,0.0,0.0,0,0,-10766999552,83.162,1.388615,-3.865,0.0,115.10714,131.0,95.0,2.13333,14,90,15,1.3477448038584199,15,55
2025-08-23,249,KEY,BUY,3,30,18.979999542236328,17.651399574279786,28.469999313354492,4.573002430582229,5.2106351386041805,0.9574484706411424,0.39500018528529574,2.0811390664488636,37059900,29946525.0,"STANDARD conviction: 55, trend: 90, vol: 1.2x, daily: 4.6%",43,C,20811948032,0,12.166667,0,1.01499995,0.093000004,3.711,0.0,31.836998,19.7,40.1,55.1,0,0.0,0.0,0.0,0,0,1616000000,15.267,1.2432042,7.468,0.0,21.12273,43.0,18.0,0.0,22,90,15,1.2330656803889124,15,55
2025-08-23,249,NCLH,BUY,3,30,25.049999237060547,23.29649929046631,37.57499885559082,7.234582973255965,3.0864198499897633,3.001642892255818,0.7928573063441685,3.165099123720393,20605400,15258530.0,"STANDARD conviction: 55, trend: 100, vol: 1.4x, daily: 7.2%",35,D,11321021440,17.157534,11.985646,0,63.56699999999999,4.587,7.5219996,41.352,16.836001,6.1,-80.80000000000001,-81.6,0,0.184,0.07,9.295,0,-705337024,1965831040,3.513,7.130657,2.691,10.165,29.97619,40.0,23.0,1.73913,21,100,0,1.4030378703925945,25,55
2025-08-23,249,ROST,BUY,3,30,147.25,136.9425,220.875,1.1193551280514358,0.21096879913102828,7.34854703332406,3.149286542619978,2.138734494139204,7736200,3268335.0,"STANDARD conviction: 55, trend: 80, vol: 2.6x, daily: 1.1%",45,C,48161206272,23.373014,22.010464,0,39.566,11.29,9.7950004,32.784,12.166,2.6,0.7000000000000001,-1.7999999999999998,0,1.55,0.894,0.8995000000000001,0,1145347072,2397782016,16.755,8.788422,2.299,15.996,158.4706,175.0,127.0,1.68421,17,80,0,2.6102917607204437,15,55
2025-08-23,249,LEN,BUY,3,30,135.75,126.2475,203.625,5.118476569298647,2.879881121367789,15.768375854443706,4.307858603341239,3.1733765033821277,3925400,3064005.0,"STANDARD conviction: 55, trend: 100, vol: 1.3x, daily: 5.1%",50,C,34976395264,11.246894,8.410781,0,13.258000000000001,7.256,9.205,20.584999,8.146,-4.3999999999999995,-47.5,-50.0,0,9.429,3.132,0.19683,0,9169506304,409688992,87.176,1.5571946,0.942,7.633,122.21429,159.0,95.0,2.57895,14,100,0,1.310471688349842,25,55
2025-08-23,249,AAL,BUY,3,30,13.550000190734863,12.601500177383423,20.325000286102295,7.7963446277104165,2.885346334393124,6.861197670507635,0.47285727092197966,3.4897215074971526,63111000,64955085.0,"STANDARD conviction: 55, trend: 90, vol: 1.0x, daily: 7.8%",18,F,8940683264,16.130953,6.707921,0,0.0,2.7999999,1.045,24.521999,8.289,0.4,-10.0,-16.5,0,0.585,0.412,0.0,0,579500032,4094000128,-5.865,-2.3103156,0.693,7.355,13.31429,20.0,8.0,2.13636,21,90,15,0.9713299074911805,25,55
2025-08-23,249,DAL,BUY,3,30,61.689998626708984,57.37169872283936,92.53499794006348,6.656290567020062,2.4070333795500165,10.58795009351483,1.976428713117327,3.2038073547008037,10301600,7365740.0,"STANDARD conviction: 55, trend: 100, vol: 1.4x, daily: 6.7%",50,C,40280358912,8.966569,8.787749,0,30.074,4.5229997,7.242999999999999,21.190001,12.0620005,-0.1,62.7,63.2,0,0.385,0.248,1.2832599999999998,0,944374976,7402999808,26.888,2.294332,0.954,7.65,65.86667,90.0,31.0,1.45455,21,100,0,1.4324380132250505,25,55
2025-08-23,249,PKG,BUY,3,30,212.74000549316406,197.8482051086426,319.1100082397461,1.136201245685875,9.98862966969083,3.1116701924388313,4.170713152204241,1.9604743087863925,1435500,747870.0,"STANDARD conviction: 55, trend: 80, vol: 2.0x, daily: 1.1%",70,B,19142090752,21.231537,18.927048,0,20.653999,8.83,10.468,22.195,14.807001,4.6,20.8,21.4,0,3.538,2.212,0.60681,0,521162496,1291200000,51.831,4.1044936,2.424,11.547,211.44444,244.0,152.0,2.4,9,80,0,2.0287171949857967,15,55
2025-08-23,249,BAC,BUY,3,30,49.47999954223633,46.01639957427979,74.21999931335449,2.52797609435218,5.411165295778431,2.7835483373022774,0.953571047101702,1.927184834122179,45055300,33212530.0,"STANDARD conviction: 55, trend: 90, vol: 1.4x, daily: 2.5%",28,D,366495891456,14.510263,13.519125,0,9.46,0.8380000000000001,28.514,0.0,30.912,4.2,7.199999999999999,3.2,0,0.0,0.0,0.0,0,0,-22677999616,37.127,1.3327229,3.769,0.0,53.08333,59.0,46.0,1.6,24,90,15,1.3999796475293886,15,55
2025-08-23,249,ROST,BUY,3,30,147.25,136.9425,220.875,1.1193551280514358,0.21096879913102828,7.34854703332406,3.149286542619978,2.138734494139204,7736200,3268335.0,"STANDARD conviction: 55, trend: 80, vol: 2.6x, daily: 1.1%",45,C,48161206272,23.373014,22.010464,0,39.566,11.29,9.7950004,32.784,12.166,2.6,0.7000000000000001,-1.7999999999999998,0,1.55,0.894,0.8995000000000001,0,1145347072,2397782016,16.755,8.788422,2.299,15.996,158.4706,175.0,127.0,1.68421,17,80,0,2.6102917607204437,15,55
2025-08-23,253,HUB.AX,BUY,3,30,109.33999633789062,101.68619659423828,164.00999450683594,1.777898191649574,0.46861572935341655,4.351973288526834,3.4489288330078125,3.1543158482918496,663632,296303.95,"STANDARD conviction: 55, trend: 90, vol: 2.4x, daily: 1.8%",90,A,8875433984,113.895836,79.23188,0,15.145999,12.370000000000001,19.737,92.002,25.285998,21.4,82.69999999999999,80.80000000000001,0,1.944,1.823,0.11141,0,0,148999008,6.564,16.657524,21.78,0.0,99.75135,125.0,42.0,2.9375,16,90,0,2.417669851697169,10,55
2025-08-23,253,HUB.AX,BUY,3,30,109.33999633789062,101.68619659423828,164.00999450683594,1.777898191649574,0.46861572935341655,4.351973288526834,3.4489288330078125,3.1543158482918496,663632,296303.95,"STANDARD conviction: 55, trend: 90, vol: 2.4x, daily: 1.8%",90,A,8875433984,113.895836,79.23188,0,15.145999,12.370000000000001,19.737,92.002,25.285998,21.4,82.69999999999999,80.80000000000001,0,1.944,1.823,0.11141,0,0,148999008,6.564,16.657524,21.78,0.0,99.75135,125.0,42.0,2.9375,16,90,0,2.417669851697169,10,55
2025-08-23,253,ALL.AX,BUY,3,30,70.8499984741211,65.89049858093261,106.27499771118164,-1.692800368904035,0.2405180648150873,4.962960702401631,1.3592839922223772,1.9185377861636421,1603188,1077077.1,"STANDARD conviction: 55, trend: 100, vol: 1.5x, daily: -1.7%",81,A,43994308608,40.71839,26.735847,0,16.941999,11.3620006,22.817999999999998,58.497,29.906,8.7,39.5,36.4,0,1.818,1.636,0.30431,0,1487425024,1881600000,11.494,6.1640854,6.58,19.184,71.522,79.3,52.0,1.66667,15,100,0,1.5495279254191319,15,55
2025-08-23,253,CHC.AX,BUY,3,30,23.420000076293945,21.78060007095337,35.13000011444092,2.404893821066345,6.406178249657124,17.21722028464363,0.5067855290004185,2.163900629160945,1324689,1036747.15,"STANDARD conviction: 55, trend: 100, vol: 1.3x, daily: 2.4%",50,C,11077590016,34.441177,27.880953,0,12.3059995,8.201,32.829,74.120003,70.633006,-6.6000000000000005,0.4,0.1,0,2.757,1.351,0.1925,0,-13513739,356000000,5.731,4.086547,16.441,24.245,21.217,26.35,15.0,3.3,10,100,0,1.3225642344291777,25,55
2025-08-23,253,HUB.AX,BUY,3,30,109.33999633789062,101.68619659423828,164.00999450683594,1.777898191649574,0.46861572935341655,4.351973288526834,3.4489288330078125,3.1543158482918496,663632,296303.95,"STANDARD conviction: 55, trend: 90, vol: 2.4x, daily: 1.8%",90,A,8875433984,113.895836,79.23188,0,15.145999,12.370000000000001,19.737,92.002,25.285998,21.4,82.69999999999999,80.80000000000001,0,1.944,1.823,0.11141,0,0,148999008,6.564,16.657524,21.78,0.0,99.75135,125.0,42.0,2.9375,16,90,0,2.417669851697169,10,55
2025-08-23,249,GOOGL,BUY,2,25,206.08999633789062,191.6636965942383,309.13499450683594,3.1739656259777815,1.0740571392650722,8.337276437238316,4.369998386928013,2.1204320755886044,42782300,31367295.0,"LOW conviction: 50, trend: 100, vol: 1.4x, daily: 3.2%",93,A,2495873548288,21.971214,23.001116,0,34.829,16.792,31.118000000000002,58.943003000000004,32.429,13.8,22.3,19.400000000000002,0,1.904,1.72,0.11481,0,49786499072,133707997184,29.983,6.8735614,6.567,17.317,216.52293,248.0,166.0,1.55224,51,100,0,1.3704599747417112,20,50
2025-08-23,249,GOOG,BUY,2,25,206.72000122070312,192.24960113525393,310.0800018310547,3.0405773362482957,0.8833134186939873,7.942147746928296,4.311284746442523,2.0855672992375855,25697700,19871275.0,"LOW conviction: 50, trend: 100, vol: 1.3x, daily: 3.0%",93,A,2495875383296,22.01491,23.097208,0,34.829,16.792,31.118000000000002,58.943003000000004,32.429,13.8,22.3,19.400000000000002,0,1.904,1.72,0.11481,0,49786499072,133707997184,29.983,6.8945737,6.588,17.371,217.19473,237.0,185.0,1.55224,19,100,0,1.2758595694060217,20,50
2025-08-23,249,FSLR,BUY,2,25,202.27999877929688,188.1203988647461,303.4199981689453,5.354166030883789,1.1652922563723855,12.521551967434785,10.672859191894531,5.276280035743645,4425600,3636625.0,"LOW conviction: 50, trend: 100, vol: 1.3x, daily: 5.4%",73,B,21694126080,17.303679,9.697027,0,15.916,7.13,28.951,42.758998,32.958,8.6,-2.1999999999999997,-2.1,0,1.901,1.212,0.12486000000000001,0,-1397291648,298856992,79.686,2.5384636,4.975,11.694,218.65933,287.0,100.0,1.58824,30,100,0,1.2580786839296196,20,50
2025-08-23,249,URI,BUY,2,25,929.9500122070312,864.8535113525392,1394.9250183105469,4.474679516057822,2.3182386245734765,15.99986965879916,22.951770228259225,2.4680649418766345,767800,498155.0,"LOW conviction: 50, trend: 90, vol: 1.5x, daily: 4.5%",40,C,59834101760,24.098211,19.845284,0,29.302,8.9449994,16.108998999999997,39.513999999999996,25.615,4.5,0.5,-2.1999999999999997,0,0.859,0.711,1.59989,0,2309625088,5005000192,140.186,6.6336865,4.682,16.343,894.55554,1075.0,592.0,2.28571,18,90,0,1.5252132974444037,15,50
2025-08-23,249,DVN,BUY,2,25,35.15999984741211,32.69879985809327,52.739999771118164,3.747419535662755,4.363316356854141,5.776167484940609,0.9550000599452427,2.7161549035545116,8408800,7584070.0,"LOW conviction: 50, trend: 90, vol: 1.1x, daily: 3.7%",40,C,22319568896,7.9189186,7.883408,0,20.727,9.093001000000001,17.659001,50.617999999999995,25.078,-0.7000000000000001,5.2,6.5,0,1.222,1.008,0.59266,0,-1337124992,6814000128,23.679,1.48486,1.857,3.861,45.10714,66.0,33.0,1.82759,28,90,15,1.1291769394803701,20,50
2025-08-23,249,GOOGL,BUY,2,25,206.08999633789062,191.6636965942383,309.13499450683594,3.1739656259777815,1.0740571392650722,8.337276437238316,4.369998386928013,2.1204320755886044,42782300,31367295.0,"LOW conviction: 50, trend: 100, vol: 1.4x, daily: 3.2%",93,A,2495873548288,21.971214,23.001116,0,34.829,16.792,31.118000000000002,58.943003000000004,32.429,13.8,22.3,19.400000000000002,0,1.904,1.72,0.11481,0,49786499072,133707997184,29.983,6.8735614,6.567,17.317,216.52293,248.0,166.0,1.55224,51,100,0,1.3704599747417112,20,50
2025-08-23,249,GOOG,BUY,2,25,206.72000122070312,192.24960113525393,310.0800018310547,3.0405773362482957,0.8833134186939873,7.942147746928296,4.311284746442523,2.0855672992375855,25697700,19871275.0,"LOW conviction: 50, trend: 100, vol: 1.3x, daily: 3.0%",93,A,2495875383296,22.01491,23.097208,0,34.829,16.792,31.118000000000002,58.943003000000004,32.429,13.8,22.3,19.400000000000002,0,1.904,1.72,0.11481,0,49786499072,133707997184,29.983,6.8945737,6.588,17.371,217.19473,237.0,185.0,1.55224,19,100,0,1.2758595694060217,20,50
2025-08-23,249,GOOG,BUY,2,25,206.72000122070312,192.24960113525393,310.0800018310547,3.0405773362482957,0.8833134186939873,7.942147746928296,4.311284746442523,2.0855672992375855,25697700,19871275.0,"LOW conviction: 50, trend: 100, vol: 1.3x, daily: 3.0%",93,A,2495875383296,22.01491,23.097208,0,34.829,16.792,31.118000000000002,58.943003000000004,32.429,13.8,22.3,19.400000000000002,0,1.904,1.72,0.11481,0,49786499072,133707997184,29.983,6.8945737,6.588,17.371,217.19473,237.0,185.0,1.55224,19,100,0,1.2758595694060217,20,50
2025-08-23,249,GOOGL,BUY,2,25,206.08999633789062,191.6636965942383,309.13499450683594,3.1739656259777815,1.0740571392650722,8.337276437238316,4.369998386928013,2.1204320755886044,42782300,31367295.0,"LOW conviction: 50, trend: 100, vol: 1.4x, daily: 3.2%",93,A,2495873548288,21.971214,23.001116,0,34.829,16.792,31.118000000000002,58.943003000000004,32.429,13.8,22.3,19.400000000000002,0,1.904,1.72,0.11481,0,49786499072,133707997184,29.983,6.8735614,6.567,17.317,216.52293,248.0,166.0,1.55224,51,100,0,1.3704599747417112,20,50
2025-08-23,253,ANZ.AX,BUY,2,25,33.869998931884766,31.499099006652834,50.80499839782715,-0.14740341910254307,2.388141043234304,10.79489456985263,0.5921431950160435,1.7482822961018984,7132823,5892174.95,"LOW conviction: 50, trend: 100, vol: 1.2x, daily: -0.1%",36,D,101059608576,15.18834,14.4743595,0,9.558,0.569,32.084998,0.0,48.758,9.5,7.000000000000001,6.9,0,0.0,0.0,0.0,0,0,-25147000832,24.118,1.4043453,4.074,0.0,29.5138,34.65,26.39,3.0,13,100,0,1.23550331558478,20,50
2025-08-23,253,NAB.AX,BUY,2,25,42.470001220703125,39.49710113525391,63.70500183105469,0.18872807786409762,8.369488923020096,14.166667606668204,0.8032144818987165,1.8912513746459896,7484052,4594895.05,"LOW conviction: 50, trend: 90, vol: 1.7x, daily: 0.2%",28,D,129741185024,18.959822,17.995764,0,0.0,0.0,34.893,0.0,51.019999999999996,-3.1,4.9,3.9,0,0.0,0.0,0.0,0,0,0,20.351,2.0868754,12.127,0.0,35.30154,42.37,29.0,3.46154,13,90,0,1.7194288806400477,15,50
2025-08-23,253,PNR.AX,BUY,2,25,4.320000171661377,4.017600159645081,6.480000257492065,1.170964659442797,0.232023875048748,12.500006984919466,0.14357146195002965,3.32341333900492,2244849,1685688.05,"LOW conviction: 50, trend: 100, vol: 1.4x, daily: 1.2%",35,D,1701177216,0,216.00002,0,-6.934,-1.595,-9.3030006,0.70999996,3.314,63.6,0.0,0.0,0,1.478,1.272,0.15134,0,9964518,84961960,1.119,3.8605902,5.529,26.722,3.82,4.5,3.15,1.4,5,100,0,1.3873370252164692,20,50
2025-08-23,253,SEK.AX,BUY,2,25,28.18000030517578,26.207400283813477,42.27000045776367,-1.8118482367260214,12.00318154244464,15.8717132351488,0.6728574207850865,2.3877126100012984,1508088,1262230.6,"LOW conviction: 50, trend: 100, vol: 1.2x, daily: -1.8%",23,D,10066459648,42.0597,49.4386,0,9.039,3.486,22.352,59.572,25.018,6.6000000000000005,0.0,0.0,0,0.699,0.632,0.46590000000000004,0,163375008,330000000,7.571,3.7220974,10.14,39.389,29.83,32.5,22.6,1.73333,15,100,0,1.2255570290817952,20,50
2025-08-23,253,TCL.AX,BUY,2,25,14.789999961853027,13.754699964523317,22.18499994277954,0.13540625233252612,5.642856870378776,8.351651100232772,0.2017857006617955,1.364338750387082,5808139,3930967.25,"LOW conviction: 50, trend: 90, vol: 1.5x, daily: 0.1%",28,D,45972938752,369.75,77.84211,0,0.0,0.0,4.721,53.873000000000005,24.006,-2.9000000000000004,0.0,84.39999999999999,0,0.0,0.0,0.0,0,0,0,3.303,4.4777474,0.0,0.0,14.18308,16.1,12.88,2.92308,13,90,0,1.5282092372538447,15,50
2025-08-23,253,WOW.AX,BUY,2,25,33.119998931884766,30.801599006652832,49.67999839782715,-1.457904402167376,2.3802179106117816,5.983996582031259,0.44249916076660156,1.3360482338077786,3236537,2056597.1,"LOW conviction: 50, trend: 90, vol: 1.6x, daily: -1.5%",30,D,40459390976,24.902254,22.841377,0,31.194,8.538,2.352,27.229,4.0359996,3.6999999999999997,0.0,0.0,0,0.61,0.201,3.3719900000000003,0,2209125120,3676000000,4.2,7.8857145,0.822,9.654,32.75333,36.3,30.0,2.53333,15,90,0,1.6401876395777897,15,50
2025-08-23,253,A2M.AX,BUY,2,25,8.899999618530273,8.276999645233154,13.34999942779541,0.9070286448309206,11.528817008243596,14.543109914770124,0.22678565979003906,2.548153590005321,3716621,2596516.65,"LOW conviction: 50, trend: 100, vol: 1.4x, daily: 0.9%",85,A,6443768832,35.6,32.96296,0,14.295,8.434,10.682,46.078,14.321,16.7,35.0,35.0,0,3.224,2.649,0.07041,0,151041504,201476992,2.004,4.441118,2.856,20.217,8.197053,9.333284,7.2477756,2.27273,11,100,0,1.4315863534607411,20,50
2025-08-23,253,GDI.AX,BUY,2,25,0.6850000023841858,0.6370500022172928,1.0275000035762787,2.2388037792902438,3.0075158317550033,0.7352934086817919,0.010357132979801722,1.511990210766871,961218,407830.05,"LOW conviction: 50, trend: 80, vol: 2.5x, daily: 2.2%",50,C,368150528,13.7,9.785714,0,2.7390001,2.516,3.698,68.371004,57.243997,18.0,19.0,19.2,0,1.262,0.758,0.5386,0,4153125,22167000,0.046,14.891304,17.882,31.663,0.885,0.97,0.8,0.0,2,80,0,2.522410179198772,10,50
2025-08-23,253,LLC.AX,BUY,2,25,5.539999961853027,5.152199964523316,8.309999942779541,0.17286343288722694,2.8802282909200283,9.17500772658244,0.1573130216700736,2.8395852482543216,6416885,2094012.05,"LOW conviction: 47, trend: 65, vol: 3.5x, daily: 0.2%",10,F,3823669248,16.787878,12.88372,0,4.492,-0.044000000000000004,2.9040000999999998,7.098,0.155,-27.700000000000003,0.0,0.0,0,0.819,0.551,0.84319,0,201000000,-820000000,7.503,0.7383713,0.97,187.895,6.5575,8.0,5.9,2.625,8,65,0,3.5038985870468204,15,47
2025-08-23,249,TXN,BUY,2,25,206.05999755859375,191.6357977294922,309.0899963378906,2.6655326918271216,5.905324460017525,11.435905912032428,4.787140982491629,2.3231782195524837,6177100,6426770.0,"LOW conviction: 45, trend: 80, vol: 1.0x, daily: 2.7%",70,B,187336769536,37.739925,35.044216,0,29.990998,10.406,30.231002,58.026999999999994,35.027,16.400000000000002,15.6,14.899999999999999,0,5.812,3.739,0.85612,0,-1568999936,6439000064,18.045,11.4192295,11.755,26.105,205.72575,260.0,125.0,0.0,33,80,15,0.9548025699029524,20,45
2025-08-23,249,INTC,BUY,2,25,24.799999237060547,23.06399929046631,37.19999885559082,5.531911647066168,0.9771977863882952,5.57683898981165,1.4178570338657923,5.717165635017357,197891400,136642470.0,"LOW conviction: 45, trend: 90, vol: 1.4x, daily: 5.5%",13,F,108549595136,0,25.567009,0,-18.616,-0.853,-38.636002000000005,32.921,-3.803,0.2,0.0,0.0,0,1.24,0.674,0.47997,0,-8320625152,10081999872,22.363,1.1089746,2.75,15.864,21.94714,28.0,14.0,3.02273,35,90,0,1.4236608544271572,20,45
2025-08-23,249,RMD,BUY,2,25,293.7300109863281,273.16891021728514,440.5950164794922,1.8693260445634463,3.1029505715738814,7.671886704140807,5.342338654525752,1.8187922427764502,627100,1120380.0,"LOW conviction: 45, trend: 100, vol: 0.5x, daily: 1.9%",88,A,43006480384,30.85399,28.54519,0,25.863000000000003,14.017999,27.217999999999996,59.986,33.87,10.2,30.3,29.9,0,3.44,2.159,0.14273,0,1207525632,1751587968,40.768,7.2049155,8.287,22.925,291.85715,325.0,215.0,2.05556,14,100,0,0.5490185778571554,25,45
2025-08-23,249,PNC,BUY,2,25,201.69000244140625,187.5717022705078,302.5350036621094,3.963918784230036,5.447795229879437,1.9872613489754443,3.323572431291853,1.6478617636277715,1835600,1537115.0,"LOW conviction: 45, trend: 90, vol: 1.2x, daily: 4.0%",48,C,79426936832,13.7954855,13.437042,0,11.373,1.125,29.228001999999996,0.0,37.432998,4.5,13.700000000000001,11.5,0,0.0,0.0,0.0,0,0,6057999872,131.614,1.5324358,6.433,0.0,214.95454,238.0,186.0,0.0,22,90,15,1.1948964978518422,15,45
2025-08-23,249,TFC,BUY,2,25,45.90999984741211,42.69629985809326,68.86499977111816,4.17517623174386,3.354348806588825,1.4272765771858653,0.8778329500874723,1.9120735199413308,6669000,6232160.0,"LOW conviction: 45, trend: 90, vol: 1.1x, daily: 4.2%",48,C,59198189568,12.441734,11.622785,0,8.128,0.983,28.729,0.0,37.097,0.0,46.6,37.3,0,0.0,0.0,0.0,0,0,3968999936,45.705,1.0044852,4.27,0.0,48.69048,55.0,46.0,2.18182,21,90,15,1.0734566947384687,15,45
2025-08-23,249,FITB,BUY,2,25,44.790000915527344,41.65470085144043,67.18500137329102,4.454290577973774,5.437856398737173,4.796441639105908,0.7799995967320034,1.7414592114053766,4092400,3496520.0,"LOW conviction: 45, trend: 90, vol: 1.2x, daily: 4.5%",38,D,29645918208,13.953271,12.271233,0,11.569,1.1030001,29.201,0.0,38.995999999999995,4.3999999999999995,8.6,4.5,0,0.0,0.0,0.0,0,0,4297999872,28.467,1.5734009,5.73,0.0,47.95455,54.0,43.0,1.91667,22,90,15,1.163875052080593,15,45
2025-08-23,249,ZION,BUY,2,25,55.86000061035156,51.94980056762696,83.79000091552734,4.411216094115078,6.0565835433939785,-0.370280233343967,1.2199635733419345,2.1839662728465132,1594500,1391720.0,"LOW conviction: 45, trend: 90, vol: 1.1x, daily: 4.4%",66,B,8246276608,10.193431,11.423313,0,13.375,0.9560000000000001,26.590999999999998,0.0,39.571,8.799999999999999,27.3,21.4,0,0.0,0.0,0.0,0,0,753000000,44.24,1.2626582,3.658,0.0,61.14286,69.0,55.0,0.0,21,90,15,1.1370281101587347,15,45
2025-08-23,249,EXPE,BUY,2,25,214.80999755859375,199.77329772949219,322.2149963378906,4.606764633018523,3.5528321589126666,11.769600306906568,7.06214359828404,3.287623331571287,2217300,2142625.0,"LOW conviction: 45, trend: 100, vol: 1.1x, daily: 4.6%",35,D,26575433728,26.454433,14.958914,0,52.707,4.0260002,7.9399999999999995,89.606005,14.025000000000002,6.4,-11.4,-14.499999999999998,0,0.751,0.594,3.11457,0,1759000064,2777999872,6.715,31.989574,1.973,14.576,222.45454,290.0,168.0,2.25,33,100,0,1.0544888180812992,25,45
2025-08-23,249,LVS,BUY,2,25,55.04999923706055,51.19649929046631,82.57499885559082,2.8779685364101804,2.590382768544619,13.60423745925634,1.0378573281424386,1.885299441464363,4015000,4099180.0,"LOW conviction: 45, trend: 100, vol: 0.9x, daily: 2.9%",80,A,37789294592,27.80303,20.01818,0,54.144999999999996,7.335,12.157,79.363,24.913,15.0,38.4,30.599999999999998,0,1.218,1.138,6.932519999999999,0,832249984,2380000000,2.898,18.99586,4.343,12.827,58.23333,72.5,45.0,0.0,18,100,0,0.9457595697795073,25,45
2025-08-23,249,MHK,BUY,2,25,133.2100067138672,123.8853062438965,199.81501007080078,7.280348456333274,4.005312936815297,14.196318020891274,4.1614276341029575,3.1239602314874384,1064200,922035.0,"LOW conviction: 45, trend: 100, vol: 1.1x, daily: 7.3%",28,D,8276590592,17.69057,11.947086,0,5.947,3.402,4.439,25.296000000000003,7.7829999999999995,0.0,-4.9,-6.9,0,2.126,0.982,0.31684999999999997,0,557837504,926600000,133.314,0.99921995,0.97,7.649,135.9375,150.0,120.0,2.11765,16,100,0,1.0822354538382137,25,45
2025-08-23,249,UAL,BUY,2,25,102.9800033569336,95.77140312194825,154.4700050354004,5.9574038173504595,2.0311136882585457,13.878141114016461,3.3421423775809154,3.2454284993533076,6040000,5158125.0,"LOW conviction: 45, trend: 100, vol: 1.2x, daily: 6.0%",35,D,33337921536,10.328987,8.517783,0,27.708,4.585999999999999,5.71,34.657001,11.833999,1.7000000000000002,-25.0,-26.5,0,0.699,0.617,2.45166,0,2323624960,9649000448,41.3,2.4934626,0.871,6.067,107.55,130.0,43.0,1.45455,20,100,0,1.179851112165945,25,45
2025-08-23,249,CHRW,BUY,2,25,125.18000030517578,116.41740028381348,187.77000045776367,1.9381084643905533,3.2497546278690947,24.44577479124781,2.3371434892926897,1.8670262690485524,1577400,1671100.0,"LOW conviction: 45, trend: 100, vol: 0.9x, daily: 1.9%",55,C,14782630912,28.514807,26.298319,0,32.432997,9.0500005,3.141,8.2100004,5.314,-7.7,20.0,20.8,0,1.313,1.256,0.94807,0,576097024,709644032,15.081,8.30051,0.959,19.758,117.0,136.0,71.0,2.07692,25,100,0,0.948483982983329,25,45
2025-08-23,249,ALLE,BUY,2,25,172.24000549316406,160.1832051086426,258.3600082397461,3.008192439047197,3.0328452352406554,11.583314856253924,2.6342860630580356,1.5294275307966048,754400,892340.0,"LOW conviction: 45, trend: 90, vol: 0.8x, daily: 3.0%",50,C,14786200576,23.922224,22.1104,0,38.994,10.665,16.153000000000002,44.827998,21.497,5.800000000000001,4.5,2.8000000000000003,0,2.303,1.557,1.24847,0,548974976,765100032,20.811,8.276392,4.22,17.516,171.27274,182.0,155.0,2.58333,11,90,15,0.8138431000258911,15,45
2025-08-23,249,FAST,BUY,2,25,50.38999938964844,46.86269943237305,75.58499908447266,2.5437525753476464,3.0891945346502636,6.742554893955099,0.9042857033865792,1.7945737534030326,5442500,5860855.0,"LOW conviction: 45, trend: 100, vol: 0.9x, daily: 2.5%",78,B,57829580800,48.922333,23.009132,0,32.564998,20.308999999999997,15.295,45.064998,20.963,8.6,15.1,12.8,0,4.22,1.904,0.14319,0,657049984,1120499968,3.318,15.186859,7.478,33.383,44.05,55.0,29.5,2.82353,10,100,0,0.9280954134948569,25,45
2025-08-23,249,SWK,BUY,2,25,77.52999877929688,72.1028988647461,116.29499816894531,6.016684932492944,4.685392026860091,4.6430052793065,2.3785721915108815,3.067937867872172,3594600,2261525.0,"LOW conviction: 45, trend: 80, vol: 1.7x, daily: 6.0%",15,F,12001024000,24.53481,14.122041,0,5.3790003,2.636,3.1550000000000002,29.508000000000003,5.1609997,-2.0,0.0,0.0,0,1.043,0.281,0.78818,0,833287488,759200000,58.564,1.3238509,1.242,12.971,86.74333,120.15,64.0,2.47368,15,80,0,1.6558071403400887,15,45
2025-08-23,249,XYL,BUY,2,25,143.74000549316406,133.67820510864257,215.6100082397461,2.5103439179982034,2.080823794738773,9.084010649307373,2.0585730416434154,1.432150384703663,1186100,1243090.0,"LOW conviction: 45, trend: 100, vol: 1.0x, daily: 2.5%",50,C,34987753472,37.432293,30.261053,0,8.625,4.585999999999999,10.745000000000001,37.812,14.341999999999999,6.1,16.1,16.5,0,1.899,1.31,0.18782,0,929124992,1224000000,45.497,3.1593292,4.144,20.301,157.5625,175.0,125.0,1.95238,16,100,0,0.9779767647034573,25,45
2025-08-23,249,PSX,BUY,2,25,129.94000244140625,120.84420227050782,194.91000366210938,4.411414727030749,6.157980864320578,2.637374054273356,2.947694561956158,2.2685043147396886,2674100,2179010.0,"LOW conviction: 45, trend: 80, vol: 1.2x, daily: 4.4%",10,F,52511875072,30.864609,13.692308,0,6.183000000000001,1.3040001,1.2920001,9.988,4.42,-12.6,-9.8,-13.600000000000001,0,1.071,0.629,0.7313,0,-119125000,3361999872,68.026,1.910152,0.553,19.269,136.0,158.0,125.0,2.1,19,80,15,1.1998905152067199,20,45
2025-08-23,249,DD,BUY,2,25,77.31999969482422,71.90759971618652,115.97999954223633,3.715622440878086,5.80185790576675,0.9663069288011528,2.031427655901228,2.6272990997401817,2187800,3172290.0,"LOW conviction: 45, trend: 90, vol: 0.7x, daily: 3.7%",13,F,32375197696,454.82352,17.612757,0,0.461,3.4840000000000004,-1.539,37.138,16.273001,2.7,-66.9,-66.9,0,1.411,0.864,0.32667,0,1445500032,1956999936,55.086,1.4036235,3.068,11.965,88.625,113.0,47.0,1.41176,16,90,15,0.6891663726626682,15,45
2025-08-23,249,TXN,BUY,2,25,206.05999755859375,191.6357977294922,309.0899963378906,2.6655326918271216,5.905324460017525,11.435905912032428,4.787140982491629,2.3231782195524837,6177100,6426770.0,"LOW conviction: 45, trend: 80, vol: 1.0x, daily: 2.7%",70,B,187336769536,37.739925,35.044216,0,29.990998,10.406,30.231002,58.026999999999994,35.027,16.400000000000002,15.6,14.899999999999999,0,5.812,3.739,0.85612,0,-1568999936,6439000064,18.045,11.4192295,11.755,26.105,205.72575,260.0,125.0,0.0,33,80,15,0.9548025699029524,20,45
2025-08-23,249,PNC,BUY,2,25,201.69000244140625,187.5717022705078,302.5350036621094,3.963918784230036,5.447795229879437,1.9872613489754443,3.323572431291853,1.6478617636277715,1835600,1537115.0,"LOW conviction: 45, trend: 90, vol: 1.2x, daily: 4.0%",48,C,79426936832,13.7954855,13.437042,0,11.373,1.125,29.228001999999996,0.0,37.432998,4.5,13.700000000000001,11.5,0,0.0,0.0,0.0,0,0,6057999872,131.614,1.5324358,6.433,0.0,214.95454,238.0,186.0,0.0,22,90,15,1.1948964978518422,15,45
2025-08-23,249,PSX,BUY,2,25,129.94000244140625,120.84420227050782,194.91000366210938,4.411414727030749,6.157980864320578,2.637374054273356,2.947694561956158,2.2685043147396886,2674100,2179010.0,"LOW conviction: 45, trend: 80, vol: 1.2x, daily: 4.4%",10,F,52511875072,30.864609,13.692308,0,6.183000000000001,1.3040001,1.2920001,9.988,4.42,-12.6,-9.8,-13.600000000000001,0,1.071,0.629,0.7313,0,-119125000,3361999872,68.026,1.910152,0.553,19.269,136.0,158.0,125.0,2.1,19,80,15,1.1998905152067199,20,45
2025-08-23,249,TFC,BUY,2,25,45.90999984741211,42.69629985809326,68.86499977111816,4.17517623174386,3.354348806588825,1.4272765771858653,0.8778329500874723,1.9120735199413308,6669000,6232160.0,"LOW conviction: 45, trend: 90, vol: 1.1x, daily: 4.2%",48,C,59198189568,12.441734,11.622785,0,8.128,0.983,28.729,0.0,37.097,0.0,46.6,37.3,0,0.0,0.0,0.0,0,0,3968999936,45.705,1.0044852,4.27,0.0,48.69048,55.0,46.0,2.18182,21,90,15,1.0734566947384687,15,45
2025-08-23,249,FAST,BUY,2,25,50.38999938964844,46.86269943237305,75.58499908447266,2.5437525753476464,3.0891945346502636,6.742554893955099,0.9042857033865792,1.7945737534030326,5442500,5860855.0,"LOW conviction: 45, trend: 100, vol: 0.9x, daily: 2.5%",78,B,57829580800,48.922333,23.009132,0,32.564998,20.308999999999997,15.295,45.064998,20.963,8.6,15.1,12.8,0,4.22,1.904,0.14319,0,657049984,1120499968,3.318,15.186859,7.478,33.383,44.05,55.0,29.5,2.82353,10,100,0,0.9280954134948569,25,45
2025-08-23,253,FMG.AX,BUY,2,25,19.5,18.135,29.25,-1.0654444151552034,-1.7137104333315278,7.0840251531220755,0.42250033787318636,2.1666683993496734,8087921,6536026.1,"LOW conviction: 45, trend: 100, vol: 1.2x, daily: -1.1%",60,B,60039720960,9.898477,12.580646,0,20.09,12.558,23.853001,43.875998,31.671,-19.7,-53.5,-53.5,0,2.703,1.89,0.28338,0,2740000000,6178999808,6.251,3.1195009,3.79,7.533,17.5808,20.288832,15.438427,3.05882,17,100,0,1.2368026644488412,15,45
2025-08-23,253,BCI.AX,BUY,2,25,0.3499999940395355,0.325499994456768,0.5249999910593033,1.4492739851898806,0.0,2.9411736347271455,0.009107136300631933,2.602038987350155,1570767,1069584.8,"LOW conviction: 45, trend: 90, vol: 1.5x, daily: 1.4%",40,C,1010628480,0,-35.0,0,-8.123,-4.419,0.0,0.0,-12037.103000000001,4320.0,0.0,0.0,0,2.791,2.431,0.16295,0,-362509888,-48124000,0.275,1.2727273,4985.741,-21.277,0.5,0.5,0.5,0.0,1,90,0,1.5214050879904057,10,45
2025-08-23,253,ALD.AX,BUY,2,25,29.610000610351562,27.537300567626954,44.415000915527344,-1.3657556334449539,1.5780480200379587,6.625855679715986,0.6446429661342076,2.1771123027563952,1333313,940327.8,"LOW conviction: 45, trend: 100, vol: 1.5x, daily: -1.4%",0,F,7056122368,0,13.520548,0,-2.3120001,0.721,-0.43200003,6.731,0.76599997,-16.2,0.0,0.0,0,0.935,0.363,1.00753,0,524087488,1366700032,13.074,2.2648003,0.343,24.196,32.645,36.5,28.5,2.0,10,100,0,1.4651586730602773,15,45
2025-08-23,253,SPK.AX,BUY,2,25,2.3399999141693115,2.17619992017746,3.5099998712539673,0.8620681681899223,2.1834040676500743,1.7391288122742932,0.055714283670697896,2.3809523809523814,4048638,1857404.55,"LOW conviction: 45, trend: 80, vol: 2.4x, daily: 0.9%",40,C,4421008384,19.5,12.315789,0,16.206,6.318,6.98,30.040001999999998,12.43,0.0,0.0,0.0,0,1.349,0.87,1.5927600000000002,0,-33250000,680000000,0.805,2.9068322,1.828,8.51,3.15,3.3,3.0,2.25,2,80,0,2.3899075845354134,5,45
2025-08-23,253,ERD.AX,BUY,2,25,2.200000047683716,2.0460000443458557,3.3000000715255737,2.8037355064628677,4.265410287321525,76.00000381469727,0.1485714316368103,6.753246746209605,495682,712790.6,"LOW conviction: 45, trend: 100, vol: 0.7x, daily: 2.8%",40,C,412304224,220.00002,44.89796,0,0.42900000000000005,0.8069999499999999,0.72000003,25.102999999999998,3.553,5.800000000000001,371.20000000000005,383.3,0,1.057,0.485,0.09827999999999999,0,22262500,43200000,1.774,1.2401353,2.213,14.634,1.8,1.8,1.8,0.0,1,100,0,0.7120974624878229,25,45
2025-08-23,253,MND.AX,BUY,2,25,21.079999923706055,19.604399929046632,31.619999885559082,1.443692142191999,4.253217801958908,9.848876170139476,0.5778568812779018,2.741256562473029,317599,279426.75,"LOW conviction: 45, trend: 100, vol: 1.2x, daily: 1.4%",83,A,2092788608,25.09524,26.683544,0,17.385,6.819,3.871,7.543000599999999,4.147,12.4,26.900000000000002,28.299999999999997,0,1.575,1.57,0.16129000000000002,0,52438468,81039000,5.037,4.1850305,0.905,15.283,19.42675,24.40445,15.95,2.71429,14,100,0,1.1735057337907162,25,45
2025-08-23,253,PWH.AX,BUY,2,25,7.75,7.2075000000000005,11.625,-7.185632982739065,-6.174336740313569,-2.0227541150263817,0.36428563935416086,4.700459862634334,2692909,363314.85,"LOW conviction: 45, trend: 80, vol: 11.2x, daily: -7.2%",15,F,779371008,77.5,25.833332,0,9.707,5.1230002,7.507,78.79599999999999,11.946,-10.6,-62.2,-62.2,0,2.138,1.107,0.60527,0,-16542750,25228000,1.004,7.719124,6.426,38.328,8.34392,9.0,7.9,1.85714,7,80,0,11.201803164397944,5,45
2025-08-23,253,RFF.AX,BUY,2,25,1.9700000286102295,1.8321000266075136,2.9550000429153442,1.0256400224333495,2.0725431165496966,7.0652170039868345,0.03339288915906634,1.695070491071207,766109,590423.45,"LOW conviction: 45, trend: 90, vol: 1.3x, daily: 1.0%",35,D,767754368,24.625,16.416668,0,4.625,1.9369999999999998,39.831,72.683996,48.069,17.1,-74.4,-74.2,0,0.912,0.454,0.74054,0,-48752376,34286000,2.749,0.7166242,12.573,20.782,2.21034,2.51199,1.93,1.6,5,90,0,1.3364016191184998,20,45
2025-08-23,253,AEF.AX,BUY,2,25,8.149999618530273,7.579499645233155,12.22499942779541,2.515720931616272,4.219941683182693,6.955377177572042,0.2978570801871164,3.654688271517126,204148,220895.55,"LOW conviction: 45, trend: 100, vol: 0.9x, daily: 2.5%",90,A,924372928,62.692307,35.43478,0,47.457,40.588,13.376,66.25700599999999,29.764998,21.3,50.5,52.1,0,2.281,2.149,0.07053,0,27988000,27209000,0.309,26.375404,8.071,26.814,7.0,7.0,7.0,0.0,1,100,0,0.9349709109678224,25,45
2025-08-23,253,PWH.AX,BUY,2,25,7.75,7.2075000000000005,11.625,-7.185632982739065,-6.174336740313569,-2.0227541150263817,0.36428563935416086,4.700459862634334,2692909,363314.85,"LOW conviction: 45, trend: 80, vol: 11.2x, daily: -7.2%",15,F,779371008,77.5,25.833332,0,9.707,5.1230002,7.507,78.79599999999999,11.946,-10.6,-62.2,-62.2,0,2.138,1.107,0.60527,0,-16542750,25228000,1.004,7.719124,6.426,38.328,8.34392,9.0,7.9,1.85714,7,80,0,11.201803164397944,5,45
2025-08-23,249,ADI,BUY,2,25,252.1999969482422,234.54599716186524,378.2999954223633,2.1259364506492906,8.880538631355893,10.57523453329936,6.541428702218192,2.5937465429710764,4989100,3771005.0,"LOW conviction: 40, trend: 80, vol: 1.4x, daily: 2.1%",70,B,124071051264,64.17303,33.448277,0,5.652,3.3869999999999996,18.847998999999998,60.150999999999996,28.551,24.6,31.6,32.2,0,2.324,1.686,0.25541,0,3380657152,4162209024,69.286,3.6399848,12.449,27.827,267.46875,310.0,155.0,1.74286,32,80,0,1.3645103149879798,20,40
2025-08-23,249,HUM,BUY,2,25,299.510009765625,278.54430908203125,449.2650146484375,1.71155245832475,4.581163604217542,26.31157891918967,7.935712541852679,2.6495650506180404,1615500,1882160.0,"LOW conviction: 40, trend: 90, vol: 0.9x, daily: 1.7%",28,D,36022669312,22.933384,17.78563,0,9.034,4.686,1.28,15.035000000000002,3.578,9.6,-19.8,-19.7,0,1.952,1.522,0.70626,0,-1002499968,2932000000,151.607,1.9755685,0.222,6.799,291.81818,353.0,250.0,2.44,22,90,0,0.8593656493117894,25,40
2025-08-23,249,IDXX,BUY,2,25,645.5499877929688,600.361488647461,968.3249816894531,1.9745676077775887,-0.8128017399388954,19.395945205627907,16.368573869977677,2.535601298040325,352300,793820.0,"LOW conviction: 40, trend: 100, vol: 0.4x, daily: 2.0%",63,B,51647037440,53.751038,53.97575,0,64.865,23.259,24.410999,61.53999999999999,33.623999999999995,10.6,48.8,44.6,0,1.113,0.677,0.84813,0,625739008,905809024,18.201,35.46783,13.057,37.851,695.0909,785.0,420.0,2.23077,11,100,0,0.4245703680493625,20,40
2025-08-23,249,ZBH,BUY,2,25,107.70999908447266,100.17029914855958,161.56499862670898,3.150738338650716,4.8272497172483275,10.664745770205108,2.702142987932478,2.5087206488724365,1099300,1765090.0,"LOW conviction: 40, trend: 90, vol: 0.6x, daily: 3.2%",30,D,21336920064,26.270733,12.524418,0,6.529,4.359,10.512,71.248,19.521,7.000000000000001,-34.699999999999996,-37.1,0,1.872,0.803,0.61603,0,1293074944,1663000064,63.29,1.7018486,3.639,11.014,110.91667,138.0,96.0,2.5,24,90,0,0.6233484922372047,25,40
2025-08-23,249,MS,BUY,2,25,148.02000427246094,137.65860397338867,222.0300064086914,2.763129111247542,2.343911550300515,4.808627191422943,2.7928564889090404,1.8868101663936043,6759600,4762755.0,"LOW conviction: 40, trend: 90, vol: 1.5x, daily: 2.8%",58,C,236290244608,16.744345,18.665827,0,14.127999999999998,1.161,22.489999,86.474997,34.117,11.1,17.0,15.1,0,2.135,1.7,4.38541,0,0,-17670000640,61.587,2.4034293,2.489,0.0,143.65,160.0,122.0,2.5,20,90,0,1.4701414224894926,15,40
2025-08-23,249,TRV,BUY,2,25,276.2900085449219,256.9497079467774,414.4350128173828,0.4983249855498917,4.028770795048464,4.362778097982711,4.310001918247768,1.559955765663168,1457600,1212705.0,"LOW conviction: 40, trend: 90, vol: 1.2x, daily: 0.5%",75,B,62202273792,12.225222,13.001883,0,19.294000999999998,3.215,10.966,26.832,16.341998999999998,7.3999999999999995,185.20000000000002,182.6,0,0.321,0.189,0.27216999999999997,0,15664374784,9633000448,131.133,2.106945,1.358,8.564,290.7,320.0,233.0,2.43478,20,90,0,1.2151375324604952,15,40
2025-08-23,249,PRU,BUY,2,25,109.88999938964844,102.19769943237306,164.83499908447266,2.538024883060319,5.078600109722076,5.647131222542545,2.0777955076655945,1.8907958132733609,1957200,1813115.0,"LOW conviction: 40, trend: 70, vol: 1.1x, daily: 2.5%",10,F,38675017728,24.204845,7.4805994,0,5.795999999999999,0.17499999,2.7550000000000003,25.239,5.391,-7.8,-54.900000000000006,-55.50000000000001,0,0.883,0.772,1.49725,0,-10891374592,2083000064,86.895,1.2646297,0.908,22.421,115.71429,136.0,88.0,2.875,14,70,15,1.1048887885288472,20,40
2025-08-23,249,LOW,BUY,2,25,263.7300109863281,245.26891021728517,395.5950164794922,3.160577853608504,4.629855407747341,15.362412091427258,6.1785703386579245,2.3427634631153995,3796400,3262865.0,"LOW conviction: 40, trend: 90, vol: 1.2x, daily: 3.2%",28,D,147952533504,21.65271,20.881235,0,0.0,14.345999,8.202,33.464,14.479000000000001,1.6,2.4,0.6,0,1.047,0.243,0.0,0,6882749952,9820000256,-20.321,-12.978201,2.174,14.501,276.9355,325.0,221.0,1.97143,31,90,0,1.195445442293401,25,40
2025-08-23,249,TPG,BUY,2,25,60.939998626708984,56.67419872283936,91.40999794006348,1.4145423064780616,-3.1006531751698763,9.315271342150822,1.8730495378294332,3.073596291497957,1960800,2011205.0,"LOW conviction: 40, trend: 100, vol: 1.0x, daily: 1.4%",25,D,23027458048,0,23.804688,0,3.1350000000000002,1.01,1.6019999999999999,23.647000000000002,6.052,23.7,0.0,0.0,0,3.951,3.917,0.64683,0,1005519872,464912992,6.86,8.883382,3.281,41.06,65.16667,70.0,58.0,2.15385,12,100,0,1.0023822425797744,20,40
2025-08-23,249,AZO,BUY,2,25,4110.60986328125,3822.867172851563,6165.914794921875,-0.41379266290483274,2.588028017762034,9.000340135305752,61.95286342075893,1.5071453015807665,119400,112335.0,"LOW conviction: 40, trend: 100, vol: 1.1x, daily: -0.4%",28,D,68765155328,27.85532,23.580826,0,0.0,12.982,13.563,52.948004000000005,19.402,5.4,-3.5999999999999996,-6.6000000000000005,0,0.844,0.093,0.0,0,1520323840,3234831872,-237.647,-17.297125,4.289,18.846,4158.826,4850.0,2900.0,1.60714,23,100,0,1.0815217391304348,20,40
2025-08-23,249,BBY,BUY,2,25,75.38999938964844,70.11269943237305,113.08499908447266,4.144218849695136,5.249200447304303,10.122699967648074,2.0521436418805803,2.7220369525064005,4185400,3061660.0,"LOW conviction: 40, trend: 80, vol: 1.4x, daily: 4.1%",35,D,15933451264,18.387806,11.02193,0,30.214000000000002,7.510000499999999,2.1300000999999997,22.607,3.7409999999999997,-0.8999999999999999,-15.9,-17.9,0,1.023,0.281,1.46906,0,1394499968,1976000000,13.076,5.7655244,0.45,7.194,77.75,94.0,63.0,2.44444,20,80,0,1.40446836640873,20,40
2025-08-23,249,NVR,BUY,2,25,8212.8095703125,7637.9129003906255,12319.21435546875,3.2551285677163033,-0.2694648413782641,3.9617224241591087,204.80723353794642,2.4937535904677435,17400,15980.0,"LOW conviction: 40, trend: 100, vol: 1.1x, daily: 3.3%",65,B,22692814848,17.361032,15.853314,0,38.102000000000004,20.43,14.183000000000002,24.601999,17.766000000000002,-0.8999999999999999,-10.100000000000001,-16.8,0,6.201,2.507,0.27805,0,1208608512,1238198016,1333.626,6.1582556,2.138,11.236,8183.3335,8800.0,7600.0,0.0,3,100,0,1.1051127342013338,20,40
2025-08-23,249,SJM,BUY,2,25,113.19999694824219,105.27599716186523,169.79999542236328,0.21246269981824994,2.20295663141159,4.7731862668945135,1.686824239351379,1.4901274600940462,2387300,1618420.0,"LOW conviction: 40, trend: 80, vol: 1.5x, daily: 0.2%",0,F,12076627968,0,10.750237,0,-17.868000000000002,5.4629996,-14.105,38.893001999999996,17.855999999999998,-2.8000000000000003,0.0,0.0,0,0.809,0.26,1.28427,0,600324992,1210400000,57.154,1.9806137,2.269,9.182,116.0,130.0,94.0,2.36842,17,80,0,1.5004085224058827,10,40
2025-08-23,249,MO,BUY,2,25,67.66999816894531,62.933098297119145,101.50499725341797,-0.014778570013840309,2.8106935319031523,13.217329179651172,0.9692848750523159,1.4323701807001585,9601600,8780465.0,"LOW conviction: 40, trend: 100, vol: 1.1x, daily: -0.0%",28,D,113678155776,13.088974,12.648598,0,0.0,23.014000000000003,43.373,71.731,62.571,0.2,-36.199999999999996,-37.5,0,0.388,0.225,0.0,0,7045499904,8876000256,-1.937,-34.935467,6.77,10.909,62.875,73.0,50.0,2.66667,12,100,0,1.1140265639457814,20,40
2025-08-23,249,NSC,BUY,2,25,284.6000061035156,264.67800567626955,426.90000915527344,0.08791981523958992,1.3749433651821796,2.0404650733771623,5.502147129603794,1.9332912900931336,4575300,2820695.0,"LOW conviction: 40, trend: 90, vol: 1.6x, daily: 0.1%",40,C,63851151360,19.22973,20.95729,0,24.129998999999998,6.751,27.509,49.729002,37.267,2.1999999999999997,4.9,4.2,0,0.793,0.662,1.21059,0,1454625024,4204000000,65.833,4.32306,6.612,13.296,298.1579,339.0,235.0,2.43478,19,90,0,1.6233419491953898,5,40
2025-08-23,249,GNRC,BUY,2,25,194.63999938964844,181.01519943237307,291.95999908447266,2.14641630668444,-2.0925571419766587,27.282240204195563,5.147858755929129,2.644810302133051,872700,1332075.0,"LOW conviction: 40, trend: 100, vol: 0.7x, daily: 2.1%",50,C,11420696576,32.38602,23.707674,0,14.154,6.687,7.907,39.949,10.5349995,6.3,28.9,25.2,0,2.003,0.778,0.57764,0,379191872,682080000,43.812,4.4426184,2.876,17.066,199.4375,250.0,138.0,1.95,16,100,0,0.6563504747579205,20,40
2025-08-23,249,CMI,BUY,2,25,402.29998779296875,374.13898864746096,603.4499816894531,2.5752104211067772,1.234661192150921,11.705471536664724,9.731069395350618,2.418858983500246,775200,939525.0,"LOW conviction: 40, trend: 100, vol: 0.8x, daily: 2.6%",65,B,55431307264,18.869606,17.86412,0,26.150000000000002,7.890999999999999,8.722000000000001,25.958002,13.016,-1.7000000000000002,22.2,22.6,0,1.642,0.867,0.67459,0,1225500032,2844000000,85.56,4.7019634,1.842,11.917,410.0588,480.0,350.0,2.52381,17,100,0,0.828506081268837,20,40
2025-08-23,249,ALK,BUY,2,25,59.5,55.335,89.25,8.339406379741042,3.7308217693118984,10.43058429932091,2.09285763331822,3.517407787089445,2761400,2285480.0,"LOW conviction: 40, trend: 90, vol: 1.2x, daily: 8.3%",25,D,6860944896,24.385246,11.018518,0,7.664,2.8250001,2.328,23.098,9.017,27.900000000000002,-17.0,-21.8,0,0.523,0.426,1.6166900000000002,0,738249984,1427000064,34.196,1.7399696,0.826,7.553,64.84615,80.0,56.0,1.5,13,90,0,1.1951680826844755,25,40
2025-08-23,249,LDOS,BUY,2,25,181.74000549316406,169.01820510864258,272.6100082397461,0.7204627766395522,2.313798624879304,10.877921684273861,3.978571210588728,2.18915543652186,608900,926590.0,"LOW conviction: 40, trend: 100, vol: 0.7x, daily: 0.7%",65,B,23316697088,17.145283,17.391388,0,30.422002,9.548,8.221,17.557000000000002,13.284999000000001,2.9000000000000004,27.0,21.4,0,1.622,1.305,1.21139,0,809000000,1442000000,36.338,5.001376,1.65,12.168,186.6923,205.0,164.0,2.06667,13,100,0,0.6537681050495506,20,40
2025-08-23,249,PARA,BUY,2,25,16.0,14.88,24.0,-0.18715337093216933,16.618073532041898,21.21212296358923,1.5695785113743372,9.809865696089608,14831185,31813825.15,"LOW conviction: 40, trend: 100, vol: 0.5x, daily: -0.2%",5,F,6994082816,368.0,7.8240714,0,0.093999994,3.042,-0.049,31.774,10.264,0.5,0.0,0.0,0,1.388,1.034,0.9062600000000001,0,14548875264,772000000,24.748,0.44609666,0.717,8.004,12.08824,20.0,8.5,3.45,17,100,0,0.4584515944639218,20,40
2025-08-23,249,OMC,BUY,2,25,79.68000030517578,74.10240028381348,119.52000045776367,2.8394383749666074,4.416200831345085,2.3112520740090403,1.650714329310826,2.0716796222246003,4736900,3394205.0,"LOW conviction: 40, trend: 70, vol: 1.5x, daily: 2.8%",35,D,15435849728,11.399142,9.222222,0,28.959000000000003,5.1909998,8.668,18.573999999999998,14.792,4.2,-20.599999999999998,-21.5,0,0.922,0.733,1.29382,0,1729062528,1916999936,23.161,3.4402661,1.273,7.935,96.33333,115.0,78.0,0.0,9,70,15,1.4517075622474513,10,40
2025-08-23,249,MTCH,BUY,2,25,37.29999923706055,34.68899929046631,55.94999885559082,1.386241665783583,-2.560082480374437,10.126957228648825,1.4346441541399275,3.8462310549178063,3896500,5160365.0,"LOW conviction: 40, trend: 100, vol: 0.8x, daily: 1.4%",28,D,8975200256,18.465345,15.040322,0,0.0,12.614,15.586,72.003,22.451,0.0,0.7000000000000001,-5.8999999999999995,0,0.697,0.618,0.0,0,811294272,956609984,-0.955,-39.05759,3.521,12.655,38.47368,49.0,31.0,2.36364,19,100,0,0.7561878738244301,20,40
2025-08-23,249,TKO,BUY,2,25,186.1699981689453,173.13809829711914,279.25499725341797,1.0475426716445968,-1.4191198559460494,11.007090045958323,6.581427437918527,3.5351708130469133,774200,1043510.0,"LOW conviction: 40, trend: 100, vol: 0.7x, daily: 1.0%",53,C,15291425792,76.29918,57.459877,0,6.670000399999999,2.619,7.111000000000001,74.814004,28.148,9.700000000000001,62.7,66.4,0,1.296,0.833,0.29527000000000003,0,441073504,790452992,52.155,3.5695524,8.063,25.446,202.11765,250.0,117.0,1.47368,17,100,0,0.7472143536190481,20,40
2025-08-23,249,NEM,BUY,2,25,70.7699966430664,65.81609687805177,106.15499496459961,0.9701816817019537,2.0770153959042803,15.223052349175358,1.6392865862165178,2.3163581517240677,6576100,8617070.0,"LOW conviction: 40, trend: 100, vol: 0.7x, daily: 1.0%",100,A,77737304064,12.820652,18.477806,0,20.285,9.0679996,30.495,55.694,45.458,20.8,150.1,141.6,0,2.227,1.561,0.23560999999999999,0,9163750400,8574000128,29.166,2.4264553,3.831,7.21,72.33,87.0,58.0,1.90476,19,100,0,0.6687146759081304,20,40
2025-08-23,249,VMC,BUY,2,25,292.3999938964844,271.93199432373046,438.59999084472656,1.429164400802474,0.267470952731963,8.834849004609492,5.2303848746105075,1.7887773542369403,529900,1043025.0,"LOW conviction: 40, trend: 100, vol: 0.5x, daily: 1.4%",35,D,38633058304,40.498615,32.202644,0,11.87,5.953,12.523000000000001,27.558002,22.278999,4.3999999999999995,4.3,4.2,0,1.672,1.063,0.65384,0,1071025024,1628300032,63.689,4.5910597,5.77,20.085,300.4762,340.0,190.0,1.61905,21,100,0,0.506831561479271,20,40
2025-08-23,249,SPG,BUY,2,25,176.55999755859375,164.2007977294922,264.8399963378906,1.804765620133475,1.8928894289031772,6.52829232944363,3.4807139805385043,1.9714057706550339,1313800,1491880.0,"LOW conviction: 40, trend: 100, vol: 0.9x, daily: 1.8%",50,C,66599669760,27.331268,26.041296,0,73.077005,5.766,35.057998,82.174003,49.664003,2.8000000000000003,12.5,12.7,0,0.375,0.375,8.385449999999999,0,2046775552,4020951040,7.384,23.91116,13.757,18.563,183.5,225.0,163.0,2.15,20,100,0,0.8788400755890764,20,40
2025-08-23,249,FRT,BUY,2,25,99.44999694824219,92.48849716186524,149.17499542236328,3.260304713161366,5.9669670380072315,3.9945621714296164,1.8607139587402344,1.8710045408132345,593900,976550.0,"LOW conviction: 40, trend: 70, vol: 0.6x, daily: 3.3%",50,C,8631791616,25.177214,32.39414,0,10.606,3.299,27.938000000000002,67.958,40.697,5.2,34.9,39.2,0,0.466,0.437,1.30637,0,390068128,593417024,35.812,2.777002,10.802,17.013,109.63889,137.0,100.0,2.0,18,70,15,0.6000929593403929,20,40
2025-08-23,249,LOW,BUY,2,25,263.7300109863281,245.26891021728517,395.5950164794922,3.160577853608504,4.629855407747341,15.362412091427258,6.1785703386579245,2.3427634631153995,3796400,3262865.0,"LOW conviction: 40, trend: 90, vol: 1.2x, daily: 3.2%",28,D,147952533504,21.65271,20.881235,0,0.0,14.345999,8.202,33.464,14.479000000000001,1.6,2.4,0.6,0,1.047,0.243,0.0,0,6882749952,9820000256,-20.321,-12.978201,2.174,14.501,276.9355,325.0,221.0,1.97143,31,90,0,1.195445442293401,25,40
2025-08-23,249,ADI,BUY,2,25,252.1999969482422,234.54599716186524,378.2999954223633,2.1259364506492906,8.880538631355893,10.57523453329936,6.541428702218192,2.5937465429710764,4989100,3771005.0,"LOW conviction: 40, trend: 80, vol: 1.4x, daily: 2.1%",70,B,124071051264,64.17303,33.448277,0,5.652,3.3869999999999996,18.847998999999998,60.150999999999996,28.551,24.6,31.6,32.2,0,2.324,1.686,0.25541,0,3380657152,4162209024,69.286,3.6399848,12.449,27.827,267.46875,310.0,155.0,1.74286,32,80,0,1.3645103149879798,20,40
2025-08-23,249,HUM,BUY,2,25,299.510009765625,278.54430908203125,449.2650146484375,1.71155245832475,4.581163604217542,26.31157891918967,7.935712541852679,2.6495650506180404,1615500,1882160.0,"LOW conviction: 40, trend: 90, vol: 0.9x, daily: 1.7%",28,D,36022669312,22.933384,17.78563,0,9.034,4.686,1.28,15.035000000000002,3.578,9.6,-19.8,-19.7,0,1.952,1.522,0.70626,0,-1002499968,2932000000,151.607,1.9755685,0.222,6.799,291.81818,353.0,250.0,2.44,22,90,0,0.8593656493117894,25,40
2025-08-23,249,AZO,BUY,2,25,4110.60986328125,3822.867172851563,6165.914794921875,-0.41379266290483274,2.588028017762034,9.000340135305752,61.95286342075893,1.5071453015807665,119400,112335.0,"LOW conviction: 40, trend: 100, vol: 1.1x, daily: -0.4%",28,D,68765155328,27.85532,23.580826,0,0.0,12.982,13.563,52.948004000000005,19.402,5.4,-3.5999999999999996,-6.6000000000000005,0,0.844,0.093,0.0,0,1520323840,3234831872,-237.647,-17.297125,4.289,18.846,4158.826,4850.0,2900.0,1.60714,23,100,0,1.0815217391304348,20,40
2025-08-23,249,NSC,BUY,2,25,284.6000061035156,264.67800567626955,426.90000915527344,0.08791981523958992,1.3749433651821796,2.0404650733771623,5.502147129603794,1.9332912900931336,4575300,2820695.0,"LOW conviction: 40, trend: 90, vol: 1.6x, daily: 0.1%",40,C,63851151360,19.22973,20.95729,0,24.129998999999998,6.751,27.509,49.729002,37.267,2.1999999999999997,4.9,4.2,0,0.793,0.662,1.21059,0,1454625024,4204000000,65.833,4.32306,6.612,13.296,298.1579,339.0,235.0,2.43478,19,90,0,1.6233419491953898,5,40
2025-08-23,249,IDXX,BUY,2,25,645.5499877929688,600.361488647461,968.3249816894531,1.9745676077775887,-0.8128017399388954,19.395945205627907,16.368573869977677,2.535601298040325,352300,793820.0,"LOW conviction: 40, trend: 100, vol: 0.4x, daily: 2.0%",63,B,51647037440,53.751038,53.97575,0,64.865,23.259,24.410999,61.53999999999999,33.623999999999995,10.6,48.8,44.6,0,1.113,0.677,0.84813,0,625739008,905809024,18.201,35.46783,13.057,37.851,695.0909,785.0,420.0,2.23077,11,100,0,0.4245703680493625,20,40
2025-08-23,249,GLW,BUY,2,25,65.7699966430664,61.16609687805176,98.65499496459961,1.3561369420483471,0.5042698492495168,17.867379108105986,1.237142835344587,1.8810139858430552,3435800,5909625.0,"LOW conviction: 40, trend: 100, vol: 0.6x, daily: 1.4%",45,C,56339828736,69.96808,28.47186,0,8.2770005,4.135000300000001,5.765,35.408001999999996,14.940000000000001,18.8,350.0,351.0,0,1.497,0.692,0.73616,0,1090875008,2180999936,13.74,4.7867537,4.489,20.024,68.25,80.0,47.0,1.84615,12,100,0,0.5751505756862535,20,40
2025-08-23,249,HCA,BUY,2,25,404.9700012207031,376.6221011352539,607.4550018310547,0.1756274273801539,2.3194099086862874,14.63470258296704,7.522138323102679,1.8574556881815096,1081200,1326615.0,"LOW conviction: 40, trend: 100, vol: 0.8x, daily: 0.2%",63,B,94760550400,17.0084,16.495724,0,13631.683,11.844000000000001,8.213,40.890998,15.946999,6.4,23.5,13.100000000000001,0,0.976,0.721,0.0,0,5593999872,11934999552,-18.607,-21.764389,1.97,9.879,396.2857,444.0,333.0,2.0,21,100,0,0.755370803786635,20,40
2025-08-23,249,TRV,BUY,2,25,276.2900085449219,256.9497079467774,414.4350128173828,0.4983249855498917,4.028770795048464,4.362778097982711,4.310001918247768,1.559955765663168,1457600,1212705.0,"LOW conviction: 40, trend: 90, vol: 1.2x, daily: 0.5%",75,B,62202273792,12.225222,13.001883,0,19.294000999999998,3.215,10.966,26.832,16.341998999999998,7.3999999999999995,185.20000000000002,182.6,0,0.321,0.189,0.27216999999999997,0,15664374784,9633000448,131.133,2.106945,1.358,8.564,290.7,320.0,233.0,2.43478,20,90,0,1.2151375324604952,15,40
2025-08-23,249,PRU,BUY,2,25,109.88999938964844,102.19769943237306,164.83499908447266,2.538024883060319,5.078600109722076,5.647131222542545,2.0777955076655945,1.8907958132733609,1957200,1813115.0,"LOW conviction: 40, trend: 70, vol: 1.1x, daily: 2.5%",10,F,38675017728,24.204845,7.4805994,0,5.795999999999999,0.17499999,2.7550000000000003,25.239,5.391,-7.8,-54.900000000000006,-55.50000000000001,0,0.883,0.772,1.49725,0,-10891374592,2083000064,86.895,1.2646297,0.908,22.421,115.71429,136.0,88.0,2.875,14,70,15,1.1048887885288472,20,40
2025-08-23,253,PTM.AX,BUY,2,25,0.8100000023841858,0.7533000022172929,1.2150000035762787,-1.8181801105005113,13.28671777549788,27.55905740931739,0.038392871618270874,4.739860679662196,1827711,1997867.55,"LOW conviction: 40, trend: 100, vol: 0.9x, daily: -1.8%",45,C,471555264,16.199999,11.571428,0,9.6549995,11.75,15.574999,49.603,39.472,-23.3,-55.300000000000004,-55.300000000000004,0,7.436,7.436,0.05789,0,71821000,50848000,0.358,2.2625697,1.911,5.397,0.582,0.7,0.53,2.6,5,100,0,0.942951348244123,20,40
2025-08-23,253,BHP.AX,BUY,2,25,42.0,39.06,63.0,-0.14265661277205188,0.09533106863710561,0.3584265982032653,0.6517857142857143,1.5518707482993197,13494593,7364005.4,"LOW conviction: 40, trend: 90, vol: 1.9x, daily: -0.1%",53,C,213162180608,15.217391,12.138728,0,21.992001,11.3900006,17.593999,82.212996,40.075,-8.200000000000001,-34.0,-34.0,0,1.46,1.062,0.48933,0,9843125248,18691999744,9.392,4.471891,4.513,9.613,42.957626,46.289097,36.166245,2.53333,15,90,0,1.9105120321008546,5,40
2025-08-23,253,ROC.AX,BUY,2,25,0.11999999731779099,0.11159999750554563,0.17999999597668648,-4.000002145767212,14.285715299398749,30.43477943973416,0.008964285254478455,7.470237879038207,192525,556681.35,"LOW conviction: 40, trend: 100, vol: 0.4x, daily: -4.0%",8,F,20557558,0,0,0,0.0,-263.06,0.0,-284.746,-202.441,-13.4,0.0,0.0,0,0.472,0.389,0.0,0,-1673330,-2884387,0.008,14.999999,20.656,-4.168,0.0,0.0,0.0,0.0,0,100,0,0.35027380122077767,20,40
2025-08-23,253,WAF.AX,BUY,2,25,2.7899999618530273,2.5946999645233157,4.184999942779541,3.333330095550213,0.7220209770479435,15.289250987368153,0.0960714306150164,3.4434204992321535,3362508,4201826.2,"LOW conviction: 40, trend: 100, vol: 0.8x, daily: 3.3%",86,A,3183473664,13.285714,10.333333,0,22.185,12.903999999999998,30.664,48.259,47.615,9.700000000000001,78.3,95.3,0,3.33,2.596,0.32421,0,-70938000,251640000,1.094,2.5502741,4.495,8.19,3.95,5.0,3.4,1.25,4,100,0,0.8053595502691362,20,40
2025-08-23,253,MMI.AX,BUY,2,25,0.07599999755620956,0.0706799977272749,0.11399999633431435,-1.298703937631862,5.555556705336562,13.432829347902953,0.003321427319731031,4.370299245436824,11594685,10695019.45,"LOW conviction: 40, trend: 100, vol: 1.1x, daily: -1.3%",35,D,463457120,0,3.8,0,-87.034,7.811999999999999,-7.159,12.309000000000001,20.621000000000002,30.3,312.0,364.1,0,0.558,0.381,2.71153,0,28927624,46638000,0.007,10.857142,1.758,15.556,0.135,0.17,0.1,1.0,2,100,0,1.0793224056053272,20,40
2025-08-23,253,CXO.AX,BUY,2,25,0.12999999523162842,0.12089999556541443,0.19499999284744263,0.0,8.333331781129004,13.04347206378942,0.009714283581290926,7.472526105852875,2774868,11247956.1,"LOW conviction: 40, trend: 100, vol: 0.2x, daily: 0.0%",25,D,278592608,0,-21.311476,0,-21.084,-10.502,-108.105,-32.757999999999996,711.276,0.0,0.0,0.0,0,1.866,1.572,0.01344,0,-37773500,-53194000,0.112,1.1607141,4.429,-4.377,0.1075,0.15,0.07,2.5,4,100,0,0.24385719763817243,20,40
2025-08-23,253,CSC.AX,BUY,2,25,10.40999984741211,9.681299858093261,15.614999771118164,2.3598797376373604,0.5797049635843932,11.935479934538984,0.2928570338657924,2.81322803226165,447575,670415.85,"LOW conviction: 40, trend: 100, vol: 0.7x, daily: 2.4%",28,D,7939165696,65.0625,14.961195,0,2.717,2.48,3.8900003,37.278998,16.479999,38.2,-22.900000000000002,-18.3,0,1.11,0.698,0.45767,0,54658000,611632000,4.037,2.5786474,4.964,20.34,11.91667,12.5,11.0,1.16667,6,100,0,0.6737081834677889,20,40
2025-08-23,253,PBH.AX,BUY,2,25,1.2549999952316284,1.1671499955654145,1.8824999928474426,-0.7905130890387913,-1.1811012535560939,4.583328780200935,0.01535712821143014,1.223675559344983,6451912,1220036.25,"LOW conviction: 40, trend: 80, vol: 7.2x, daily: -0.8%",8,F,422729184,0,25.1,0,-34.583999999999996,-9.084,-9.186,53.92400000000001,-14.133000000000001,5.7,0.0,0.0,0,0.629,0.531,0.48168,0,104617000,16540000,0.014,89.64285,1.529,-16.969,1.18333,1.25,1.1,3.0,3,80,0,7.177614392981861,0,40
2025-08-23,253,BRG.AX,BUY,2,25,35.130001068115234,32.67090099334717,52.69500160217285,-5.054051167256124,-2.902153754018455,13.542341505280264,1.0682149614606584,3.0407484457214946,609075,441186.25,"LOW conviction: 40, trend: 90, vol: 1.4x, daily: -5.1%",63,B,5056682496,37.774193,33.457146,0,14.913000000000002,9.189,8.008,36.573002,8.9779995,12.0,10.2,11.0,0,2.176,1.002,0.12166,0,43695376,171474000,6.765,5.192905,2.988,22.595,34.71249,41.19,21.0,2.35714,14,90,0,1.430454981327698,15,40
2025-08-23,253,RIC.AX,BUY,2,25,3.0399999618530273,2.8271999645233157,4.559999942779541,-3.7974721746286244,3.4013572342277643,7.042255412962395,0.07821428775787354,2.572838445372813,499373,407936.7,"LOW conviction: 40, trend: 90, vol: 1.3x, daily: -3.8%",50,C,1139553024,23.384617,17.882353,0,11.091,5.3460002,3.3259999999999996,9.304,3.74,3.0,17.8,14.799999999999999,0,1.35,0.937,0.06367,0,52944376,68258000,1.475,2.0610168,0.682,11.123,3.21,3.48,3.0,1.66667,3,90,0,1.273644288694712,15,40
2025-08-23,253,SUN.AX,BUY,2,25,21.81999969482422,20.292599716186526,32.72999954223633,1.2999014270934195,6.289022316305237,9.253045844116613,0.4984333998726263,2.284296090026328,3636969,2881857.45,"LOW conviction: 40, trend: 80, vol: 1.3x, daily: 1.3%",80,A,23630405632,16.044117,19.657658,0,13.137001000000001,1.986,12.189999,20.308,13.498001,15.299999999999999,17.2,17.599999999999998,0,6.77,3.633,0.23788,0,7347182080,2550000128,9.766,2.2342823,1.654,10.408,21.93645,25.0,16.0,2.53846,13,80,0,1.313414974488403,20,40
2025-08-23,253,FSA.AX,BUY,2,25,1.0800000429153442,1.0044000399112702,1.6200000643730164,0.0,10.546710201075449,18.778911947467016,0.03284712636678356,3.0414004686625997,15614,21247.25,"LOW conviction: 40, trend: 100, vol: 0.8x, daily: 0.0%",60,B,135049680,12.0,8.307693,0,11.134,1.208,20.197001,89.045995,18.868999,1.6,58.699999999999996,59.0,0,89.955,87.416,8.65816,0,0,21744688,0.698,1.5472779,19.443,0.0,0.0,0.0,0.0,0.0,0,100,0,0.7629033715990238,20,40
2025-08-23,253,ORI.AX,BUY,2,25,21.969999313354492,20.432099361419677,32.95499897003174,0.36546334370335387,0.4113352652648672,2.2811907893883987,0.29642854418073383,1.3492423916488214,1584622,971265.1,"LOW conviction: 40, trend: 90, vol: 1.7x, daily: 0.4%",5,F,10468726784,115.63158,21.125,0,2.78,5.154,1.2349999999999999,41.623002,10.773000000000001,7.7,0.0,0.0,0,1.3,0.717,0.6376700000000001,0,431475008,862000000,9.276,2.3684778,1.635,11.175,21.56162,23.0,18.0,0.0,14,90,0,1.7211923289501974,5,40
2025-08-23,253,SCG.AX,BUY,2,25,3.9700000286102295,3.6921000266075135,5.955000042915344,-0.9975111717826612,3.926704135832182,8.05924372098299,0.06294179300314706,1.5854355805932068,7639696,8040190.35,"LOW conviction: 40, trend: 100, vol: 0.9x, daily: -1.0%",48,C,20678379520,19.85,17.26087,0,5.8530003,3.031,39.808998,69.811994,65.22099999999999,8.0,2428.1,2432.9,0,0.374,0.215,0.92463,0,-231112496,1071200000,3.466,1.1454126,14.081,0.0,3.86485,4.34,3.18,0.0,11,100,0,0.9206268255218443,20,40
2025-08-23,253,MGR.AX,BUY,2,25,2.380000114440918,2.2134001064300537,3.570000171661377,-0.8333325054910801,3.930137733061967,5.7777828640408035,0.0510714054107666,2.145857267017977,15175803,12611108.2,"LOW conviction: 40, trend: 90, vol: 1.2x, daily: -0.8%",5,F,9391147008,119.00001,18.307693,0,0.73900004,2.012,2.547,30.187,20.887,-17.9,0.0,0.0,0,1.008,0.382,0.51397,0,662000000,550000000,2.295,1.037037,5.151,24.915,2.409,2.6,2.2,2.3,10,90,0,1.2402738204795658,15,40
2025-08-23,253,CIP.AX,BUY,2,25,3.4200000762939453,3.1806000709533695,5.130000114440918,0.8849548808677277,2.3952144964210387,8.917196243161118,0.0499999863760812,1.4619878731190927,1944751,1372814.35,"LOW conviction: 40, trend: 90, vol: 1.5x, daily: 0.9%",40,C,2171464192,16.285715,19.0,0,5.382,2.444,55.873,90.33200000000001,67.399,3.4000000000000004,96.1,95.89999999999999,0,0.216,0.101,0.5526599999999999,0,82209376,95876000,3.917,0.8731172,14.827,0.0,3.615,3.95,3.25,0.0,10,90,0,1.456812980255035,15,40
2025-08-23,253,CNI.AX,BUY,2,25,2.4100000858306885,2.2413000798225404,3.6150001287460327,0.8368192488977133,22.025319328485327,34.63687917265821,0.07250002452305385,3.0082996656020553,1349747,1873025.15,"LOW conviction: 40, trend: 100, vol: 0.7x, daily: 0.8%",25,D,2000521856,24.1,18.538464,0,5.42,4.611,-0.575,88.92099999999999,61.551,21.3,0.0,0.0,0,0.706,0.693,0.9548000000000001,0,100305128,116729000,0.93,2.591398,7.296,12.614,2.21556,2.51,1.85,2.55556,9,100,0,0.7320496921696407,20,40
2025-08-23,253,CLW.AX,BUY,2,25,4.570000171661377,4.250100159645081,6.855000257492065,0.0,2.237145104327598,11.192214676490364,0.0646428040095738,1.414503316880042,2042794,1436889.6,"LOW conviction: 40, trend: 90, vol: 1.5x, daily: 0.0%",43,C,3264301056,26.882353,19.041668,0,3.5669997,3.5000000000000004,34.097,83.492,81.345004,172.3,0.0,0.0,0,0.983,0.955,0.4844,0,432974016,172107008,4.594,0.9947759,13.733,0.0,4.31125,4.62,3.62,0.0,8,90,0,1.488129459192876,15,40
2025-08-23,253,SRV.AX,BUY,2,25,6.849999904632568,6.370499911308289,10.274999856948853,-0.14577592838489473,6.201552049549663,20.17544094471986,0.25535716329302105,3.727841851798074,23409,74879.3,"LOW conviction: 40, trend: 100, vol: 0.3x, daily: -0.1%",48,C,678889152,12.924529,11.610169,0,24.811000999999997,6.5799996,15.183,64.435995,21.972,14.799999999999999,-6.2,-4.2,0,0.856,0.831,1.55476,0,172226624,191835008,2.361,2.9013128,2.583,9.75,7.2,7.2,7.2,1.0,1,100,0,0.31012034402174776,20,40
2025-08-23,253,MQG.AX,BUY,2,25,223.77999877929688,208.1153988647461,335.6699981689453,0.12080187870644465,2.929945729216543,-0.6702448186050369,3.021783011300223,1.3503365036123975,1116090,572689.8,"LOW conviction: 40, trend: 70, vol: 2.0x, daily: 0.1%",38,D,86192447488,20.380693,19.012743,0,13.202,0.971,23.288,0.0,25.198999999999998,-8.200000000000001,-37.4,-38.6,0,0.0,0.0,0.0,0,0,-32081000448,88.734,2.5219195,8.989,0.0,205.13083,240.0,177.0,2.66667,12,70,0,2.0089144690836616,5,40
2025-08-23,253,PTM.AX,BUY,2,25,0.8100000023841858,0.7533000022172929,1.2150000035762787,-1.8181801105005113,13.28671777549788,27.55905740931739,0.038392871618270874,4.739860679662196,1827711,1997867.55,"LOW conviction: 40, trend: 100, vol: 0.9x, daily: -1.8%",45,C,471555264,16.199999,11.571428,0,9.6549995,11.75,15.574999,49.603,39.472,-23.3,-55.300000000000004,-55.300000000000004,0,7.436,7.436,0.05789,0,71821000,50848000,0.358,2.2625697,1.911,5.397,0.582,0.7,0.53,2.6,5,100,0,0.942951348244123,20,40
2025-08-23,253,ORI.AX,BUY,2,25,21.969999313354492,20.432099361419677,32.95499897003174,0.36546334370335387,0.4113352652648672,2.2811907893883987,0.29642854418073383,1.3492423916488214,1584622,971265.1,"LOW conviction: 40, trend: 90, vol: 1.7x, daily: 0.4%",5,F,10468726784,115.63158,21.125,0,2.78,5.154,1.2349999999999999,41.623002,10.773000000000001,7.7,0.0,0.0,0,1.3,0.717,0.6376700000000001,0,431475008,862000000,9.276,2.3684778,1.635,11.175,21.56162,23.0,18.0,0.0,14,90,0,1.7211923289501974,5,40
2025-08-23,253,CNI.AX,BUY,2,25,2.4100000858306885,2.2413000798225404,3.6150001287460327,0.8368192488977133,22.025319328485327,34.63687917265821,0.07250002452305385,3.0082996656020553,1349747,1873025.15,"LOW conviction: 40, trend: 100, vol: 0.7x, daily: 0.8%",25,D,2000521856,24.1,18.538464,0,5.42,4.611,-0.575,88.92099999999999,61.551,21.3,0.0,0.0,0,0.706,0.693,0.9548000000000001,0,100305128,116729000,0.93,2.591398,7.296,12.614,2.21556,2.51,1.85,2.55556,9,100,0,0.7320496921696407,20,40
2025-08-23,253,PBH.AX,BUY,2,25,1.2549999952316284,1.1671499955654145,1.8824999928474426,-0.7905130890387913,-1.1811012535560939,4.583328780200935,0.01535712821143014,1.223675559344983,6451912,1220036.25,"LOW conviction: 40, trend: 80, vol: 7.2x, daily: -0.8%",8,F,422729184,0,25.1,0,-34.583999999999996,-9.084,-9.186,53.92400000000001,-14.133000000000001,5.7,0.0,0.0,0,0.629,0.531,0.48168,0,104617000,16540000,0.014,89.64285,1.529,-16.969,1.18333,1.25,1.1,3.0,3,80,0,7.177614392981861,0,40
2025-08-23,253,CXO.AX,BUY,2,25,0.12999999523162842,0.12089999556541443,0.19499999284744263,0.0,8.333331781129004,13.04347206378942,0.009714283581290926,7.472526105852875,2774868,11247956.1,"LOW conviction: 40, trend: 100, vol: 0.2x, daily: 0.0%",25,D,278592608,0,-21.311476,0,-21.084,-10.502,-108.105,-32.757999999999996,711.276,0.0,0.0,0.0,0,1.866,1.572,0.01344,0,-37773500,-53194000,0.112,1.1607141,4.429,-4.377,0.1075,0.15,0.07,2.5,4,100,0,0.24385719763817243,20,40
2025-08-23,253,WAF.AX,BUY,2,25,2.7899999618530273,2.5946999645233157,4.184999942779541,3.333330095550213,0.7220209770479435,15.289250987368153,0.0960714306150164,3.4434204992321535,3362508,4201826.2,"LOW conviction: 40, trend: 100, vol: 0.8x, daily: 3.3%",86,A,3183473664,13.285714,10.333333,0,22.185,12.903999999999998,30.664,48.259,47.615,9.700000000000001,78.3,95.3,0,3.33,2.596,0.32421,0,-70938000,251640000,1.094,2.5502741,4.495,8.19,3.95,5.0,3.4,1.25,4,100,0,0.8053595502691362,20,40
2025-08-23,253,ROC.AX,BUY,2,25,0.11999999731779099,0.11159999750554563,0.17999999597668648,-4.000002145767212,14.285715299398749,30.43477943973416,0.008964285254478455,7.470237879038207,192525,556681.35,"LOW conviction: 40, trend: 100, vol: 0.4x, daily: -4.0%",8,F,20557558,0,0,0,0.0,-263.06,0.0,-284.746,-202.441,-13.4,0.0,0.0,0,0.472,0.389,0.0,0,-1673330,-2884387,0.008,14.999999,20.656,-4.168,0.0,0.0,0.0,0.0,0,100,0,0.35027380122077767,20,40
